id,titulo,autores,generos,serie,sinopsis,url_libro,categoria_origen,fecha_extraccion
1,Persiguiendo a Bécquer,['Miguel Lago'],"['Aventuras', 'Humor', 'Novela', 'Policíaco']",Bécquer,"Antoñito, el nieto de don Manuel, creció con su abuelo sin padre que lo ayudara a anudarse la corbata y sin madre que lo quisiera en una humilde aldea gallega; aun así, consiguió ser una de las estrellas más fulgurantes del mundo del espectáculo. Bajo el nombre de Bécquer está de vuelta en España y se presenta ni más ni menos que en el teatro más importante del país. La noche promete: un cómico en el Teatro Real. El escenario, como siempre, no tiene más adorno que esa alfombra persa que a Bécquer le sirve de marca para moverse y el enorme luminoso con su nombre allá en lo alto, sobre su cabeza. ¿Qué pasaría si ese luminoso cayese en un momento determinado y provocara un incendio y una dolorosa muerte? Elena Izaguirre, inspectora de la Policía Nacional, se ocupará de una investigación, ya de por si complicada, donde le entrarán ganas, en más de una ocasión, de estrangular a Bécquer. ¿Es razonable que alguien persiga la muerte de un cómico?, ¿incluso si se trata de Bécquer? Porque es cierto que al margen de su arte es un personaje insufrible: ególatra, desapegado y con un toque machista. La primera novela de Miguel Lago es un policíaco clásico que despliega el humor particular de su autor, una intriga bien tramada, mucha acción, un amor inesperado… y una sorprendente ternura . --------------------------------- Reseñas: «Una novela con una intriga perfecta, emocionante y divertida. Miguel nunca deja de sorprenderme» Sonsoles Ónega. «Miguel Lago debuta en la novela con Persiguiendo a Bécquer , un thriller fresquísimo donde una misteriosa mano negra no para de intentar atentar contra un exitoso comediante internacional» Lorena G. Maldonado, El Español.",https://ww3.lectulandia.co/book/persiguiendo-a-becquer/,Aventuras,2026-09-10T17:09:03
2,La canción de Hands,['Teo Palacios'],"['Aventuras', 'Histórico', 'Intriga', 'Novela']",,"Armando Villalobos, un restaurador de muebles acosado por las deudas de juego, se topa por azar con documentos cifrados del legendario tesoro de Barbanegra. En su lucha por cambiar su suerte, se une a Diego Mendoza, el renombrado explorador. Corre el año 1912, cuando juntos se lanzan a una emocionante aventura desde las sombrías calles de Madrid hasta las enigmáticas aguas de las Bahamas, a través incluso de los pantanos de Florida y las costas de las Outer Banks. Pista a pista, enigma tras enigma, el peligro se cierne, cada vez más cerca, y la amenaza sobre sus vidas aumenta día a día. Paralelamente, en 1715, Barbanegra, el pirata más temido del Caribe, lucha contra su destino. Ha dejado atrás su antiguo nombre, Edward Teach, pero bajo su imponente figura, las pistolas que siempre lo acompañan y la barba negra que lo convierte en una sombra demoníaca, aún late el hombre e fue. Y ahora, ante el temor por el futuro, se ve obligado a actuar... En un rápido ameno relato entre dos épocas, en un viaje a través de los siglos, La canción de Hands sumerge al lector de inmediato en un viaje vibrante en el que misterio, aventura e historia navegan de la mano. Porque esta nueva novela de Teo Palacios, ganadora del Premio Nostromo, nos habla, en definitiva, del legado que dejamos y cómo, a veces, la historia más oscura puede iluminar los rincones más inesperados de la humanidad. Y, gracias a su narración ágil y su estilo preciso, como en la más pura aventura clásica, nos condice hasta los confines del mundo para descubrir un final sorprendente...",https://ww3.lectulandia.co/book/la-cancion-de-hands/,Aventuras,2026-09-10T17:09:05
3,Batallón disciplinario,['Karl von Vereiter'],"['Aventuras', 'Bélico', 'Novela']",,"De todas las unidades especiales que la Wehrmacht poseyó en el transcurso de la Segunda Guerra Mundial, ninguna fue tan tremendamente inhumana como los llamados batallones disciplinarios. Si pensamos que el Ejército alemán era, sin duda, la fuerza más rígida del mundo y que la disciplina era en él como el aire que respiraban sus soldados… ¿Cuál podía ser la exacta significación de esta rigidez en el seno de los batallones disciplinarios? Increíble, pero cierto y auténtico. Todos los datos de esta obra tremenda han sido sacados de los archivos de una de esas unidades especiales, a lo que ha venido a agregarse la suma de datos obtenidos, después de la guerra, en las conversaciones sostenidas con los escasos supervivientes de aquella salvaje unidad. Para el Mando germano, el castigo para un soldado debía alcanzar límites desconocidos en otros países. Por eso se dio libertad absoluta a los jefes de los Strafbatallionen que, generalmente, eran hombres poco corrientes, primitivos, sin conciencia, y a veces sádicos que no merecían vestir el uniforme.",https://ww3.lectulandia.co/book/batallon-disciplinario/,Aventuras,2026-09-10T17:09:08
4,King,['Cristina Prada'],"['Aventuras', 'Erótico', 'Novela', 'Romántico']",,"El mundo del crimen y la mafia de Nueva York tienen un rey…, y su nombre es Christian Hale . Christian Bajo los brillantes rascacielos de Nueva York se esconde un mundo de poder y secretos donde solo los más violentos sobreviven. Capos de la mafia, políticos, los dueños de las corporaciones más importantes vienen aquí, juegan aquí, pierden aquí. Esta Nueva York es real, clandestina, cruel. Y yo soy Christian Hale, su despiadado rey. Daisy Hace cuatro años estuvimos casados. Ya me demostró cuánto podía odiarme. Ya mató todo lo que sentía por él. Ahora quiere que vuelva a su lado, pero eso no pasará jamás. He cambiado. He aprendido. Y esta vez no me pienso callar. Christian Hale, vete al infierno. Una novela intensa y adictiva en la que el poder, el deseo y la redención se entrelazan en una historia de amor inolvidable.",https://ww3.lectulandia.co/book/king/,Aventuras,2026-09-10T17:09:10
5,El guardián de los dioses,['Jesús Valero'],"['Aventuras', 'Histórico', 'Intriga', 'Novela']",,"El final de la orden del temple es solo el principio . Una aventura trepidante . Un misterio nunca antes revelado . 2024, Italia. Cuando un terremoto sacude la pequeña ciudad de Orvieto, una enorme grieta se abre en el centro de la plaza principal. Nadie imagina que bajo sus empedradas calles se encuentra oculto un misterioso tesoro: cientos de estatuas de dioses antiguos y, junto a ellas, una lista de maestres templarios. Luken Arregi, arqueólogo y experto en la Orden del Temple, viaja a la localidad italiana para colaborar con Arianna Carlucci, responsable del yacimiento. Al llegar no puede creer lo que ven sus ojos. ¿Por qué la Orden escondería esas estatuas? ¿Qué significa la lista? Para responder a estas preguntas, Luken y Arianna deberán embarcarse en una búsqueda a contrarreloj siguiendo los pasos del enigmático caballero templario Pierre d'Aumont, que parece encontrarse en el centro del misterio. Pero pronto descubrirán que no están solos: unas fuerzas oscuras intentan hacerse con el misterio mientras otras, quizá aún más peligrosas, luchan por evitar que el secreto sea desvelado a la humanidad. Una trepidante novela firmada por el autor de La luz invisible que nos lleva desde el siglo XIII hasta nuestros días. Un viaje desde Tierra Santa hasta ciudades como Roma y París para enseñarnos que la verdad es la más poderosa de las armas. ¿Creías conocer todos los misterios de la cristiandad?",https://ww3.lectulandia.co/book/el-guardian-de-los-dioses/,Aventuras,2026-09-10T17:09:12
6,Entre dos fuegos,['Christopher Buehlman'],"['Aventuras', 'Novela', 'Terror']",,"Año 1348. Thomas un caballero caído en desgracia, encuentra a una niña sola en un pueblo normando arrasado. Huérfana de la peste negra, Delphine le cuenta a Thomas que la peste es solo parte de un cataclismo mayor: los ángeles caídos, con Lucifer al frente, se están levantando en una segunda guerra contra el cielo y el mundo de los hombres está atrapado en el conflicto. ¿Es delirio o es fe? La niña cree que ve a los ángeles de Dios y que los muertos le hablan en sueños. Así, convence a Thomas para que la escolte a través de un paisaje desolado hasta Aviñón, donde Delphine intentará enfrentarse al mal que ha devastado la tierra y devolver a Thomas la esperanza de salvación. Mientras el infierno desata su ira y se revela la verdadera naturaleza de la muchacha, Thomas transitará por un macabro campo de batalla de ángeles y demonios, santos y muertos resucitados, en medio de una lucha desesperada por el alma del ser humano.",https://ww3.lectulandia.co/book/entre-dos-fuegos/,Aventuras,2026-09-10T17:09:14
7,El conde de Montecristo (tomo I) (Ed. B. Oro),['Alexandre Dumas'],"['Aventuras', 'Novela']",,"Joven aún y colmado de nobles esperanzas, Edmundo Dantès ve súbitamente truncado su venturoso destino por la envidia y la perfidia de quienes conspiran en la sombra. Acusado de un crimen que no ha cometido, es arrojado a una prisión terrible, donde los años se deslizan entre la desesperación y el silencio. Mas en el seno de aquella tumba viviente germina un designio formidable: el de la paciencia, la inteligencia y la implacable justicia. Así se inicia esta apasionante novela de aventuras, misterio y altos destinos, en la que Alejandro Dumas despliega, con mano maestra, una historia de traición, sufrimiento y esperanza que cautiva desde sus primeras páginas.",https://ww3.lectulandia.co/book/el-conde-de-montecristo-tomo-i-ed-b-oro/,Aventuras,2026-09-10T17:09:16
8,Mía será la venganza,['Baroness Emmuska Orczy'],"['Aventuras', 'Histórico', 'Novela']",,"Ambientada en los momentos más sangrientos de la Revolución Francesa, narra la historia de Juliette de Marny, una joven noble obligada por juramento a vengar la muerte de su hermano a manos de un ciudadano republicano llamado Paul Déroulède. El conflicto estalla cuando, tras infiltrarse en su vida para destruirlo, termina enamorándose de él. Sir Percy Blakeney (la Pimpinela Escarlata) interviene en la trama para desenredar el peligroso escenario.",https://ww3.lectulandia.co/book/mia-sera-la-venganza/,Aventuras,2026-09-10T17:09:17
9,Flor de Lis,['Baroness Emmuska Orczy'],"['Aventuras', 'Histórico', 'Novela', 'Romántico']",,"La trama sigue las andanzas de Messire Gilles de Crohin (Señor de Froidmont), un caballero valiente, leal y de nobles ideales que se encuentra al servicio de Francisco de Valois (el Duque de Alençon y de Anjou), hermano del rey Enrique III de France. Gilles queda atrapado en mitad de los turbulentos conflictos militares y las conspiraciones políticas del asedio a la ciudad fortificada de Cambrai. En medio del peligro de las batallas, Gilles conoce y se enamora perdidamente de Jacqueline de Broyart, la hermosa hija del gobernador de Cambrai. Sin embargo, su romance se convertirá en un amor prohibido debido a las estrictas expectativas de la sociedad de la época, los secretos de Estado y las sospechas de traición que dividen a ambos bandos.",https://ww3.lectulandia.co/book/flor-de-lis/,Aventuras,2026-09-10T17:09:19
10,Los tres mosqueteros (Ed. B. Oro),['Alexandre Dumas'],"['Aventuras', 'Novela']",,"Un joven gascón, d’Artagnan, llega a París decidido a abrirse camino con la espada y el honor. Pronto se une a Athos, Porthos y Aramis, tres mosqueteros del rey cuya lealtad y valentía son proverbiales. Unidos por una amistad indestructible, los cuatro se verán envueltos en duelos, intrigas palaciegas y peligrosas aventuras en una Francia dominada por la astucia del cardenal Richelieu. Con gallardía y coraje, los héroes afrontan conspiraciones, traiciones y pasiones ocultas, en una lucha constante por la justicia y el honor. Los tres mosqueteros es una novela de acción briosa y romanticismo caballeresco, donde la camaradería y el valor se imponen sobre la perfidia y el engaño.",https://ww3.lectulandia.co/book/los-tres-mosqueteros-ed-b-oro/,Aventuras,2026-09-10T17:09:22
11,Bécquer en París,['Miguel Lago'],"['Aventuras', 'Humor', 'Novela', 'Policíaco']",,"¿Hasta dónde puede llegar la investigación de un crimen? Él solo quería hacer reír. Ella solo quería justicia. Lo que no sabían es que juntos podían incendiar el país . Bécquer es la estrella más famosa de la televisión. Elena Izaguirre, inspectora de policía e hija de un agente asesinado hace veinte años, lleva toda su vida buscando respuestas que nadie quiere darle. Cuando una tragedia irrumpe en la vida de Bécquer, sus caminos se cruzan. Lo que comienza como una alianza improbable entre una estrella mediática y una policía curtida acaba destapando la verdad detrás del crimen que cambió a Elena para siempre. Entre ataques encubiertos, traiciones internas, viajes internacionales y un romance tan inevitable como peligroso, Bécquer y Elena se enfrentan al mayor poder del país: una red de corrupción que opera en las sombras… y cuyo brazo llega hasta la mismísima embajada española en París. Ahora, con su propia vida en juego, solo una cosa está clara: el humor puede ser un arma… pero la verdad es una bomba. Un thriller frenético, emocional y adictivo, donde la estrella más famosa del país y una inspectora marcada por la tragedia unen fuerzas para desmantelar una red de corrupción que llega hasta el corazón del Estado.",https://ww3.lectulandia.co/book/becquer-en-paris/,Aventuras,2026-09-10T17:09:23
12,Morning Star,['Xosé Miranda'],"['Aventuras', 'Histórico', 'Novela']",,"Esta é unha novela de odios e amores, de sangue, crimes, tiros, coitelos, persecucións, paixóns e esperanzas, gavelas de bandoleiros do século XIX, da busca dun tesouro e de dous rapaces procurando a liberdade, dun cego que toca a gaita e o violín e fala en verso, dun can branco burgalés, dun portugués con tres pegas amestradas e un ollo coma un ovo cocido, que ten o seu tobo na Pena de Anamán, do patibulario e toco Lázaro Rivadulla, da sublevación progresista nas rúas de Pontevedra de 1846, dun pozo cun esqueleto, da aprendizaxe da vida, dunha saudade coma un furaco no que cantan os grilos e dunha afastada estrela que brilla cada día soamente para quen sabe ollala.",https://ww3.lectulandia.co/book/morning-star/,Aventuras,2026-09-10T17:09:24
13,El Holandés Errante,"['Bárbara Montes', 'Juan Gómez-Jurado']","['Aventuras', 'Infantil', 'Intriga', 'Juvenil', 'Novela']",Amanda Black,"Cuando dije «¡Nos vamos de vacaciones!» después de que el amigo de la tía Paula, lord Thomsing, nos invitara a explorar un barco hundido en el Caribe, solo pensaba en lo bien que lo pasaríamos. ¡Por fin algo fácil! ¡Qué emoción! Se suponía que íbamos a descansar y disfrutar de los escondites en el barco hundido… pero algo extraño sucede… el mar cambia en un abrir y cerrar de ojos, parece que no somos los únicos que buscan el tesoro perdido y… ¿Eso son fantasmas? ¡Vaya lío en el que nos hemos metido! Creo que ya no estamos de vacaciones… esto ahora es una misión Black.",https://ww3.lectulandia.co/book/el-holandes-errante/,Aventuras,2026-09-10T17:09:27
14,La historia interminable (Ed. ilustrada),['Michael Ende'],"['Aventuras', 'Fantástico', 'Infantil', 'Novela']",,"La Emperatriz Infantil está mortalmente enferma y su reino, Fantasia, corre un grave peligro. La salvación depende de Atreyu, un valiente guerrero de la tribu de los pieles verdes, y Bastian, un niño tímido que lee con pasión un libro mágico. Solo un ser humano puede salvar este lugar encantado. Juntos emprenderán un fascinante viaje, que no tiene vuelta atrás, a través de tierras de dragones, gigantes, monstruos y magia. A medida que se adentran en Fantasia, Bastian descubrirá también su propia historia. «Me gustaría saber qué pasa realmente en un libro cuando está cerrado. Naturalmente, dentro solo hay letras impresas en el papel, sin embargo, algo debe pasar, porque cuando lo abro aparece de pronto una historia entera», Ayesha L. Rubio.",https://ww3.lectulandia.co/book/la-historia-interminable-ed-ilustrada/,Aventuras,2026-09-10T17:09:29
15,Luna Comanche,['Larry McMurtry'],"['Aventuras', 'Novela']",Frontera,"Luna Comanche recibió en 1998 el más prestigioso de los premios que se entregan en el ámbito de la literatura western, el Spur Award, y la CBS realizó una miniserie de TV en 2008. Luna Comanche es la cuarta y última entrega en orden de publicación de la saga de Lonesome Dove , iniciada en 1985 por Larry McMurtry, que recoge la azarosa vida y aventuras de dos rangers de Texas, Woodrow Call y Augustus «Gus» McCrae, en los primeros años del Estado de la Estrella Solitaria. Aunque, si nos atenemos a la cronología de la narración, la presente novela se situaría temporalmente entre La Jornada del Muerto y Lonesome Dove , ambas ya publicadas en la colección Frontera. Luna Comanche puede leerse como una novela independiente y en ella seremos testigos de las nuevas andanzas de Gus y Call, que ya no son dos rangers novatos como en La Jornada del Muerto ; ambos se han convertido en curtidos rangers que prestan servicio en los más complicados años del enfrentamiento con las tribus indias. El título hace referencia a la luna llena de otoño, cuando los caballos de los guerreros comanches y sus aliados kiowas han disfrutado de un periodo de buenos pastos y están en plenitud de fuerza. Entonces, la claridad de la luna se convierte en una valiosa aliada de las temidas razias nocturnas que emprenden bandas de jinetes indios por el territorio de Texas y el norte de México en busca de gloria, sangre y botín. Días que para la población blanca de aquellas tierras se convierten en jornadas de terror, alarma y un estado de alerta permanente. Los comanches, liderados en aquellos años por el gran jefe Joroba de Búfalo, fueron conocidos con el apelativo de «los señores de las praderas» y llegaron a forjar un imperio de jinetes nómadas y fronteras difusas que se impuso y sometió a tributo a otros pueblos indígenas. Pero aquellos días de gloria ya están tocando a su fin…",https://ww3.lectulandia.co/book/luna-comanche-larry-mcmurtry/,Aventuras,2026-09-10T17:09:31
16,Historia de Sainville y Léonore,['Marqués de Sade'],"['Aventuras', 'Novela']",,"«Historia de Sainville y de Léonore» es un relato independiente dentro de «Aline y Valcour», la célebre novela epistolar y filosófica que el Marqués de Sade escribió en La Bastilla. Narra las desventuras de dos jóvenes amantes que son separados y recorren el mundo enfrentándose a la crueldad, la virtud y la utopía.",https://ww3.lectulandia.co/book/historia-de-sainville-y-leonore/,Aventuras,2026-09-10T17:09:33
17,La Eneida (versión en prosa),['Publio Virgilio Marón'],"['Aventuras', 'Novela']",,"Recreación literaria de la poesía épica que venía desde Homero, VIRGILIO (70-19 a. d. C.) compone la ENEIDA después de los enfrentamientos civiles que concluyen con la muerte de Antonio y con el triunfo de Octavio, decidido a comenzar toda una obra de reconstrucción nacional que debía contar con una campaña adecuada de propaganda. Virgilio suscribía gustosamente las esperanzas suscitadas por el nuevo régimen y con ese espíritu se entregó en los diez últimos años de su vida a la redacción de un poema épico en honor de Roma, eligiendo la leyenda de Eneas, el héroe troyano que sobrevivió a la ruina de Troya, marchó a Italia y llegó a ser el progenitor de la «gens Julia», a la que pertenecía Octavio. Dentro del marco de esa leyenda popular, Virgilio recolectó relatos gratos al patriotismo local y regional. En la Eneida se superponen diferentes planos: el relato de las aventuras de Eneas, la identificación con el arquetipo de Augusto, pero, ante todo, la profundización de los problemas últimos de la vida y la muerte, logrando una de las obras fundamentales de la cultura occidental.",https://ww3.lectulandia.co/book/la-eneida-version-en-prosa/,Aventuras,2026-09-10T17:09:35
18,Ombria oculta,['Patricia A. McKillip'],"['Aventuras', 'Fantástico', 'Novela']",,"Ombria es una ciudad construida a base de secretos, si recorres sus pasadizos mágicos y portales olvidados encontrarás una ciudad enterrada bajo ella, muy similar a la de la superficie, pero más oscura y repleta de fantasmas. Al morir el príncipe de Ombria, su tía abuela Domina Perla usurpa el poder utilizando como un mero títere al hijo de este, el pequeño Kyel, y expulsa del palacio a la joven amante del príncipe, Lydea, para que muera. Lydea recurrirá entonces a la ayuda de una poderosa hechicera que vive en la Ombria oculta para proteger la ciudad de la ambición sin límites de Domina Perla.",https://ww3.lectulandia.co/book/ombria-oculta/,Aventuras,2026-09-10T17:09:37
19,La brújula dorada,['Philip Pullman'],"['Aventuras', 'Fantástico', 'Infantil', 'Juvenil', 'Novela']",La materia oscura,"Lyra sólo tiene once años, pero ya está marcada por el destino. Los niños de Oxford están desapareciendo, y se rumorea que lo mismo sucede en otros lugares. Armada con su aletiómetro, un objeto único en el mundo que le permite adivinar aquello que nadie sabe, Lyra parte hacia el Polo Norte con un propósito: salvar a los niños y descubrir qué se oculta tras sus desapariciones. Pero descubrirá que el mundo en el que vive es más complejo de lo que ella creía, y para cumplir con su destino deberá reunir todo su valor. Gracias a sus amigos, Lyra podrá enfrentarse a los peligros que la acechan…",https://ww3.lectulandia.co/book/la-brujula-dorada/,Aventuras,2026-09-10T17:09:40
20,La comunidad secreta,['Philip Pullman'],"['Aventuras', 'Fantástico', 'Infantil', 'Juvenil', 'Novela']",El libro de la oscuridad,"Han pasado veinte años desde los sucesos acaecidos en La bella salvaje . En el primer volumen de «El libro de la oscuridad», se narraba el trascendental viaje que emprendía Lyra Belacqua siendo un bebé. Ahora, en La comunidad secreta , nos encontramos con Lyra Lenguadeplata, y ya no es una niña… En el segundo volumen de «El libro de la oscuridad», vemos a Lyra, con veinte años, y a su daimonion Pantalaimon, obligados a seguir un rumbo en su relación que jamás habrían imaginado, atraídos hacia la compleja y peligrosa vorágine de un mundo cuya existencia ignoraban. Malcolm, por su parte, también emprende su propio viaje. El niño de antaño, que asumió la misión de salvar a un bebé con su barca, es ahora un hombre dotado de un fuerte sentido del deber y del deseo de obrar correctamente. En ese mundo suyo, a la vez familiar y extraordinario, deberán viajar lejos de los límites de Oxford, para cruzar Europa y adentrarse en Asia, en busca de elementos perdidos: una ciudad habitada por daimonions, un secreto guardado en el corazón de un desierto y el escurridizo misterio del Polvo.",https://ww3.lectulandia.co/book/la-comunidad-secreta/,Aventuras,2026-09-10T17:09:42
21,Sherlock Holmes en el Lejano Oeste,['Mark Twain'],"['Aventuras', 'Humor', 'Intriga', 'Policíaco', 'Relato']",,"Imagina combinar el suspenso de un clásico detective inglés con la aventura y el caos del Viejo Oeste americano. Eso es exactamente lo que propone Mark Twain en «Sherlock Holmes en el Lejano Oeste»: Una historia de dos caras. El libro es una mezcla de misterio, humor y crítica social, elementos que hicieron de Twain uno de los escritores más importantes de la literatura estadounidense. La historia gira en torno a un asesinato en un típico pueblo del Oeste, y el detective Sherlock Holmes es llamado para investigar el caso. Pero, fiel al estilo de Twain, no esperes sólo una investigación seria. El autor juega con los clichés del género policial, creando situaciones absurdas e inesperadas que provocan risas y, al mismo tiempo, hacen reflexionar al lector sobre la justicia, la moral y las costumbres de la época. Si te gustan el misterio, la aventura y el humor inteligente, «Sherlock Holmes en el Lejano Oeste» es una lectura que no sólo entretiene, sino que también sorprende por su originalidad. Es una obra que demuestra el talento de Twain para reinventar los géneros literarios, ofreciendo una experiencia diferente a la de las historias tradicionales de detectives o del oeste. ¡No pierdas la oportunidad de descubrir cómo Twain reinventó al detective más famoso del mundo en una aventura totalmente fuera de lo esperado!",https://ww3.lectulandia.co/book/sherlock-holmes-en-el-lejano-oeste/,Aventuras,2026-09-10T17:09:45
22,La montaña muerta,"['Douglas Preston', 'Lincoln Child']","['Aventuras', 'Intriga', 'Novela']",Nora Kelly,"En 2008, un grupo de nueve montañeros, estudiantes de ingeniería, no regresó de una travesía por las montañas Manzano, en Nuevo México. El equipo de rescate localizó el último campamento y no encontró explicación a lo que allí vieron. Algo verdaderamente aterrador debió sorprenderles mientras descansaban en la tienda, que los impulsó a abrirse paso a cuchilladas y huir descalzos y sin prendas de abrigo hacia una muerte segura en medio de una ventisca. De los nueve montañeros solo se recuperaron los cuerpos de seis. El caso, al que el FBI dio el nombre en clave de «Montaña Muerta», nunca se resolvió. Quince años más tarde se descubren en una cueva otros dos cuerpos de la expedición perdida, uno de ellos víctima de un espantoso suicidio. La joven agente del FBI Corrie Swanson se une a la arqueóloga Nora Kelly para investigar lo que realmente sucedió en ese fatídico viaje y encontrar a la novena víctima. Un caso inspirado en una historia real apasionante, el Incidente del paso Dyatlov.",https://ww3.lectulandia.co/book/la-montana-muerta/,Aventuras,2026-09-10T17:09:47
23,Ella,['Fernando Gamboa González'],"['Aventuras', 'Novela', 'Policíaco']",Nuria Badal,"La agente de policía Nuria Badal vuelve, y esta vez el peligro que la espera tiene nombre propio. En Cadaqués, un pequeño pueblo de pescadores de la Costa Brava azotado por la tramontana, siete personas desaparecen en un instante de forma inexplicable, como si se hubieran evaporado en el aire. No hay móvil, ni testigos, ni pistas, ni sospechosos. Solo una desaparición imposible… pero que de alguna forma ha sucedido. Enviada a investigar de forma precipitada, Nuria pronto descubre que esas desapariciones no son las primeras ni mucho menos, y que la línea que separa la realidad de las leyendas locales es mucho más difusa de lo que nunca habría podido imaginar. Unas leyendas que, de algún modo, parecen estar directamente relacionadas con ella. Mientras la tensión crece y un cerco invisible parece cerrarse sobre Nuria, esta se enfrentará a fuerzas que no entiende, enemigos que no ve venir y dudas que amenazan con romperla por dentro. Porque en este caso nada es lo que ni los hechos, ni las personas, ni siquiera ella misma. Y cuando el viento vuelva a soplar… la próxima desaparición podría ser la suya. ELLA es un thriller intenso, inquietante y adictivo. Una novela negra imprevisible, que de la mano de Fernando Gamboa te arrastrará hasta un final tan sorprendente como imposible de olvidar .",https://ww3.lectulandia.co/book/ella-fernando-gamboa-gonzalez/,Aventuras,2026-09-10T17:09:49
24,Norby salva al universo,"['Isaac Asimov', 'Janet Asimov']","['Aventuras', 'Ciencia ficción', 'Novela']",Las crónicas de Norby,"En esta sexta aventura, el cadete espacial Jeff Wells y su peculiar robot extraterrestre Norby (capaz de viajar por el hiperespacio gracias a sus componentes únicos) se enfrentan a una crisis de escala cósmica. El malvado e implacable villano Ing el Ingrato logra escapar y pone en marcha un peligroso dispositivo mecánico antiguo: una máquina tridimensional de alterar el tiempo. Este artefacto amenaza con desgarrar el tejido del espacio-tiempo, lo que provocaría la destrucción total de la galaxia y del universo conocido. Para detenerlo, Jeff y Norby deberán realizar un viaje desesperado por diferentes épocas y mundos extraños. En su travesía contarán con la ayuda de la inteligente alienígena Oona —reina de las tierras de los grandes dragones en el planeta Jamna—, arriesgándolo todo para restaurar el orden temporal antes de que el universo entero desaparezca.",https://ww3.lectulandia.co/book/norby-salva-al-universo/,Aventuras,2026-09-10T17:09:50
25,Lujuria. Libro 2,['Eva Muñoz'],"['Aventuras', 'Erótico', 'Novela', 'Policíaco']",Pecados placenteros,"¡Llega la conclusión de Lujuria, la segunda parte de la saga «Pecados placenteros»! ¿Podrás dejarte llevar sin abrasarte en el intento? Hay incendios que no pueden contenerse y obsesiones que llegan a matar. Para la teniente Rachel James, los sentimientos hacia el coronel Christopher Morgan son cada vez más difíciles de controlar. Las elecciones para el cargo de ministro se aproximan y ninguno de los dos puede permitirse errores ni distracciones. Sin embargo, la tarea se complica, ya que los celos, las traiciones, los errores y las conspiraciones desatarán el caos que arrasará con más de uno. El comando de la FEMF se ha convertido en un nido de alimañas que no quiere caer, y la mafia le suma peso al juego con acontecimientos que marcarán un antes y un después en la vida de todos. Los primeros cimientos de la gran batalla nacen en esta nueva entrega, donde algunos se cansan de fingir y les empieza a estorbar el disfraz.",https://ww3.lectulandia.co/book/lujuria-libro-2/,Aventuras,2026-09-10T17:09:53
26,Varia fortuna del soldado Píndaro,['Gonzalo de Céspedes y Meneses'],"['Aventuras', 'Relato']",,"Varia fortuna del soldado Píndaro. Narra en primera persona las aventuras de Píndaro (nombre ficticio: Callo, por lícitos respetos, el apellido noble de mi solar y casa …) quien, a temprana edad abandonó el colegio de jesuitas donde estudiaba, para evitar ser castigado por alguna falta cometida, y se lanzó al mundo. Escrito en el verbo florido del Siglo de Oro , cuenta numerosas aventuras y anécdotas ocurridas en los muchos lugares a los que notables incidencias fueron llevando a Píndaro. La Corte de Valladolid, Toledo, Madrid, Sevilla donde visitó la cárcel con algunos compañeros muy dignos émulos del mismísimo Monipodio ; desengaños amorosos, traiciones, lances de espada, en fin toda la ocurrencia habitual del género picaresco, adornado de las inevitables sentencias morales muy al uso por aquel entonces. Tras unos percances ocurridos con unas naves corsarias a la altura de Formentera, llega nuestro héroe a Bruselas, atravesando Italia desde Génova, donde espera incorporarse al ejército español, cual era su intención. Termina aquí el libro no sin antes asegurar el autor una próxima segunda parte …si tal fuere su suerte que mereciere el gusto del lector, su aprobación y aplauso, desde luego prometo sacar en breve espacio la resta que le queda …",https://ww3.lectulandia.co/book/varia-fortuna-del-soldado-pindaro/,Aventuras,2026-09-10T17:09:54
27,Ze,['Francisco Narla'],"['Aventuras', 'Intriga', 'Novela']",,"Hielo y viento Dhumbria es un lugar remoto y oscuro, rodeado de una mar que engulle a quienes intentan abandonarlo y donde los hombres llevan su historia tatuada en la piel. Ze, un humilde pescador, ha regresado de las Montañas Azules con un único propósito: vengar la muerte de su amada. Dispuesto a derrotar al mismísimo gobernador del reino y a sus terribles criaturas, Ze está solo en su lucha hasta que una misteriosa figura se cruza en su camino. Sin embargo, incluso los aliados del bien guardan sus propios y peligrosos secretos... La fantástica odisea de un hombre capaz de dar la vida por amor. Una épica historia de aventuras inspirada en las míticas leyendas de los marineros del norte.",https://ww3.lectulandia.co/book/ze/,Aventuras,2026-09-10T17:09:56
28,El sueño o La astronomía de la luna,['Johannes Kepler'],"['Astronomía', 'Aventuras', 'Ciencia ficción', 'Historia', 'Novela', 'Referencia']",,"Traducción de la obra del humanista y fundador de la ciencia moderna del XVI Johannes Kepler, escrita originalmente en latín. En El sueño o La Astronomía de la Luna , Johannes Kepler, uno de los padres fundadores de la ciencia moderna, narra un viaje imaginario al satélite de la tierra. Su protagonista, Duracoto, describe los nuevos cielos traídos por la ciencia del astrónomo Copérnico. Allí el viajero encuentra ciudades y extraños pobladores bajo un cielo que muestra un aspecto y unos movimientos muy diferentes a los del terrestre. Kepler anota con toda su sabiduría astronómica cada pormenor de su historia.",https://ww3.lectulandia.co/book/el-sueno-o-la-astronomia-de-la-luna/,Aventuras,2026-09-10T17:09:58
29,Las hazañas del brigadier Gerard (trad. Amando Lázaro Ros),['Arthur Conan Doyle'],"['Aventuras', 'Bélico', 'Histórico', 'Relato']",,"De la simpatía y admiración romántica que Sir Arthur Conan Doyle profesaba por la «aventura imperial francesa» nos ha quedado una biografía de Napoleón, The Great Shadow , y diecisiete espléndidos relatos protagonizados por el heroico, jactancioso, valiente, humano y no excesivamente perspicaz Etienne Gerard, oficial de húsares del Emperador. Los primeros relatos de Gerard aparecen como serie en 1895 en el Strand Magazine, y se reúnen en un volumen titulado The exploits of Brigadier Gerard al año siguiente: son los ocho relatos que integran la presente selección, ocho aventuras de ritmo trepidante, imaginación, intriga, humor e ironía, ambientadas magistralmente gracias al gran conocimiento que Conan Doyle tenía de la época y de las guerras napoleónicas. Quizá sorprenda a ciertos lectores el punto de vista que el autor ofrece sobre las campañas del ejército napoleónico en España, y sobre este «Primer Imperio» francés en general, pero hay que tener en cuenta que, fuera del ámbito español, la guerra napoleónica en España se contempla como una pugna entre los ejércitos inglés y francés, confrontación en la que la resistencia interior de los guerrilleros españoles sólo contribuye, con su labor de desgaste, a la expulsión del ejército francés invasor.",https://ww3.lectulandia.co/book/las-hazanas-del-brigadier-gerard-trad-amando-lazaro-ros/,Aventuras,2026-09-10T17:10:00
30,Don Quijote de la Mancha (2a Edición del IV Centenario),['Miguel de Cervantes'],"['Aventuras', 'Novela', 'Sátira']",,"En los años 2015 y 2016 confluyen dos aniversarios cervantinos. A la celebración del IV Centenario de la Publicación de la Segunda Parte del Quijote (2015), le seguirá, en 2016, la conmemoración del IV Centenario de la Muerte de Miguel de Cervantes. Como ocurrió hace más de una década, las academias de la lengua española se unen a esta celebración con una reedición de este clásico universal dirigida a todo el ámbito hispanohablante. Esta edición cuenta con un nuevo prólogo, escrito por Darío Villanueva, director de la Real Academia Española (RAE) y presidente de la Asociación de Academias de la Lengua Española (ASALE), especialmente para la ocasión. Se completa con un glosario formado por siete mil palabras, locuciones, frases proverbiales y refranes, explicados según el significado preciso que tienen en el texto cervantino. La primera edición de este Quijote se convirtió en un gran éxito de ventas, sin precedentes en una obra clásica. Más de tres millones de ejemplares, distribuidos en España y América, la convirtieron en la más difundida de la historia. A conseguir su carácter divulgativo y su orientación hacia un público diverso y no especializado, contribuyen especialmente las notas contextualizadoras de la obra, preparadas por Francisco Rico. También se incluyen una serie de estudios complementarios, escritos por algunos de los principales expertos en el gran libro cervantino. Así, Mario Vargas Llosa analiza la modernidad del Quijote en «Una novela para el siglo XXI»; Francisco Ayala reflexiona sobre la construcción de los personajes de la novela en «La invención del Quijote », y Martín de Riquer analiza la obra en el contexto biográfico del autor en «Cervantes y el Quijote ». Por su parte, José Manuel Blecua («El Quijote en la historia de la lengua española»), Guillermo Rojo («Cervantes como modelo lingüístico»), José Antonio Pascual («Los registros lingüísticos del Quijote : la distancia irónica de la realidad»), Margit Frenk («Oralidad, escritura, lectura») y Claudio Guillén («Cauces de la novela cervantina: perspectivas y diálogos») abordan distintos aspectos relacionados con la lengua española en la obra cervantina. A todos ellos se une en esta ocasión el actual director de la RAE, Darío Villanueva, que ha querido «aprovechar la oportunidad de oro que me ofrece hoy la nueva salida de esta edición […] para dar una explicación —mi explicación— de algunos de los porqués del tan alto reconocimiento que el Quijote ha obtenido desde la fecha de su publicación hasta hoy, así como su palmaria modernidad», antes de recordar que el Quijote fue la obra elegida, en 2002, como la mejor novela de todos los tiempos, por delante de En busca del tiempo perdido, de Proust, y de Guerra y paz, de Tolstoi, en una encuesta realizada por la Asociación de Escritores de Suecia entre cien autores de todo el mundo.",https://ww3.lectulandia.co/book/don-quijote-de-la-mancha-2a-edicion-del-iv-centenario/,Aventuras,2026-09-10T17:10:03
31,La marca roja,['Charles Alden Seltzer'],"['Aventuras', 'Novela']",Biblioteca Oro Azul,"Un auténtico vaquero en su juventud, Seltzer fue considerado uno de los mejores escritores de novelas del oeste. Muchas de sus libros fueron llevadas al cine; todas las películas, salvo una, se rodaron en la época del cine mudo, aunque continuó escribiendo hasta su muerte en 1942.",https://ww3.lectulandia.co/book/la-marca-roja-2/,Aventuras,2026-09-10T17:10:05
32,Assassin’s Creed Origins: Desert Oath,['Oliver Bowden'],"['Aventuras', 'Histórico', 'Novela']",Assassin's Creed,"Egipto, 70 a.C., un asesino despiadado acecha la Tierra. Su misión: encontrar y destruir a los últimos miembros de una orden antigua, el Medjay, para erradicar la línea de sangre. En la pacífica Siwa, el protector de la ciudad se va abruptamente, dejando a su hijo adolescente, Bayek, con preguntas sobre su propio futuro y un sentido de propósito que sabe que debe cumplir. Bayek sale en busca de respuestas, su viaje lo lleva por el Nilo y atraviesa un Egipto en estado de confusión, enfrentando los peligros y los misterios del camino del Medjay.",https://ww3.lectulandia.co/book/assassins-creed-origins-desert-oath/,Aventuras,2026-09-10T17:10:07
33,Misión en París,['Arturo Pérez-Reverte'],"['Aventuras', 'Histórico', 'Novela']",Las aventuras del capitán Alatriste,"Vuelve el capitán Alatriste. La nueva y esperada entrega de la serie de novelas de aventuras que cambió la forma de leer y entender el Siglo de Oro . « Sonaba la medianoche en los relojes de París cuando entraron por la puerta de Saint-Jacques cuatro jinetes tan seguros de sí mismos como el trote firme de sus caballos ». Es medianoche. Íñigo Balboa, que forma parte de los Correos Reales del rey católico, aguarda expectante la llegada del capitán Alatriste, de Francisco de Quevedo y de Sebastián Copons a París, donde se encuentra para entregar unos despachos al conde de Guadalmedina. Hace casi un año que no se reúnen, cuando acabó la arriesgada encomienda que tuvieron que afrontar en Venecia. Son tiempos complejos para Francia: desde hace unos meses, los hugonotes de La Rochela, con apoyo inglés, están viviendo un duro asedio por parte de las fuerzas francesas a las órdenes del cardenal Richelieu. Por mediación de Quevedo, Alatriste y sus amigos se ven envueltos en una peligrosa misión secreta ideada por el conde-duque de Olivares. Esta vez el objetivo es de tal magnitud, que la aventura a la que se enfrentan podría cambiar para siempre el curso de los acontecimientos. -------------------- La crítica ha dicho: «Me gusta Pérez-Reverte, me recuerda a Dumas y Salgari». Umberto Eco «El escritor con agallas ha conseguido un doble milagro. Que los personajes hablen como nosotros y nosotros leamos como ellos hablaban. Larga vida al capitán Alatriste». Manuel Rivas, El País «Nunca se agradecerá bastante a Reverte haber hecho entrar a tantos lectores en esa literatura y esa historia cautivándolos con unas narraciones apasionantes». Francisco Rico «El capitán Alatriste está escrito con brillantez y un contagioso entusiasmo hacia el género que intenta revivir». Janet Maslin, The New York Times «Un espadachín de nuestro tiempo». Times Literary Supplement",https://ww3.lectulandia.co/book/mision-en-paris/,Aventuras,2026-09-10T17:10:09
34,Persiguiendo las estrellas,['Sarah Lark'],"['Aventuras', 'Histórico', 'Novela', 'Romántico']",Las mujeres Hard,"Lucharon para alcanzar sus sueños y lograr lo imposible . Escocia, finales del siglo XIX. Las tres jóvenes primas del noble clan de los Hard tienen grandes aspiraciones. Mientras Ailis es una apasionada del estudio de las estrellas, Donella sueña con viajar en globo aerostático y Haily ambiciona alcanzar la fama en los escenarios. Juntas parten a Saint Leonards, la primera escuela femenina de Escocia, donde se prepara también a las alumnas para que estudien una carrera si así lo desean. La avispada y leal Emily, cuyos padres son sirvientes aunque se ha criado junto a las primas, las acompaña al internado. El mundo parece abrirse con un sinfín de posibilidades para las cuatro jóvenes. Hasta que un giro inesperado del destino golpea a una de ellas y todas deben emprender caminos separados…",https://ww3.lectulandia.co/book/persiguiendo-las-estrellas/,Aventuras,2026-09-10T17:10:12
35,Buscando a Oso,['Hannah Gold'],"['Aventuras', 'Infantil', 'Juvenil', 'Novela']",El último oso,"¿Hasta dónde llegarías por un amigo? April Wood ha vuelto a casa de su aventura en Svalbard. Pero cuando un oso polar recibe un disparo, está convencida de que es su amigo Oso y emprende junto a su padre un nuevo viaje a los confines del Ártico. Allí, quien corre peligro es un pequeño osezno. ¿Conseguirá April afrontar sus miedos y adentrarse en la tundra ártica para salvarlo?",https://ww3.lectulandia.co/book/buscando-a-oso/,Aventuras,2026-09-10T17:10:13
36,Corazón del Norte,['William Byron Mowery'],"['Aventuras', 'Novela']",Biblioteca Oro Azul,"Corazón del Norte (Heart of the North) de William Byron Mowery es una novela clásica de aventuras ambientada en los salvajes territorios del norte de Canadá (Yukon) en la época de la Fiebre del Oro, donde el protagonista, el joven prospector David R. Harding, lucha por sobrevivir, encontrar oro y ganarse el respeto en un entorno hostil, lidiando con la naturaleza, la codicia y el amor, explorando temas de perseverancia y la dureza de la vida fronteriza",https://ww3.lectulandia.co/book/corazon-del-norte/,Aventuras,2026-09-10T17:10:16
37,Tótem,['Armando Cuevas Calderón'],"['Aventuras', 'Ciencia ficción', 'Novela']",,"Tótem , una novela de aventuras e intriga donde las leyendas respiran y los fantasmas de la selva se sientan a la hoguera junto a hombres de corazones oscuros. El hijo de un magnate inglés ha desaparecido en el rincón menos explorado del Amazonas. Diego Santamaría, un arqueólogo desprestigiado, aceptará el encargo de buscarlo. La misión es turbia y peligrosa, pero para él representa la oportunidad de cumplir el sueño de su vida: encontrar las ruinas de una ciudad legendaria. La expedición la formarán un variopinto grupo dispuesto a adentrarse en aquel territorio ignoto y salvaje sin importarles los riesgos, y sin sospechar que la codicia humana será el mayor de sus enemigos, incluso peor que la ira de los ancestrales dioses que habitan el Amazonas.",https://ww3.lectulandia.co/book/totem/,Aventuras,2026-09-10T17:10:18
38,71 días,['Javier Casis'],"['Aventuras', 'Intriga', 'Novela', 'Policíaco']",Pastiches de Sherlock Holmes,"71 días es una aventura de Sherlock Holmes que se desarrolla en Madrid durante la segunda quincena de mayo y la primera de junio del año 1906. Holmes y Watson acaban de regresar a su casa de Fulworth después de culminar su aventura de Baskerville Hall. La señora Hudson le entrega al detective la correspondencia pendiente y entre media docena de cartas se encuentra una del monarca Eduardo VII que contiene una invitación de boda. El día 31 de mayo contraerán matrimonio en Madrid su sobrina Victoria Eugenia de Battenberg y Alfonso XIII. De común acuerdo entre la pareja de detectives y el propio Monarca inglés se decide que sea Watson, acompañado de su esposa Irene, quienes asistan a la ceremonia. Al salir la comitiva de la iglesia de San Jerónimo, Mateo Morral arroja una bomba desde un balcón de la calle Mayor y causa un gran número de muertos y heridos. La esposa de Watson no se encuentra entre ellos. Irene ha desaparecido y no se tiene ninguna pista de su posible paradero. Holmes acude a Madrid para apoyar a su amigo y desde su llegada se inicia una desesperada búsqueda que se ve entorpecida por la existencia en la capital de España de un asesino en serie que después de estrangular a sus víctimas les arranca el rostro con precisión quirúrgica.",https://ww3.lectulandia.co/book/71-dias/,Aventuras,2026-09-10T17:10:20
39,Viaje al centro de la Tierra (Ed. Clásicos a medida),['Julio Verne'],"['Aventuras', 'Juvenil', 'Novela']",Clásicos a medida,"Viaje al centro de la Tierra es la segunda aventura imaginada por Julio Verne de una larga serie que, con más de cincuenta entregas, estaría escribiendo durante toda su vida. Sin duda Verne tenía un espíritu aventurero que necesitaba salir de vez en cuando a darse una vuelta. En esta ocasión, el escritor francés, se encarna por partida doble en la persona del profesor Lidenbrock, un excéntrico científico alemán, y su sobrino Axel, joven aún y huérfano, aprendiz de geólogo, que vive bajo su protección. El objetivo de la aventura que les une a los dos es demostrar que se puede llegar hasta el mismísimo centro de la Tierra siguiendo las huellas de Arne Saknussemm, un antiguo escritor del siglo XVI, investigador y viajero, que dejó un manuscrito secreto con las claves para realizar la expedición. Con este argumento, Verne nos arrastra a una historia descabellada de aventuras y continuas sorpresas que ponen a prueba hasta el límite a sus protagonistas. La historia es narrada por Axel, quien escribe para compartir los recuerdos de su aventura. Es una especie de diario de viaje que, en la propia obra, en una mezcla de realidad y ficción, él dice haber entregado para su publicación por entregas semanales, con grandísimo éxito entre los lectores. Uno de los viajes más fascinantes de la literatura en una edición adaptada para facilitar su lectura.",https://ww3.lectulandia.co/book/viaje-al-centro-de-la-tierra-ed-clasicos-a-medida/,Aventuras,2026-09-10T17:10:23
40,Lazarillo de Tormes (Ed. Clásicos a medida),['Anónimo'],"['Aventuras', 'Juvenil', 'Novela', 'Sátira']",Clásicos a medida,"Lázaro, hijo de un ladrón y acemilero, queda huérfano en Salamanca. Estará al servicio de diferentes amos (un ciego, un hidalgo arruinado, un clérigo avaricioso, un fraile de la Merced, un buldero farsante, etc.), y ejercerá varios oficios, que permiten al narrador realizar una sátira de los diferentes estamentos de la sociedad de la época y reflexionar con ironía sobre el tema de la honra. Edición adaptada para jóvenes lectores de la novela picaresca que fue origen y modelo en su género.",https://ww3.lectulandia.co/book/lazarillo-de-tormes-ed-clasicos-a-medida/,Aventuras,2026-09-10T17:10:26
41,¡Desenmascarados!,['Gustave le Rouge'],"['Aventuras', 'Fantástico', 'Intriga', 'Novela']",El misterioso doctor Cornelius,"Las aventuras del «misterioso doctor Cornelius» son sin duda una de las obras maestras de la novela negra popular de la Belle Époque. Le Rouge mezcla intriga y visión científica en un universo novelístico de gran originalidad. De Nueva York a Bretaña, del Gran Oeste americano a la Isla de los Ahorcados, la pluma de Le Rouge lleva al lector a lugares asombrosos, misteriosos y enigmáticos, donde chocan dos concepciones antagónicas del mundo: Una, encarnada por el científico francés Prosper Bondonnat, cuyas investigaciones se centran únicamente en añadir una piedra al «radiante edificio de la modernidad»; la otra, por el malvado doctor Cornelius Kramm, cirujano plástico estadounidense, «escultor de la carne humana» e inventor de la «carnoplastia», cuya obsesión es esencialmente el poder y el dinero.",https://ww3.lectulandia.co/book/desenmascarados/,Aventuras,2026-09-10T17:10:28
42,El legado de la reina cuervo,['Isa J. González'],"['Aventuras', 'Fantástico', 'Juvenil', 'Novela']",,"Un joven que solo ansía la libertad Un príncipe rechazado por su imperfección Un compromiso lleno de secretos y magia feérica. Finn está maldito: es capaz de ver y tocar Sombras, unos seres negruzcos y peligrosos que lo persiguen ahí donde vaya. Desde la desaparición de su hermano, lo único que ha ansiado Finn es liberarse de su poder, de los barrotes de su hogar y del yugo de su padre. Cuando llega Nuada Callaghan, un príncipe de un Clan lejano, y le ofrece una salida a esa situación, él no duda en aceptar su propuesta. Pero lo último que espera Finn al comprometerse en matrimonio con el príncipe es adentrarse en una tierra de folklore y tradiciones que para él ya están olvidadas. En el seno del Clan Callaghan, no solo descubrirá los misterios de su poder y la magia del mundo: también conocerá la calidez de la familia y del amor. Pero una organización amenaza con destruir la felicidad que Finn ha encontrado en su nuevo hogar y no descansarán hasta conseguir su objetivo. Déjate hechizar por esta novela de magia, romance, hadas y diosas celtas.",https://ww3.lectulandia.co/book/el-legado-de-la-reina-cuervo/,Aventuras,2026-09-10T17:10:30
43,Odisea (Ed. Clásicos a medida),['Homero'],"['Aventuras', 'Juvenil', 'Novela']",Clásicos a medida,"La Odisea , del poeta griego Homero, es uno de los poemas épicos más importantes de Occidente. La historia narra el viaje de regreso del héroe Odiseo a su patria, la isla de Ítaca, tras su participación en la guerra de Troya. Su travesía estará llena de peligros y aventuras. La Odisea es una metáfora del viaje que es la vida para todos nosotros; de ahí que sea un clásico universal.",https://ww3.lectulandia.co/book/odisea-ed-clasicos-a-medida/,Aventuras,2026-09-10T17:10:33
44,La torre febril,['Gustave le Rouge'],"['Aventuras', 'Fantástico', 'Novela']",El misterioso doctor Cornelius,"Las aventuras del «misterioso doctor Cornelius» son sin duda una de las obras maestras de la novela negra popular de la Belle Époque. Le Rouge mezcla intriga y visión científica en un universo novelístico de gran originalidad. De Nueva York a Bretaña, del Gran Oeste americano a la Isla de los Ahorcados, la pluma de Le Rouge lleva al lector a lugares asombrosos, misteriosos y enigmáticos, donde chocan dos concepciones antagónicas del mundo: Una, encarnada por el científico francés Prosper Bondonnat, cuyas investigaciones se centran únicamente en añadir una piedra al «radiante edificio de la modernidad»; la otra, por el malvado doctor Cornelius Kramm, cirujano plástico estadounidense, «escultor de la carne humana» e inventor de la «carnoplastia», cuya obsesión es esencialmente el poder y el dinero.",https://ww3.lectulandia.co/book/la-torre-febril/,Aventuras,2026-09-10T17:10:35
45,¡Sopla viento del desierto!,['William Corcoran'],"['Aventuras', 'Novela']",Biblioteca Oro Azul,"En los ardientes confines del desierto, donde el viento levanta remolinos de arena y las noches se llenan de misteriosos silencios, se desarrolla una historia de valor, amistad y aventura. En ¡Sopla viento del desierto! , el autor William Corcoran conduce al lector a través de una emocionante travesía por tierras lejanas, donde cada jornada trae consigo nuevos peligros y desafíos. Entre caravanas que avanzan lentamente bajo el sol implacable y oasis que surgen como promesa de descanso, los protagonistas habrán de enfrentarse a intrigas, persecuciones y pruebas que pondrán a prueba su temple. El desierto, vasto y majestuoso, se convierte así en escenario de hazañas memorables, donde el ingenio y la valentía son tan necesarios como el agua en la cantimplora. Narrada con el brío y la elegancia propios de las novelas de aventuras clásicas, esta obra invita al lector a dejarse llevar por el soplo del viento del desierto y a compartir una empresa en la que el honor y la lealtad brillan con luz propia.",https://ww3.lectulandia.co/book/sopla-viento-del-desierto/,Aventuras,2026-09-10T17:10:37
46,Hasta que caiga la luna,['Sarah A. Parker'],"['Aventuras', 'Fantástico', 'Novela']",La caída lunar,"«Los creadores jamás esperaron que sus queridos dragones, al llegar su fin, ascendieran a los cielos.Tampoco que se enroscaran en forma de esfera allá donde la gravedad no podía alcanzarlos y llenaran el firmamento de tumbas… De lunas, Y, desde luego, jamás esperaron que cayeran». Como asesina rebelde, el objetivo de Raeve es cumplir su misión y que jamás la atrapen. Sin embargo, cuando un cazarrecompensas rival hace añicos su realidad, la joven se ve prisionera del Gremio de los Nobles, una organización de elementales poderosos que pretenden dar jemplo con ella. Solo la muerte podrá liberarla. Devastado por una terrible pérdida, el jinete de dragón Kaan Vaegor decapitó a un rey y se puso su corona derretida. Ahora, su búsqueda incansable para reunir fragmentos lunares lo conduce a la prisión de la ciudad, donde se topa con una Raeve encadenada, con rabia en la mirada y sangre en las manos. Juntos deberán descubrir una verdad que amenaza con hacer que su mundo se desmorone… y ellos con él.",https://ww3.lectulandia.co/book/hasta-que-caiga-la-luna/,Aventuras,2026-09-10T17:10:39
47,La cancha del sol,['Nora Sakavic'],"['Aventuras', 'Distopía', 'Fantástico', 'Intriga', 'Juvenil', 'Novela']",All For The Game,"«Mi nombre es Jean Moreau. Pertenezco a los Moriyama». Jean Moreau ha construido su vida en torno a esta verdad. Es un recordatorio de que es lo mejor que puede esperar y todo lo que se merece. Pero, cuando lo roban de la Universidad Edgar Allan y lo venden a un amo aún más peligroso, debe acostumbrarse a una vida fuera del Nido por primera vez en cinco años. Mientras tanto, el capitán Jeremy Knox afronta su último año con los Troyanos. Para ganar de una vez el campeonato de exy, necesita contratar al mejor defensor del país, incluso si ese hombre es un Cuervo. Pero, cuando el colapso del Evermore comienza a sacar a la luz los terribles secretos de Jean, Jeremy se enfrentará al coste de la victoria. La cancha del sol inaugura la trilogía de Jean Moreau dentro del universo All For The Game . Es un libro tierno y brutal donde la oscuridad se enfrenta por primera vez a un atisbo de esperanza.",https://ww3.lectulandia.co/book/la-cancha-del-sol/,Aventuras,2026-09-10T17:10:41
48,La dama de las escabiosas,['Gustave le Rouge'],"['Aventuras', 'Fantástico', 'Intriga', 'Novela']",El misterioso doctor Cornelius,"Las aventuras del «misterioso doctor Cornelius» son sin duda una de las obras maestras de la novela negra popular de la Belle Époque. Le Rouge mezcla intriga y visión científica en un universo novelístico de gran originalidad. De Nueva York a Bretaña, del Gran Oeste americano a la Isla de los Ahorcados, la pluma de Le Rouge lleva al lector a lugares asombrosos, misteriosos y enigmáticos, donde chocan dos concepciones antagónicas del mundo: Una, encarnada por el científico francés Prosper Bondonnat, cuyas investigaciones se centran únicamente en añadir una piedra al «radiante edificio de la modernidad»; la otra, por el malvado doctor Cornelius Kramm, cirujano plástico estadounidense, «escultor de la carne humana» e inventor de la «carnoplastia», cuya obsesión es esencialmente el poder y el dinero.",https://ww3.lectulandia.co/book/la-dama-de-las-escabiosas/,Aventuras,2026-09-10T17:10:42
49,La playa de las tortugas,['Hannah Gold'],"['Aventuras', 'Infantil', 'Juvenil', 'Novela']",,"Unas crías en peligro. Un viaje al corazón de la selva. Una misión que marcará sus vidas. Cuando al padre de Silver lo invitan a un centro de conservación de tortugas en Costa Rica, toda la familia decide instalarse unos meses allí. Bajo el calor del sol tropical, Silver y su familia se adaptan a una nueva vida en el santuario de animales. Pero, después de avistar a una tortuga laúd anidando en la playa, Silver se da cuenta de que alguien ha robado los huevos, y los acontecimientos dan un giro peligroso. ¿Podrá Silver proteger a las tortugas y sanar las heridas de su propia familia? Para ello, no tendrá más remedio que adentrarse en el corazón de la selva…",https://ww3.lectulandia.co/book/la-playa-de-las-tortugas/,Aventuras,2026-09-10T17:10:45
50,Ayesha (Ed. ilustrada),['H. Rider Haggard'],"['Aventuras', 'Novela']",Ella,"Veinte años han pasado desde los eventos ocurridos en «Ella», los aventureros ingleses Leo Vincey y el profesor Holly continúan enamorados de la terrible Ayesha. Cautivados por su recuerdo reciben una visión de que Ella ha regresado reencarnada en un rincón remoto del mundo. Esperanzados de que esta visión pudiera ser cierta, Leo y Holly realizan un viaje hasta el Tíbet donde se enfrentan a avalanchas, tribus asesinas, pasos de montaña y la presencia de otra alma de su pasado olvidado que tiene sus propios designios sobre su futuro. La esperada continuación de la serie de Ella.",https://ww3.lectulandia.co/book/ayesha-ed-ilustrada/,Aventuras,2026-09-10T17:10:48
51,Los irregulares de Baker Street,['Varios Autores'],"['Aventuras', 'Intriga', 'Policíaco', 'Relato']",Pastiches de Sherlock Holmes,"Pocas veces sucede que un secundario adquiera tanta o más importancia que el propio protagonista, pero que lo hagan personajes meramente anecdóticos, como es el caso de los Irregulares de Baker Street, es casi un paradigma dentro de la literatura. Poco sabemos de ellos, aparte de su aspecto de pilluelos dickensianos y del hecho de que Sherlock Holmes los utiliza como policía no oficial a su servicio. Son mencionados en las dos primeras novelas del canon sherlockiano y solo a dos de sus componentes se les da nombre: Wiggins y Simpson. Pero como ya ocurriera con el temible profesor Moriarty (que aparece en un solo relato y es nombrado en dos más) estos personajes crecerían en la imaginación de los aficionados, hasta el extremo de que la asociación americana de estudios sherlockianos se llama, precisamente, Los Irregulares de Baker Street. Por no mencionar que Wiggins, el supuesto líder de la organización, aparecerá como personaje importante en varios de los más conocidos pastiches holmesianos. En este antología, Carmen Moreno coordina a algo más de una decena de autores que conspiran para ofrecernos nuevos y sorprendentes aspectos de esta cuando menos curiosa organización.",https://ww3.lectulandia.co/book/los-irregulares-de-baker-street/,Aventuras,2026-09-10T17:10:51
52,El valle prohibido,['William Byron Mowery'],"['Aventuras', 'Novela']",Biblioteca Oro Azul,"Novela de aventuras y misterio ambientada en el noroeste canadiense, con la Policía Montada de Canadá. En las misteriosas y vastas soledades del Oeste americano, donde la civilización apenas ha trazado su huella y la ley del hombre se enfrenta aún con la del más fuerte, se alza majestuoso y temido el Valle Prohibido. Aquel paraje, rodeado por abruptas montañas y envuelto en una fama de maldición y misterio, guarda secretos que pocos han osado desafiar. El joven jinete Jim Brent, movido por el valor y el deseo de justicia, se interna en aquellas peligrosas tierras en busca de respuestas que podrían costarle la vida. Cruces de senderos inciertos, emboscadas de forajidos, y una lucha encarnizada entre ambición y honor acompañan su jornada. Pero por encima de todo, una mujer —valiente y bella— será el faro que guíe su espíritu entre la oscuridad del odio y la luz del deber. Narrada con el brío inconfundible de las genuinas aventuras del Oeste, El valle prohibido es una historia de coraje, intriga y redención, donde el hombre se mide con su destino entre el estampido de los revólveres y el silencio solemne de las montañas.",https://ww3.lectulandia.co/book/el-valle-prohibido/,Aventuras,2026-09-10T17:10:53
53,El primer latido de Australia,['José Vicente Alfaro'],"['Aventuras', 'Histórico', 'Novela']",,"Una novela épica con personajes inolvidables, amores pasionales, ambiciones desmedidas, sueños inalcanzables y destinos inciertos que oscilarán entre el sufrimiento y la esperanza . Australia nació como una colonia penal. A finales del siglo XVIII las cárceles inglesas estaban llenas a rebosar, y, tras la reciente revolución americana, el gobierno necesitaba buscar un nuevo lugar donde deportar a sus delincuentes convictos. Así fue como eligieron una remota costa situada en el otro extremo del mundo, cuyas tierras había reclamado el capitán Cook para la Corona británica poco tiempo atrás, en las cuales no había absolutamente nada. Al mismo tiempo, los aborígenes australianos verán repentinamente peligrar su supervivencia con la llegada del hombre blanco, asistiendo con horror a la ocupación de sus tierras ancestrales. José Vicente Alfaro nos ofrece un fiel y descarnado retrato de la naciente colonia australiana, en la que las vidas de los presos deportados, los colonos libres y los aborígenes se entrelazarán de forma inevitable. Todo ello impregnado de los magníficos escenarios conformados por playas vírgenes, bosques tupidos y llanuras semidesérticas. Vive la colonización de Australia como jamás te la habían contado .",https://ww3.lectulandia.co/book/el-primer-latido-de-australia/,Aventuras,2026-09-10T17:10:56
54,Juegos de guerra,['Len Deighton'],"['Aventuras', 'Novela']",,"Su nombre: Pat Armstrong. Su ocupación: oficial de campo del Centro de Juegos Estratégicos de Guerra. De regreso de una misión submarina de seis semanas, Armstrong encuentra muchas cosas cambiadas. Descubre que han vuelto a construir su vieja casa, y halla antiguas fotografías de familia que le revelan el rostro de un extraño. La acción de la obra se desarrolla —dentro del mundo del espionaje— en una casa remota de las montañas de Escocia. El “suspense” crece en medio de una violencia incontrolada, desde una persecución a través de un estrecho sendero junto a un acantilado, hasta alcanzar un clímax devastador en los hielos del Círculo Polar Ártico.",https://ww3.lectulandia.co/book/juegos-de-guerra-len-deighton/,Aventuras,2026-09-10T17:10:58
55,El caballero de los Siete Reinos (Ilustrado),['George R. R. Martin'],"['Aventuras', 'Fantástico', 'Relato']",Canción de hielo y fuego: Los cuentos de Dunk y Egg,"Una nueva edición de las tres primeras precuelas oficiales de la obra maestra de George R. R. Martin, «Canción de Hielo y Fuego». Con más de 160 ilustraciones de Gary Gianni, uno de los mejores artistas de fantasía de nuestro tiempo, esta maravillosa edición transportará a los lectores al mundo de caballería, coraje y peligro de los Siete Reinos. Un siglo antes de Juego de tronos , dos héroes insólitos recorrieron Poniente… El joven Ser Duncan el Alto, un ingenuo pero valiente caballero errante, sobresale por encima de sus rivales en estatura, aunque no en experiencia. Le acompaña su diminuto escudero, un muchacho llamado Egg, quien debe mantener en secreto su verdadera identidad ante todos aquellos que se crucen en su camino. Puede que nadie hubiera esperado ver a estos inesperados compañeros convertidos en héroes, pero el destino tiene reservado para ellos un camino plagado de poderosos enemigos, intrigas palaciegas y hazañas de leyenda.",https://ww3.lectulandia.co/book/el-caballero-de-los-siete-reinos-ilustrado/,Aventuras,2026-09-10T17:11:00
56,El cazador del desierto,['Lorenzo Silva'],"['Aventuras', 'Juvenil', 'Novela']",Trilogía de Getafe,"Irene siempre ha sido la primera de la clase, una chica sensata que lo tiene todo bajo control. Nadie habría dicho que haría migas con José María, un nuevo alumno solitario y corrosivo. Pero Irene cultivará su amistad. Averiguará que José María también odia su nombre y prefiere que le llamen Orens, por Lawrence de Arabia, y descubrirá lo único que él no odia: el desierto.",https://ww3.lectulandia.co/book/el-cazador-del-desierto/,Aventuras,2026-09-10T17:11:02
57,El hijo de la furia,['Edison Marshall'],"['Aventuras', 'Novela']",,"La historia de Benjamin Blake , hijo ilegítimo de un noble, se desarrolla en un contexto de batallas legales y amor. Benjamin se enfrenta a su tío, Sir Arthur Blake, para hacer valer sus derechos como heredero. A lo largo de la película, Benjamin se enamora de su prima Isabel y de una indígena llamada Eva. La trama combina elementos de drama, aventuras y romance, ofreciendo una experiencia visual y emocional que ha perdurado a lo largo de los años. La película de 1952, es conocida por su drama y aventuras, y cuenta con un elenco que incluye a Tyrone Power, Gene Tierney y Frances Farmer.",https://ww3.lectulandia.co/book/el-hijo-de-la-furia/,Aventuras,2026-09-10T17:11:04
58,Trono de cristal: La colección completa,['Sarah J. Maas'],"['Aventuras', 'Fantástico', 'Novela']",Trono de cristal,"Celaena Sadothien es una chica de diecisiete años con una vida que no es ni mucho menos acorde con una chica de su edad. Celaena es la asesina a sueldo más conocida de su época. Aunque no todo es como piensa y, después de una trampa, acaba siendo traicionada, capturada y encerrada en unas minas del reino, donde estará años y años haciendo trabajos forzados. Cuando Dorian, el príncipe de Endovier convoca a Celaena para ser la campeona del rey, la asesina acepta. Todo lo que tiene que hacer es vencer a veintitrés asesinos, ladrones y guerreros para convertirse en la campeona real…",https://ww3.lectulandia.co/book/trono-de-cristal-la-coleccion-completa/,Aventuras,2026-09-10T17:11:07
59,Imperio en llamas,['Lucía Cerezo'],"['Aventuras', 'Fantástico', 'Novela']",Fénix & Dragón,"No se huye de la muerte cuando esta viene a salvarte. Eda ya no es la misma persona y Pramvera ya no es un misterio para ella. Ni siquiera lo es el temido emperador Dalton Basilius. Las batallas, la sangre y la fuerza del fénix la han cambiado. Sin embargo, entre las sombras, más allá de la oscuridad e incluso de la muerte, se esconden monstruos que aún no conoce y a quienes, por mucho que lo intente, no puede desamar… Tras Imperio de fuego azul , con esta segunda entrega de la saga Fénix y Dragón vuelven la fantasía más poderosa y la magia más envolvente acompañadas de una pasión tan feroz que podría cambiar el rumbo del imperio… ¿Te atreves a arriesgar tu corazón?",https://ww3.lectulandia.co/book/imperio-en-llamas/,Aventuras,2026-09-10T17:11:09
60,El mago de Oz (Ed. Clásicos a medida),['Lyman Frank Baum'],"['Aventuras', 'Fantástico', 'Infantil', 'Novela']",Clásicos a medida,"El mago de Oz es el cuento infantil norteamericano más leído y traducido a otras lenguas; por lo tanto, uno de los libros favoritos de los niños de todos los países. La historia nos cuenta el viaje fantástico de Dorothy por el camino de adoquines amarillos hacia la Ciudad Esmeralda, junto a sus compañeros, el espantapájaros, el leñador de hojalata y el león cobarde, en busca del mago de Oz. Aunque alejado de los argumentos tradicionales de los cuentos populares, guarda un mensaje que es el de propugnar el bien frente al mal y la verdad frente a la falsedad, así como el de enseñar que la inteligencia, la bondad, el esfuerzo, el valor y la solidaridad deben ser las cualidades que todos los niños y adolescentes han de poseer para llegar a ser adultos ejemplares. Siguiendo las normas de la colección de Clásicos a Medida, la obra que aquí presentamos es una traducción y adaptación del original inglés. En este caso, dada su breve extensión, se conservan prácticamente íntegros su argumento y el sentido que el autor quiso darle a su obra.",https://ww3.lectulandia.co/book/el-mago-de-oz-ed-clasicos-a-medida/,Aventuras,2026-09-10T17:11:11
61,Festín de cuervos (ed. ilustrada),['George R. R. Martin'],"['Aventuras', 'Fantástico', 'Novela']",Canción de hielo y fuego,"«—¿Qué es lo que más desea nuestro corazón? —preguntó Arianne, entrecerrando los ojos. —Venganza. —Hablaba en voz baja, como si temiera que pudieran oírlo—. Justicia». Entre campos de batalla llenos de fantasmas y lúgubres fortalezas en ruina, entre ciudades convertidas en cementerios y tierras reducidas a osarios, la guerra de los Cinco Reyes toca a su fin. La casa Lannister y sus aliados parecen haber salido victoriosos. Sin embargo, algo se remueve en las entrañas de los Siete Reinos y, mientras cuervos en forma humana se dan un festín de cenizas, se forjan nuevas alianzas y complots. Pero incluso en esta paz del rey, aparentemente consolidada, fuerzas inesperadas se preparan para lanzar un ataque sangriento. Los hombres del hierro, liderados por Ojo de Cuervo, herederos de un culto olvidado, atacan al suroeste, obligando al Trono de Hierro a enfrentarse a un desafío sin precedentes. Y de las brumas de un recuerdo enterrado hace mucho, una profecía siniestra amenaza la soberanía de la reina Cersei…",https://ww3.lectulandia.co/book/festin-de-cuervos-ed-ilustrada/,Aventuras,2026-09-10T17:11:14
62,Ella (Ed. ilustrada),['H. Rider Haggard'],"['Aventuras', 'Novela']",Ella,"La más imaginativa y maravillosa aventura creada por Haggard empieza cuando Leo y Holly descifran el mensaje que envía la antigua princesa egipcia Amenartas. En su misterioso viaje descubren a «Ella», ese extraño ser, terrible y fascinante, símbolo de la eterna juventud y de la permanencia en el tiempo. Pero «Ella» no es sólo una alegoría sobre el eterno retorno; es también una melancólica reflexión sobre la dureza de este mundo cruel, que no invita precisamente a eternizarse. «El mundo —⁠dice Holly en un curioso atisbo de existencialista⁠— no ha demostrado ser un nido tan suave como para que invite a quedarte en él para siempre».",https://ww3.lectulandia.co/book/ella-ed-ilustrada/,Aventuras,2026-09-10T17:11:15
63,La hija de Amón,['H. Rider Haggard'],"['Aventuras', 'Fantástico', 'Novela']",,"La magia del antiguo Egipto, los secretos de los Sacerdotes-Iniciados, la presencia constante de los espíritus, el Ka o doble etérico, los misterios de la muerte afloran a cada instante en La hija de Amón . La hija de Amón es una de las novelas fantásticas más apasionantes de Rider Haggard, el célebre autor de She, Ayesha y Las minas del rey Salomón .",https://ww3.lectulandia.co/book/la-hija-de-amon/,Aventuras,2026-09-10T17:11:17
64,Las manzanas de oro,['Baltasar Porcel'],"['Aventuras', 'Drama', 'Novela']",,"Novela de un dinamismo solar e inquietante, plagada de exaltación sensual, de crueldad y de ambición, Las manzanas de oro vuelve con ímpetu a las mismas fuentes del género: la aventura sin fin, la fuga poética, la reflexión existencial. Aunque esta reflexión constituya en realidad la manifestación de una violenta amoralidad, que la poesía nazca de un panteísmo a la par glorioso y bárbaro, que la aventura sea en el fondo una lucha sin cuartel del hombre contra el hombre. La mística búsqueda del Santo Grial, el misterioso cáliz redentor de la literatura medieval y de la música de Wagner, sirve como simbólica pauta a este deslumbrante relato, que se extiende desde los alucinantes estertores del tráfico de esclavos hasta las encantadas brumas de la Baviera del Rey Loco, pasando por las selvas de Costa de Marfil, el espejismo veneciano y la árida Palestina azotada por el vesánico Herodes el Grande. Novela insólita dentro del actual panorama español, cuenta también en el haber de su polémica originalidad con la fuerza de su lenguaje: afilado y exuberante a un tiempo, siempre de una sensorial riqueza",https://ww3.lectulandia.co/book/las-manzanas-de-oro/,Aventuras,2026-09-10T17:11:19
65,El misterio de la Caja Bethel,['Concepción Perea'],"['Aventuras', 'Fantástico', 'Novela']",,"El misterio de la Caja Bethel, un folletín ambientado en una Barcelona de finales del siglo XIX con ecos de steampunk . Acompaña al intrépido Felix Goggleston y a la bella y enigmática Katsia en esta aventura sin igual que esconde un misterio, un peligro y el reencuentro con un personaje del pasado. Felix Goggleston, empresario de cara a la galería pero agente secreto en realidad, acude noche tras noche al bar llamado Las seis copas cautivado por el órgano que proporciona la música al local. Pero esa noche sucederán varias cosas fuera de lo normal… Primero, Felix se encuentra con su vieja amiga Katsia, una preciosa y cautivadora rusa relacionada con la alta sociedad (es la joven tutora de las hijas del zar). La presencia de esta junto con dos fornidos guardaespaldas en un antro de dudosa reputación es un misterio. Segundo: mientras ambos hablan de su pasado y se interrogan con discreción sobre su presencia en aquel lugar, Salomé, la bailarina principal del espectáculo, se desmaya en escena y provoca un incendio. Afortunadamente, todo quedará en un susto. Felix, encaprichado del órgano Hydraulis, decide volver al día siguiente para comprobar que el instrumento sigue intacto. Sin embargo, no está preparado para descubrir lo que significará este extraño aparato musical en su vida… y en la de todos los que lo rodean.",https://ww3.lectulandia.co/book/el-misterio-de-la-caja-bethel/,Aventuras,2026-09-10T17:11:21
66,Imperio de fuego azul,['Lucía Cerezo'],"['Aventuras', 'Fantástico', 'Novela']",Fénix & Dragón,"Sangre de fénix. Corazón de dragón. Cada cuatro años, un enigmático barco proveniente del imperio maldito de Pramvera llega a Valdemar demandando que cinco mortales sean llevados a sus desconocidas tierras. Eda es la bibliotecaria de un pequeño pueblo y siempre ha encontrado refugio en las páginas de los libros antiguos y en las historias sobre los temibles demonios y bestias que custodian Pramvera. Cuando Eda y su hermano son reclutados y se embarcan hacia Pramvera, ambos se sumergen en el corazón de un misterio que desafía el tejido mismo de su realidad. Allí Dalton Basilius, último jinete y temido emperador, gobierna junto a su imponente dragón. Sin embargo, el imperio no está desprovisto de compañía: unos seres antiguos y poderosos habitan en este territorio aguardando el momento para encontrarse con sus jinetes. «La ira más peligrosa es la que se oculta detrás de un buen corazón».",https://ww3.lectulandia.co/book/imperio-de-fuego-azul/,Aventuras,2026-09-10T17:11:24
67,El tapiz del tiempo,"['Bárbara Montes', 'Juan Gómez-Jurado']","['Aventuras', 'Infantil', 'Intriga', 'Juvenil', 'Novela']",Amanda Black,"«SU FINAL ES TU PRINCIPIO». Caemos durante varios segundos, muchos más de los que esperaba. Por fin, me estrello contra el suelo. Eric cae sobre mí, todavía gritando. Miro a mi alrededor y le doy un empujón suave para que se quite de encima. Se suponía que era una misión sencilla, casi aburrida. Colarme en un museo para robar una reliquia mágica es pan comido. Pero algo debe haber salido mal, porque antes estábamos dentro de un edificio y ahora nos encontramos en plena naturaleza. Además, antes era de noche y ahora apenas está anocheciendo. ¿Cómo es posible? ¿Dónde estamos? —¡Qué fuerte! Creo que ya sé lo que ha pasado —dice Eric con los ojos muy abiertos—. Hemos viajado en el tiempo.",https://ww3.lectulandia.co/book/el-tapiz-del-tiempo/,Aventuras,2026-09-10T17:11:26
68,Lujuria. Libro 1,['Eva Muñoz'],"['Aventuras', 'Erótico', 'Novela', 'Policíaco']",Pecados placenteros,"La llama vuelve a encenderse y esta vez quemará a más de uno . Rachel James tuvo que dejar su vida para salvar a los que ama, renunciando a todo lo que le importaba: sus colegas, su carrera y su familia. Ahora, dos largos años han pasado, el destino toca a su puerta y este quiere que se enfrente a lo que le depara. Un importante cargo está en juego y la teniente debe prepararse para un nuevo duelo. El coronel Morgan, el hombre que la hizo pecar, y el líder de la mafia italiana, Antoni Mascherano, no son las únicas amenazas: la tercera carta cae sobre la mesa, el caos empieza a despertarse, nuevos peligros salen a la luz, así como pasiones que se creían sepultadas, nuevos amores, conflictos, complots y jugarretas que pueden poner en vilo a la mafia y a la milicia. La saga Pecados Placenteros continúa en esta candente nueva entrega, donde la «Lascivia» da paso a una latente «Lujuria», que demuestra que el tiempo no lo cura todo y que los amores insanos son tan perjudiciales como intensos.",https://ww3.lectulandia.co/book/lujuria-libro-1/,Aventuras,2026-09-10T17:11:28
69,La biblioteca de la niebla,['Kai Meyer'],"['Aventuras', 'Histórico', 'Novela', 'Romántico']",,"Una época convulsa. Un manuscrito secreto. Una historia de amor que trasciende el tiempo. Una maravillosa novela histórica que evoca la magia de los libros. San Petersburgo, 1917 . El joven bibliotecario Artur Schneider huye de la revolución llevando consigo un manuscrito que puede poner en peligro las vidas de muchas personas. Su destino es Leipzig, la ciudad de los libros. En su legendario Barrio Gráfico quiere volver a ver a su gran amor, Mara, prometida con el hijo de un rico editor. Costa Azul, Niza, 1928 . La pequeña Liette encuentra, en el ático del hotel Château Trois Grâces, unas polvorientas maletas olvidadas por las familias rusas que visitaban cada verano el hotel y que fueron asesinadas durante la revolución. En su interior descubre un antiguo libro con un misterioso candado. Treinta años después , todas las piezas del pasado volverán a encajar una vez descubren el rastro de un bibliotecario que llegó a Leipzig años atrás, a una villa abandonada junto al mar y a una misteriosa biblioteca envuelta en la niebla.",https://ww3.lectulandia.co/book/la-biblioteca-de-la-niebla/,Aventuras,2026-09-10T17:11:31
70,El zafiro,['A. E. W. Mason'],"['Aventuras', 'Novela']",Biblioteca Oro Azul,"La novela El Zafiro (The Sapphire) de A. E. W. Mason, una aventura exótica, trata sobre el capitán británico Michael Crowther que abandona a su esposa birmana y una valiosa joya (el zafiro) que ella le dio, pero al arrepentirse y regresar, encuentra a su familia fuera de su alcance y se hace monje budista. El zafiro termina adornando un templo, pero es robado, lo que pone en marcha una aventura para encontrarlo. En resumen: Es una novela de aventuras ambientada en Oriente, centrada en la búsqueda de una gema robada que es clave en la historia personal del protagonista, mezclando romance, deserción y misterio en un exótico escenario colonial.",https://ww3.lectulandia.co/book/el-zafiro/,Aventuras,2026-09-10T17:11:32
71,El templo olvidado,"['Bárbara Montes', 'Juan Gómez-Jurado']","['Aventuras', 'Infantil', 'Intriga', 'Juvenil', 'Novela']",Amanda Black,"«Su final es tu principio». Tengo que encontrar a Eric, necesito saber qué ha sido de él. No puedo dejarlo aquí. De todos modos, todavía tengo esperanzas de que esté vivo… Ya nos imaginábamos que la misión sería peligrosa cuando lord Thomsing nos avisó de que los hombres de Irma Dagon estaban en movimientoy acercándose a un peligrosísimo espíritu, escondido en medio de la jungla y protegido por dos tribus ancestrales muy poderosas. Sin embargo, fue la advertencia de Benson, que tenía un mal presentimiento si nos separábamos, la que más nos preocupó a mi mejor amigo y a mí. Y con buena razón. En aquellos instantes, todavía no sabíamos que ninguno de nuestros planes iba a salir bien.",https://ww3.lectulandia.co/book/el-templo-olvidado/,Aventuras,2026-09-10T17:11:34
72,¿Quién es Carmen Sandiego?,['Rebecca Tinker'],"['Aventuras', 'Infantil', 'Novela']",Carmen Sandiego,"SI CREES CONOCERLA, TE EQUIVOCAS. En esta emocionante aventura, basada en la serie animada de Netflix, Carmen cuenta por primera vez su propia historia, fascinante y llena de acción. El mundo entero lleva años preguntándose quién es Carmen Sandiego: ¿una criminal infame o una ladrona escurridiza vestida de rojo? Astuta y especializada en misiones imposibles, Carmen va siempre un paso por delante de sus eternos perseguidores, la agencia de detectives ACME y la Interpol. En esta emocionante aventura, la dama de la gabardina y el sombrero carmesí descubrirá, al fin, sus trepidantes orígenes. LA IDENTIDAD DE LA MISTERIOSA LADRONA… ¡AL DESCUBIERTO!",https://ww3.lectulandia.co/book/quien-es-carmen-sandiego/,Aventuras,2026-09-10T17:11:36
73,Regreso a las estrellas,"['Edmond Hamilton', 'Leigh Brackett']","['Aventuras', 'Ciencia ficción', 'Novela']",Barsoom Recopilatorio,"Recopilatorio de 4 historias de Edmond Hamilton (Los reyes de las estrellas, Las orillas del infinito, Las estrellas rotas y El Horror de Magallanes), y que son la contunuación de la novela “Los Reyes de las Estrellas” Además se ofrece una última historia, esta vez escrita por el matrimonio, Edmond Brackett y Leigh Brackett, Stark y los reyes de las estrellas. E inusual, ya que no escribieron nada juntos salvo ésta como excepción.",https://ww3.lectulandia.co/book/regreso-a-las-estrellas/,Aventuras,2026-09-10T17:11:38
74,La hija del Capitán (Ed. B. Oro),['Aleksandr Pushkin'],"['Aventuras', 'Histórico', 'Novela']",,"La hija del capitán de Pushkin narra la historia del joven oficial Piotr Griniov, enviado a una fortaleza en tiempos de la rebelión de Pugachov, donde se enamora de María, la hija del capitán, viéndose envueltos en la guerra, la traición (Shvabrin) y la clemencia inesperada de Pugachov, que salva a Griniov, quien luego debe rescatar a María de un matrimonio forzado con el traidor, culminando con la intercesión de María ante la zarina para salvar a Griniov de la ejecución, explorando temas de honor, amor y lealtad en medio de la agitación histórica.",https://ww3.lectulandia.co/book/la-hija-del-capitan-ed-b-oro/,Aventuras,2026-09-10T17:11:39
75,Game Over,['Javier Ikaz'],"['Aventuras', 'Ciencia ficción', 'Intriga', 'Novela']",,"Año 1984. En las afueras de Bilbao, Ava y sus amigos pasan aburridos el verano, sin planes emocionantes para las vacaciones. Pero todo da un vuelco cuando durante la noche de San Juan el grupo de niños descubre, en un búnker abandonado de la Guerra Civil, un artefacto extraño que no pueden identificar. No saben que es un teléfono móvil como los que existirán en el siglo XXI. Este hallazgo imposible desata una serie de acontecimientos extraños que comenzarán a investigar. Alternando entre sus yoes como niños y como adultos, Ava y sus amigos se enfrentarán no solo a una lucha por salvar su mundo de una amenaza oculta, sino también a la realidad que los espera décadas después, cuando sus sueños de la infancia han quedado atrás y ya han dado el juego de la vida por terminado.",https://ww3.lectulandia.co/book/game-over/,Aventuras,2026-09-10T17:11:41
76,La hija del Capitán (Tr. Ricardo San Vicente),['Aleksandr Pushkin'],"['Aventuras', 'Histórico', 'Novela']",,"Piotr Andréyevich llega con su fiel criado Savélich a la fortaleza Belogórskaya. Allí se enamora de María Ivánovna, la hija del capitán. Por culpa de la interpretación de un poema, Piotr se bate en duelo con Alexéi Ivánich Shvabrin, del que sale mal parado. Ante la amenaza de la posible incursión de Pugachov, la fortaleza se prepara militarmente, tras el asalto, Piotr se libra por suerte de la horca y Pugachov queda en la fortaleza. El joven Andréyevich recibe un aviso de ir a servir militarmente a Oremburgo. Una vez allí se entera de que María ha sido hecha prisionera y van a obligarla a casarse con Shvabrin. Piotr va a liberarla. Después le juzgarán por abandonar su puesto y apoyar supuestamente al traidor. En el final, moderadamente feliz, interviene la hija del capitán ante la propia emperatriz.",https://ww3.lectulandia.co/book/la-hija-del-capitan-tr-ricardo-san-vicente/,Aventuras,2026-09-10T17:11:43
77,Cristalián de España,['Beatriz Bernal'],"['Aventuras', 'Novela']",,"« Don Cristalián de España. Historia de los invitos y magnánimos cavalleros don Cristalián de España príncipe de Trapisonda y del infante Luzescanio su hermano, hijos del famosíssimo emperador Lindedel de Trapisonda », publicada por primera vez en 1545, constituye la primera novela de caballerías publicada por una mujer en España, convirtiendo a su autora, Beatriz Bernal, en la primera novelista española conocida. Dividida en cuatro partes, narra las aventuras de los caballeros Cristalián y Luzescanio, hijos de Lindedel, y las de muchos otros caballeros y múltiples personajes en esta novela coral.",https://ww3.lectulandia.co/book/cristalian-de-espana/,Aventuras,2026-09-10T17:11:46
78,El hechicero,['H. Rider Haggard'],"['Aventuras', 'Novela']",,"Relato apasionante de lo que puede la fe contra los embates de la superstición. En lo más profundo de la misteriosa selva africana se encuentra la tribu que jamás ha permitido la presencia de un hombre blanco en sus tierras. El joven clérigo… seguro de estar inspirado por Dios, se traslada a la remota aldea para llevar la palabra del Salvador a los feroces salvajes. Su fe y su presencia de ánimo le llevan adelante en la terrible prueba ayudándole a obtener la victoria deseada. La manera como lo consigue forma el tema central de esta interesante novela que debemos a la pluma del autor de las aventuras de Allan Quatermain .",https://ww3.lectulandia.co/book/el-hechicero-h-rider-haggard/,Aventuras,2026-09-10T17:11:48
79,El León de Petra,['Talbot Mundy'],"['Aventuras', 'Novela']",,"El desierto está en pie de guerra y la única esperanza de las autoridades británicas es James Grim, un carismático oficial del servicio secreto célebre por hacer las cosas a su manera. El aventurero reúne a un equipo peculiar: un falso derviche que se hace pasar por médico, un sij, una joven beduina aficionada a los venenos, cuatro guardias de lealtad fluctuante, un espía árabe a sueldo de todos los bandos y el famoso Alí Babá con su no menos célebre banda de ladrones. El León de Petra es una novela de aventuras a la antigua usanza: emoción a raudales, personajes inolvidables, vidas al límite, enredos sin fin y entornos naturales fascinantes.",https://ww3.lectulandia.co/book/el-leon-de-petra/,Aventuras,2026-09-10T17:11:50
80,Las minas del rey Salomón (Ed. Ilustrada),['H. Rider Haggard'],"['Aventuras', 'Novela']",Allan Quatermain,"A fines del siglo XIX las tierra de África, en parte inexploradas, ofrecían un escenario ideal para situar aventuras exóticas. Allí colocó Henry Rider Haggard a Allan Quatermain, el cazador de elefantes, enrolado en un viaje erizado de peligros y dificultades en busca de las portentosas minas del rey Salomón. Una sucesión de peligros, ocasionados por la Naturaleza, las fieras o los nativos, que no entienden la idolatría de los blancos por las piedras, se interpondrán en su camino. Pero de todo ello surge una pregunta esencial: si la «civilización» materialista y obsesionada por el dinero no será, en el fondo, tan salvaje como esas tribus belicosas perdidas en el corazón de la Naturaleza.",https://ww3.lectulandia.co/book/las-minas-del-rey-salomon-ed-ilustrada/,Aventuras,2026-09-10T17:11:52
81,La canoa fantasma,['William Byron Mowery'],"['Aventuras', 'Novela']",Biblioteca Oro Azul,"La canoa fantasma de William Byron Mowery es una novela de aventuras ambientada en los bosques y ríos salvajes de Norteamérica, centrada en la lucha de personajes como Jim y su padre por sobrevivir y defender su territorio, donde la misteriosa «canoa fantasma» que aparece y desaparece, movida por una presencia espectral, se convierte en una leyenda local que aterroriza a tramperos y comerciantes, desatando una trama de peligro, engaño y enfrentamientos con tribus indígenas y enemigos codiciosos, todo mientras se busca la verdad detrás del espectro del agua y se defiende el hogar en la naturaleza indómita, con Mowery usando su conocimiento del entorno para crear una atmósfera de tensión y misterio.",https://ww3.lectulandia.co/book/la-canoa-fantasma/,Aventuras,2026-09-10T17:11:54
82,Mil y una aventuras,"['Ambrose Bierce', 'Arthur Conan Doyle', 'Bram Stoker', 'Daniel Defoe', 'Edgar Allan Poe', 'Gilbert Keith Chesterton', 'H. G. Wells', 'Herman Melville', 'Howard Pyle', 'Jack London', 'Joseph Conrad', 'Mark Twain', 'Robert E. Howard', 'Robert Louis Stevenson', 'Rudyard Kipling', 'Varios Autores', 'William Hope Hodgson']","['Aventuras', 'Relato']",,"Los mejores relatos de aventuras aparecidos en Valdemar (1987-2003). La narrativa de aventuras, a diferencia de la literatura fantástica y de terror, que abunda en relatos breves, ha preferido desde sus orígenes homéricos la extensión de una novela para narrar las diferentes, y a menudo insólitas o exóticas, peripecias de un héroe que, de vuelta de su viaje iniciático, ya no volverá a ser el mismo y crecerá interiormente. No obstante esta preferencia por el relato largo, determinados autores, muchos de ellos escritores anglosajones de aventuras que vivieron a caballo entre el XIX y el XX, se sirvieron también del cuento y la novela corta para contar de un modo menos prolijo o más puntual las andanzas del héroe. Mil y una aventuras reúne los mejores relatos de aventuras publicados a lo largo de dieciséis años en las diferentes colecciones de Valdemar, en particular El Club Diógenes y Avatares. La antología recoge cuentos de autores como Kipling, Stevenson, Conrad o Melville, ampliamente reconocidos dentro de la literatura general, junto a otros relatos de autores menos conocidos, o menos valorados (por su dedicación a la literatura popular), como Conan Doyle, Wells o Bierce. La recopilación incluye tres narraciones, Billy Budd (de Melville), Gaspar Ruiz (de Conrad) y El hombre que pudo reinar (de Kipling), que por su extensión podrían considerarse novelas breves, pero que, debido a su tensión argumenta!, habitualmente se leen de un tirón, como el resto de los relatos. Contiene: El rey de los piratas (Daniel Defoe / trad. Francisco Torres Oliver); El escarabajo de oro (Edgar Allan Poe / Mauro Armiño); Billy Budd (Herman Melville / J.R. Hernández Arias); Una extraña experiencia (Mark Twain / Rafael Santervás); El caso de la zanja de Coulter (Ambrose Bierce / José Luis Moreno-Ruiz); La empalizada roja (Bram Stoker / Óscar Palmer Yáñez); Historia del joven de los pasteles de crema (R. L. Stevenson / José Luis Moreno-Ruiz); El rubí de Kishmoor (Howard Pyle / José María Nebreda); Gaspar Ruiz (Joseph Conrad / Fernando Jadraque); De cómo el brigadier ganó su medalla (Arthur Conan Doyle / Amando Lázaro Ros); El hombre que pudo reinar (Rudyard Kipling / Fernando Jadraque); El discreto contrabando del capitán Bierce (G. K. Chesterton / José Luis Moreno-Ruiz); El descubrimiento del Graiken (William Hope Hogson / José María Nebreda); El silencio blanco (Jack London / ); Jimmy Goggles, el dios (H. G. Wells / Rafael Díaz Santander); El hombre oscuro (Robert E. Howard / Santiago García)",https://ww3.lectulandia.co/book/mil-y-una-aventuras/,Aventuras,2026-09-10T17:11:57
83,Los silencios del Atlántico,['Elías Meana'],"['Aventuras', 'Histórico', 'Novela']",Narrativa marítima,"Los silencios del Atlántico es una novela en la que se recoge la encubierta cooperación que, en connivencia con el régimen de Franco, determinados buques mercantes españoles mantuvieron con la Marina de Guerra Alemana (Kriegsmarine), a lo largo de la Segunda Guerra Mundial, suministrando combustible y otros avituallamientos a los submarinos alemanes que operaban en el Atlántico. Los hechos que se relatan, son los vividos por el capitán español Emilio Ballvona, refugiado en los Estados Unidos, que al mando del mercante estadounidense Galveston Bay , participó en «Atlantic silences», la operación secreta que los aliados desarrollaron con el fin de hacerse con una de las máquinas que la marina de Hitler utilizaba para la encriptación de sus radiocomunicaciones (las famosas «Enigma»).",https://ww3.lectulandia.co/book/los-silencios-del-atlantico/,Aventuras,2026-09-10T17:11:59
84,Tifón y otras historias,['Joseph Conrad'],"['Aventuras', 'Drama', 'Relato']",,"«Acababa de escribir En las últimas e intentaba dar con algún argumento que pudiera ser desarrollado con mayor brevedad, cuando me vino a la memoria el incidente de un vapor que navegaba atestado de culis de Singapur a algún puerto de la China septentrional. El capitán MacWhirr (protagonista de Tifón ) no es una adquisición de unas horas, de unas semanas, o unos meses. Es fruto de veinte años de vida. Mi propia vida. Si bien confieso que el preciso tifón del relato no es un tifón que yo haya vivido en persona. Idéntico comentario cabe extender a todas las historias de este volumen: en ellas, mi experiencia no es más que el lienzo del cuadro que aspiraba a pintar. Cada una alberga múltiples intenciones. y todas fueron escritas con escrupulosa fidelidad a la verdad de mis propias sensaciones. En todo cuanto he escrito hay siempre una intención invariable, la de cautivar la atención del lector dentro de las fronteras del mundo visible y dentro de los límites de las humanas emociones. El tema de Falk es la tentativa de su protagonista por contraer matrimonio, la cual involucra inopinadamente al narrador. Amy Foster se prepublicó en la Illustrated London News . De Mañana , a muchos les llamó la atención su adaptabilidad al teatro, y fui inducido a llevarla al escenario bajo el título Un día más ». Joseph Conrad",https://ww3.lectulandia.co/book/tifon-y-otras-historias/,Aventuras,2026-09-10T17:12:01
85,Aventuras del profesor Challenger (introd. Alfredo Lara),['Arthur Conan Doyle'],"['Aventuras', 'Relato']",,"Del mismo modo que para la creación del genial detective Sherlock Holmes Conan Doyle se inspiró –tanto en el aspecto como en el carácter– en su profesor de la Universidad de Edimburgo, Joseph Bell, otro profesor, el fisiólogo William Rutherford, sirvió de modelo para el no menos singular profesor Challenger –el cerebro de un genio en el cuerpo de un hombre de las cavernas–, según confesión de su autor. Este volumen reúne todas las aventuras del profesor Challenger, con una salvedad que ya viene siendo una tradición: se ha excluido de esta recopilación la novela El país de la bruma (1926) pues en ella Challenger se ha convertido en una mera excusa de Conan Doyle para hacer propaganda del espiritismo (al que el autor escocés era muy aficionado), dejando de lado su talante aventurero; pero en su lugar se ha incluido la novela El abismo de Maracot (1929), protagonizada por el profesor Maracot, colega de Challenger y procedente como él de los más reputados ambientes científicos. La razón de esta sustitución es muy simple: el profesor Maracot es más Challenger que el Challenger de El país de la bruma . Introducción de Alfredo Lara. Contiene: El mundo perdido; La zona ponzoñosa; El abismo de Maracot; Cuando la tierra lanzó alaridos; La máquina desintegradora",https://ww3.lectulandia.co/book/aventuras-del-profesor-challenger-introd-alfredo-lara/,Aventuras,2026-09-10T17:12:04
86,Las nuevas mil y una noches (trad. Loayza & Badiola),['Robert Louis Stevenson'],"['Aventuras', 'Relato']",,"La edición original publicada en 1882 por R. L. Stevenson de Las nuevas mil y una noches no recogía, a pesar de la posterior costumbre editorial, únicamente los dos relatos («El Club de los Suicidas» y «El diamante del rajá») que han dado celebridad al título. Además de estas dos narraciones atribuidas a un improbable «autor árabe», que recordaban a las Mil y una noches por su estructura de episodios entretejidos y por su indudable atmósfera fantástica —«en parte, la verdadera atmósfera de Londres por la noche; [y] en parte, la irreal atmósfera de Bagdad», como dijo Chesterton—, el volumen incluía otras piezas que, siendo del mejor Stevenson, quizá no sean hoy de las más conocidas. Las costas escocesas son el escenario de «El pabellón de las marismas», en la que dos antiguos amigos se reencuentran y se disputan a una misma mujer en una turbia atmósfera de deshonor. Los otros tres relatos ocurren en Francia, dos de ellos en la Edad Media, y todos giran alrededor de personajes que, en busca de un refugio ocasional, acaban viviendo experiencias imprevistas. «Un lugar donde pasar la noche» recrea un episodio sangriento en la vida del poeta y ladrón François Villon. No menos denso, pero de algún modo más cortés, es «La puerta del señor de Malétroit», donde un joven se ve abocado a una boda inesperada. Finalmente, «La Providencia y la guitarra» narra la accidentada noche de un músico ambulante y de su esposa en una localidad en la que no son precisamente bienvenidos. Esta edición restaura la recopilación original del volumen y constituye una ocasión inédita para redescubrir la obra de uno de los escritores más imaginativos de la historia de la literatura.",https://ww3.lectulandia.co/book/las-nuevas-mil-y-una-noches-trad-loayza-badiola/,Aventuras,2026-09-10T17:12:06
87,El barco escuela Tobermory,['Alexander McCall Smith'],"['Aventuras', 'Juvenil', 'Novela']",,"Ben y Fee son gemelos y han crecido en un submarino. Ahora con casi trece años irán a un colegio de lo más original: un barco escuela llamado Tobermory, cerca de la isla escocesa de Mull, en el que hay alumnos de todo el mundo para aprender a navegar. Nada más empezar las clases, un equipo de rodaje desembarca en Mull e invitan a Ben a ser extra en la película que van a hacer. Al principio parece algo emocionante, pero pronto él y sus amigos empezarán a notar cosas extrañas… Comienzan así una trepidante aventura en altamar que pondrá a prueba su valor.",https://ww3.lectulandia.co/book/el-barco-escuela-tobermory/,Aventuras,2026-09-10T17:12:08
88,Los incursores,['Mary Norton'],"['Aventuras', 'Fantástico', 'Infantil', 'Juvenil', 'Novela']",,"Arrietty es más diminuta que un terrón de azúcar. Pero es muy valiente, porque con una aguja como espada deberá salvar a toda su familia, con la que vive bajo el suelo de un viejo caserón. Ellos son LOS INCURSORES. No poseen nada y por eso deben vivir peligrosas aventuras cada vez que quieren «tomar prestada» alguna de las pertenencias de los dueños de la casa: los enormes «serumanos». Hasta que Arrietty conoce a uno de ellos, un niño muy especial. Y sus vidas cambian para siempre. Este volumen contiene el libro I, «Los incursores», y el libro II, «Los incursores en el campo», de la serie «Los incursores».",https://ww3.lectulandia.co/book/los-incursores/,Aventuras,2026-09-10T17:12:11
89,La tierra del Sol y la Luna,['Concha López Narváez'],"['Aventuras', 'Histórico', 'Juvenil', 'Novela']",,"Esta novela con fondo histórico fascinará a los lectores porque les informa a través de una original trama de ficción, con personajes novelescos, de hechos reales y acontecimientos importantes en la Historia de España. La relación entre cristianos y musulmanes que durante siglos convirtieron en el Al-Andalus con sus religiones y diferentes costumbres. La tierra del Sol y la Luna se desarrolla en el siglo XVI, en la hermosa Vega de Granada, cuando la paz fue imposible. Una bella historia de amor, amistad y fidelidad entre dos jóvenes, María y Hernando, que representan dos razas y dos culturas.",https://ww3.lectulandia.co/book/la-tierra-del-sol-y-la-luna/,Aventuras,2026-09-10T17:12:13
90,Vampiro,['Hanns Heinz Ewers'],"['Aventuras', 'Novela', 'Terror']",,"Tras la catastrófica derrota alemana en la Primera Guerra Mundial, los países de habla germana vivieron un renacimiento cultural: Freud en Viena, Kafka en Praga, y el cine de Murnau y Fritz Lang. En este caldo de cultivo surge también una generación de escritores, Gustav Meyrink, H.H. Ewers y Karl Hans Strobl, que reivindican la tradición del «romanticismo negro» de Hoffmann, Tieck o Poe. Hanns Heinz Ewers, autor de la inmortal «Mandrágora», fue un dandi y un viajero impenitente que recorrió todo el globo. Sus obras más destacadas fueron las tres novelas dedicadas a su alter ego Frank Braun, escritor, filósofo, viajero y vividor: El aprendiz de brujo, Mandrágora y Vampiro. En Vampiro (1920) Ewers lleva a cabo una recreación simbólica del mito tratando de entender la terrible masacre ocurrida en la guerra europea. Tras embarcar en un crucero que viajará alrededor del mundo, a Frank Braun le llegan noticias del estallido de la guerra en Europa al tiempo que se desata una epidemia de fiebre amarilla a bordo. Braun logra escapar indemne, desembarca en San Francisco y decide atravesar los Estados Unidos hasta llegar a Nueva York, donde se encontrará con una antigua amante, Lotte Lewi, una seductora judía alemana que adora las piedras preciosas. Las noticias de la guerra vuelan y hordas de emigrantes alemanes tratan desesperados de encontrar un pasaje de vuelta a su país. Lotte, bohemia y patriota, convence a su amante para que se comprometa con la causa germana, y este, convertido en activista, recorre el país arengando a las masas. Pero Braun ha contraído una misteriosa enfermedad: sufre una constante fatiga y frecuentes lapsus mentales que le sumergen en profundos trances seguidos de amnesia.",https://ww3.lectulandia.co/book/vampiro-hanns-heinz-ewers/,Aventuras,2026-09-10T17:12:15
91,Historia de valientes,['Vardis Fisher'],"['Aventuras', 'Novela']",Frontera,"La expedición de Lewis y Clark por el río Missouri supuso para los Estados Unidos una gesta equiparable al primer viaje de Cristóbal Colón al continente americano. En enero de 1803 el presidente de los Estados Unidos, Thomas Jefferson, solicita al Congreso fondos para enviar una expedición que, partiendo de San Luis, remonte el río Missouri y atraviese el norte del continente americano hasta alcanzar las costas del Pacífico. No se tenía una idea exacta de cuántos kilómetros habría de recorrer la expedición, ya que tendría que cruzar territorios donde el hombre blanco apenas había pisado. Historia de valientes narra la azarosa expedición de Lewis y Clark, oficiales del ejército, que partió a la aventura en 1804 y acabaría completando un itinerario de casi trece mil kilómetros, persistiendo en su avance a través de todo tipo de penalidades e invirtiendo más de dos años en el accidentado y tortuoso recorrido, una gesta equiparable, desde el punto de vista de la historia estadounidense, al primer viaje de Cristóbal Colón al continente americano, y con el mismo propósito de conquista y reivindicación territorial. En primer lugar, se trataba de explorar una enorme región, La Luisiana, que los Estados Unidos acababa de adquirir a Francia, pero también incorporar territorios para que la nueva república se extendiera desde el Atlántico hasta el Pacífico. La novela sigue los minuciosos diarios de viaje del capitán Lewis y nos presenta personajes inolvidables como Sacajawea, una muchacha shoshone que, al igual que Pocahontas y Malinche, presta su ayuda y sirve de guía a los exploradores. Historia de valientes puede considerarse tanto un western como una novela histórica, un relato de aventuras e incluso una crónica de viajes.",https://ww3.lectulandia.co/book/historia-de-valientes/,Aventuras,2026-09-10T17:12:17
92,El busto con ojos de esmeralda,['Gustave le Rouge'],"['Aventuras', 'Fantástico', 'Intriga', 'Novela']",El misterioso doctor Cornelius,"Las aventuras del «misterioso doctor Cornelius» son sin duda una de las obras maestras de la novela negra popular de la Belle Époque. Le Rouge mezcla intriga y visión científica en un universo novelístico de gran originalidad. De Nueva York a Bretaña, del Gran Oeste americano a la Isla de los Ahorcados, la pluma de Le Rouge lleva al lector a lugares asombrosos, misteriosos y enigmáticos, donde chocan dos concepciones antagónicas del mundo: Una, encarnada por el científico francés Prosper Bondonnat, cuyas investigaciones se centran únicamente en añadir una piedra al «radiante edificio de la modernidad»; la otra, por el malvado doctor Cornelius Kramm, cirujano plástico estadounidense, «escultor de la carne humana» e inventor de la «carnoplastia», cuya obsesión es esencialmente el poder y el dinero.",https://ww3.lectulandia.co/book/el-busto-con-ojos-de-esmeralda/,Aventuras,2026-09-10T17:12:18
93,Benito Cereno y otros cuentos del mar,['Herman Melville'],"['Aventuras', 'Relato']",,"Como ocurre con demasiada frecuencia, el escritor norteamericano Herman Melville (1819-1891) no alcanzó la fama en vida: su novela más popular, Moby Dick , publicada cuando el escritor contaba poco más de treinta años, pasó casi inadvertida. La mayor parte de sus libros tiene el mar como escenario, pero el genio de Melville trasciende el simple relato marítimo, al utilizar el mundo del mar para ahondar en el enigma de la existencia; no obstante, la acción fluye ágil, el relato capta al lector con fuerza irresistible, la trama no pierde un ápice de realismo ni de credibilidad. Los relatos seleccionados ofrecen un amplio espectro de los temas que obsesionaron a Melville: Benito Cereno es una inmersión en la insondable esencia del Mal, y la escenificación del hundimiento de un mundo –la esclavitud– y el resurgimiento de otro nuevo. En Billy Budd gravita una atmósfera sombría, fruto del dominio del Mal que triunfa en la Tierra sobre la inocencia, y el relato adquiere un carácter trágico que le da casi el aura de un auto sacramental. Daniel Orme , John Marr y Los «’Gees» pertenecen a sus sketches marítimos, ejercicios de estilo donde se gestan los grandes temas de sus obras más ambiciosas.",https://ww3.lectulandia.co/book/benito-cereno-y-otros-cuentos-del-mar/,Aventuras,2026-09-10T17:12:21
94,El ultimátum de la Tierra,['Jorge Zaragoza Gómez'],"['Aventuras', 'Fantástico', 'Intriga', 'Juvenil', 'Novela']",,"Tras tantos años de abusos medioambientales llevados a cabo por la mano del hombre, el cambio climático ha alcanzado el punto de no retorno. Gaia, nuestra madre Tierra, debe tomar una drástica decisión. Juan, un joven adolescente cansado de peregrinar de ciudad en ciudad, acaba de instalarse en Alicante. Todavía no es consciente cómo el misterioso libro que le va regalar su abuela va a cambiar su vida por completo, convirtiéndose en pieza clave para la resolución de un misterio que amenaza a la humanidad. Conocerá a Yodan, una chica muy especial, y junto al poder del Dragón, se verá envuelto en una espiral de dificultades y peligrosas aventuras en las que coincidirá con un capitán del ejército español y una banda mafiosa ubicada en la Costa Blanca. Tres historias muy diferentes que se irán entremezclando hasta configurar un sorprendente desenlace .",https://ww3.lectulandia.co/book/el-ultimatum-de-la-tierra/,Aventuras,2026-09-10T17:12:23
95,A bordo del Taimyr,['Emilio Salgari'],"['Aventuras', 'Novela']",,"Relata la aventura que corren dos valientes cazadores de nutrias en las tierras que bañan las aguas árticas, cuando por, extraño azar se ven a bordo de un submarino, «El Taymir», dotado de todas las perfecciones y adelantos científicos. Huéspedes obligados de esta nave, los dos cazadores van de sorpresa en sorpresa al conocer los bajos fondos de aquellos mares en los que realizan la pesca del arenque, del naral, de la ballena, vueltos a la superficie luchan con las focas, los osos y otros animales que dan lugar a episodios de emocionante interés, aunque éste culmina al hallarse a enormes profundidades, con los restos de la expedición de Franklin que fue para Inglaterra una pérdida incalculable, dada la valía del genial hombre de ciencias. La novela no pierde interés en momento alguno. Esta es una de las obras que le han valido a Salgari un destacado éxito.",https://ww3.lectulandia.co/book/a-bordo-del-taimyr/,Aventuras,2026-09-10T17:12:25
96,La carrera del Té,['Víctor San Juan'],"['Aventuras', 'Novela']",Narrativa marítima,"En pleno apogeo de la Carrera del Té y las regatas transoceánicas de clíperes que iban a buscarlo al corazón de la China, el crucero de Su Majestad Cordelia recibe órdenes secretas para interceptar, y en su caso destruir, los veleros de la regata de ese año, pues se tiene la seguridad de que al menos uno de ellos transporta a la metrópoli mercancía envenenada, aunque no se sabe cual. Esta regata del Té, por tanto, será una regata diferente, con la muerte literalmente en los talones y a lo largo de ella, y de sus 15.000 millas de recorrido, los capitanes, oficiales, marineros y pasajeros de estos barcos increíbles tendrán que hacer lo imposible por escapar de un cruel destino.",https://ww3.lectulandia.co/book/la-carrera-del-te/,Aventuras,2026-09-10T17:12:27
97,De los Andes al cielo,['Coronel Ignotus'],"['Aventuras', 'Ciencia ficción', 'Novela']",,"En el amanecer del siglo XXII, la ciencia y la ambición humanas se enfrentan a su mayor desafío: conquistar el espacio. De los Andes al cielo inaugura la Biblioteca novelesco-científica y abre, al mismo tiempo, la trilogía visionaria concebida por el Coronel Ignotus. En sus páginas, la imaginación técnica y el espíritu de aventura se funden en un relato pionero de la ciencia ficción en lengua española, que invita al lector a acompañar a sus protagonistas en el sueño —y el vértigo— de abrir rutas hacia otros mundos.",https://ww3.lectulandia.co/book/de-los-andes-al-cielo/,Aventuras,2026-09-10T17:12:28
98,El Saracen,['Douglas Reeman'],"['Aventuras', 'Novela']",,"Malta 1941. Para la mayoría de la gente, el HMS Saracen es solo un barco feo y obsoleto con un pasado reciente igualmente desagradable: su ultimo comandante se enfrenta a un consejo de guerra tras bombardear las tropas a las que le habían enviado a proteger. Pero al capitán Richard Chesnaye le trae recuerdos, recuerdos de la Primera Guerra Mundial, cuando él y el viejo buque monitor hicieron la campaña de Gallipoli juntos. Al parecer, comandante y barco están ambos lejos de su mejor momento. Pero cuando la guerra entra en una nueva fase, Chesnaye presiente la posibilidad de un nuevo e importante papel para él y el Saracen.",https://ww3.lectulandia.co/book/el-saracen/,Aventuras,2026-09-10T17:12:31
99,El Resurreccionista,['Lucas Barrera'],"['Aventuras', 'Histórico', 'Intriga', 'Novela', 'Terror']",,"Hubo un tiempo en que una persona valía más muerta que viva. Londres, 1831. Cada noche, Vane Blackwood y sus compañeros salen en busca de cadáveres recientes que robar para vender a los anatomistas por cuantiosas sumas de dinero. Los llaman resurreccionistas, la mayor escoria de todo Londres, peores en reputación que un asesino. Llevan a cabo uno de los trabajos más infames y desagradables que se hayan ejercido jamás, uno que no permite escrúpulos y les hace ser temidos, pero, sobre todo, odiados. Es algo asumido, va en el sueldo, pero están a punto de descubrir que siempre hay alguien peor que tú. Veinte años antes, León Ravenscroft, hijo de un humilde estibador, entra en la Marina Real británica por pura casualidad. En ese momento, no tiene ni idea de que su vida dará un giro radical hacia una sucesión de eventos extraordinarios en los que una funesta oscuridad parece empeñada en acompañarle. En El Resurreccionista, los ladrones de tumbas no son más que la punta de lanza de un complejo mercado negro que empieza en lo más bajo de los muelles del Támesis, pasa por la adinerada burguesía y termina en las casas de los más distinguidos nobles. Supervivencia, aventura, venganza, amor, historia, leyendas... Todos estos ingredientes se dan cita en esta historia épica que va desde la Inglaterra previctoriana hasta el Nuevo Mundo y el África ignota, una epopeya que nos cuenta la historia real que dio lugar a la Ley de Anatomía de 1832 en el Reino Unido.",https://ww3.lectulandia.co/book/el-resurreccionista/,Aventuras,2026-09-10T17:12:34
100,Capitanes intrépidos (Ed. Clásicos a medida),['Rudyard Kipling'],"['Aventuras', 'Juvenil', 'Novela']",Clásicos a medida,"Harvey es un niño malcriado, impertinente y maleducado, hijo de un multimillonario. Un día, todo cambia cuando, durante un lujoso viaje en barco, cae al mar y es recogido por unos pescadores. Su nueva vida en un barco pesquero le obligará a aprender un oficio para poder comer, y le enseñará a convivir con otras gentes que le muestran valores que él nunca había apreciado.",https://ww3.lectulandia.co/book/capitanes-intrepidos-ed-clasicos-a-medida/,Aventuras,2026-09-10T17:12:36
101,Diario del enano,['Eduardo Liendo'],"['Aventuras', 'Fantástico', 'Novela', 'Otros']",,"Un hombre que es muchos hombres confluye desde diversos puntos del espacio y el tiempo en una figura poderosa: José Niebla, personaje que salta de un intemporal teatro ambulante a la realidad de un absolutismo cruel y total, cuya crónica será llevada por un enano. Diario del enano, última novela de Eduardo Liendo, registra un itinerario fantástico que se inicia en la carpa de un circo y que nos llevará a un burdel de Venecia visitado por Casanova, a la España de Goya, el París de los inicios del billar o a un fortín en La Guaira donde Miranda encarcelado espera su retorno a España y a la muerte. Liendo desarrolla la aventura de este ser fantástico y atroz a través de una prosa clara, no exenta de lirismo y humor.",https://ww3.lectulandia.co/book/diario-del-enano/,Aventuras,2026-09-10T17:12:39
102,"Damas y vaqueros, serie completa",['Verónica Mengual'],"['Aventuras', 'Histórico', 'Novela', 'Romántico']",Destino (V. Mengual),"Este libro contiene la serie completa de Destino (V. Mengual). Los tres libros son: — Un esposo inconveniente — Un amor inconveniente — Un matrimonio inconveniente. Sarah Lee Foster, es una muchacha que hereda el rancho Sarah Love en Texas, y lo administra con la ayuda de Travis Hutson y Jeremy Andrews, sus dos más grandes amigos. El primer libro es la historia de la propia Sarah. El segundo libro es la historia de su capataz, Travis Hutson, un mestizo cuyo nombre indio es Águila Negra. Y el tercer libro es la historia de Jeremy Andrews, el vaquero que todo se lo toma a broma.",https://ww3.lectulandia.co/book/damas-y-vaqueros-serie-completa/,Aventuras,2026-09-10T17:12:42
103,Los peces de la corona,['Juan Carlos Arbex'],"['Aventuras', 'Histórico', 'Intriga', 'Novela']",Narrativa marítima,"En la Europa de finales del siglo XVIII, la Ilustración y la revolución que se incuba en Francia están a punto de alumbrar una nueva forma de ver y gobernar el mundo. A caballo entre los reinados de Carlos III y de Carlos IV, las Españas asisten asombradas al huracán que sacude la Francia, mientras que el conde de Floridablanca continua guiando al reino e impulsando un nuevo modelo de política pesquera que aporte marinos experimentados a las cubiertas de los navíos de la Real Armada. Basada en los documentos conservados en el Archivo Histórico Nacional, la novela Los peces de la Corona nos adentra en los años que discurren entre 1787 y 1789. El alto funcionario Antonio Sáñez Reguart, el artista Miguel Crós y Ana María, junto al resto de los personajes que protagonizaron la novela El dibujante de peces , se verán envueltos en una nueva aventura que, en esta ocasión, les llevará al otro lado de la Mar Océano, hasta tierra de Indias.",https://ww3.lectulandia.co/book/los-peces-de-la-corona/,Aventuras,2026-09-10T17:12:43
104,Crímenes reales,['Samantha Kolesnik'],"['Aventuras', 'Fantástico', 'Novela']",,"Suzy ha vivido toda su infancia bajo la amenaza y la violencia de su madre. Tanto abuso ha dejado en ella una huella difícil de erradicar, y un día, cansada de la humillación y de someterse a los designios de los demás, actúa. A partir de este momento, Suzy y su hermano Lim se embarcan un frenesí violento y mortal que llevará a la joven en un viaje de autodescubrimiento de su más oscuro interior.",https://ww3.lectulandia.co/book/crimenes-reales/,Aventuras,2026-09-10T17:12:45
105,Alicia en el País de las Maravillas. Al otro lado del espejo,['Lewis Carroll'],"['Aventuras', 'Fantástico', 'Infantil', 'Juvenil', 'Novela']",,"Diálogos insólitos, situaciones extrañas y un aire de magia absolutamente real impregnan las aventuras de Alicia. Si Alicia en el País de las Maravillas nació por causalidad de los relatos fantásticos que Lewis Carroll improvisaba para tres niñas, Al otro lado del espejo narra el viaje a un país hecho a modo de tablero de ajedrez, al que llega Alicia después de cruzar el espejo. Para adaptar el mundo a la mente infantil de las tres hermanitas Liddell —Alicia, Lorina y Edith—, Carroll prescinde de prejuicios y utiliza un humor cruel y lleno de ingenio con el que burlarse de los convencionalismos y tradiciones de la sociedad inglesa, y a la postre de cualquier sociedad... Los elementos con que juega la narración no se apartan de lo que Alicia puede ver en su vida cotidiana o en sus libros, pero la imaginación eleva a emblema irracional la lógica, convirtiendo las aventuras de Alicia en uno de los primeros ejemplos de libertad absoluta de la mente, que encadena su lógica a partir de unos presupuestos que no la tienen. Así, mostrando el envés de los valores aceptados, Carroll se adentra por un territorio de sueños donde no hay más fantasmas que la verdad desnuda de sus apariencias y de sus mentiras.",https://ww3.lectulandia.co/book/alicia-en-el-pais-de-las-maravillas-al-otro-lado-del-espejo/,Aventuras,2026-09-10T17:12:48
106,Cuentos completos,['H. G. Wells'],"['Aventuras', 'Ciencia ficción', 'Fantástico', 'Relato']",,"Pionero de la moderna ciencia ficción, H. G. Wells (1866 – 1946), a diferencia de Verne y otros autores del género, no se entretiene en ofrecer al lector complejas descripciones científicas o técnicas, sino que se limita a plantearnos una situación imposible: una invasión alienígena, una fórmula para lograr la invisibilidad, o una máquina que nos permite viajar en el tiempo, pero la presenta en un contexto cotidiano; en el salón de casa, en un bar o en el parque del barrio. Una vez que el lector acepta lo imposible, Wells lo arrastra a las más increíbles aventuras con un lenguaje llano y directo, como si allí no estuviera pasando nada fuera de lo normal. A él se deben varias obras maestras que están en el origen del género de la ciencia ficción: La máquina del tiempo (1895), El hombre invisible (1897), La guerra de los mundos (1898) o Los primeros hombres en la luna (1901). Pero H. G. Wells estaba dotado también de un excepcional talento para la creación de historias cortas. Este volumen reúne los ochenta relatos que publicó, e incluye la novela corta La máquina del tiempo y el relato guionizado para el cine «El nuevo Fausto». El lector encontrará las historias agrupadas en sus colecciones originales, y una sección final con los relatos aparecidos en revistas y nunca incluidos por Wells en un libro.",https://ww3.lectulandia.co/book/cuentos-completos-h-g-wells/,Aventuras,2026-09-10T17:12:50
107,"Historia de Apolonio, rey de Tiro",['Anónimo'],"['Aventuras', 'Relato']",,"En la Historia de Apolonio rey de Tiro , un relato anónimo del siglo V o principios del siglo VI redactado en latín, se narran las separaciones, peripecias y sufrimientos que han de afrontar Apolonio y su familia hasta el reencuentro que finalmente los reúne. La historia, con una curiosa mezcla de elementos paganos y cristianos, a medio camino entre la novela y el cuento popular con un oscuro origen sobre el que siguen debatiendo los filólogos, gozó de una difusión y popularidad en la Edad Media y el Renacimiento que muy pocas obras latinas conocieron: la figura de su protagonista, Apolonio, interesó y atrajo al público europeo durante casi diez siglos y alimentó decenas de versiones que se hicieron del relato, tanto en latín como en numerosas lenguas vernáculas europeas.",https://ww3.lectulandia.co/book/historia-de-apolonio-rey-de-tiro/,Aventuras,2026-09-10T17:12:52
108,El dibujante de peces,['Juan Carlos Arbex'],"['Aventuras', 'Histórico', 'Intriga', 'Novela']",Narrativa marítima,"En los últimos años del reinado de Carlos III, un alto funcionario de la Renta de Correos es comisionado directamente por el Conde de Floridablanca para indagar, con la mayor discreción, sobre la decadencia de la pesca en España. Destinado en Santander, el Comisionado inicia sus investigaciones en 1780 y contrata a un acuarelista para dibujar la colección de animales marinos que viven en las aguas del Reino. Juntos, emprenderán un viaje de más de tres años de duración por las costas españolas, permanentemente acosados por agentes al servicio de intereses británicos y prusianos. La trama novelada de « El Dibujante de Peces » se basa en los hechos reales acaecidos entre 1783 y 1787, protagonizados por el Comisario Real de Marina Antonio Sáñez Reguart y el pintor Miguel Crós.",https://ww3.lectulandia.co/book/el-dibujante-de-peces/,Aventuras,2026-09-10T17:12:54
109,Una herencia salvaje,['Megan Maxwell'],"['Aventuras', 'Erótico', 'Novela', 'Romántico']",Las guerreras Maxwell,"Adéntrate en la décima entrega de «Las guerreras Maxwell» y descubrirás que el amor es capaz de desafiar el destino y unir dos corazones en un solo latido . Amanda McRae, la hija pequeña de Duncan y Megan, es una joven apasionada y de fuerte carácter, conocida por su franqueza y su amor por los niños. Desde siempre ha soñado con unos misteriosos ojos grises que cree que pertenecen al hombre de su vida, por lo que descarta a cualquier pretendiente que no posea esa mirada enigmática. Brodrick Fraser, conde de Aviemore, acaba de quedar viudo tras un matrimonio sin amor que terminó en tragedia y con dos pequeños a su cargo. El destino los reúne cuando Amanda y sus padres visitan el castillo del conde para presentarle sus condolencias. Durante su estancia, la conexión que sintieron meses atrás en el castillo de Eilean Donan resurge con una fuerza inesperada. Lo que comienza como una mera obligación se convertirá en una apasionada y emotiva historia de amor. Amanda y Brodrick descubrirán que, a veces, el amor surge de las situaciones más inesperadas y complicadas; que vale la pena luchar por lo que realmente importa, y que los sueños se cumplen no solo soñándolos, sino también trabajando por ellos.",https://ww3.lectulandia.co/book/una-herencia-salvaje/,Aventuras,2026-09-10T17:12:57
110,Moby-Dick,['Herman Melville'],"['Aventuras', 'Novela']",,"«Llamadme Ismael.» Muy pocos personajes literarios hay hoy tan conocidos como la ballena blanca, o Ismael o el capitán Ajab, y probablemente no haya un inicio de novela tan famoso como el de Moby-Dick . Concebida por Herman Melville como respuesta norteamericana a la gran literatura europea de finales del siglo XVIII y principios del XIX, Moby-Dick recoge la tradición romántica y gótica dando forma a un épico poema que ha llegado a ocupar en Estados Unidos el puesto de gran novela nacional y a ser considerada como la gran epopeya en prosa del mundo occidental contemporáneo.",https://ww3.lectulandia.co/book/moby-dick-herman-melville/,Aventuras,2026-09-10T17:12:59
111,Veinte mil leguas de viaje submarino,['Julio Verne'],"['Aventuras', 'Novela']",Viajes Extraordinarios,"Obra narrada en primera persona por el profesor francés Pierre Aronnax, notable biólogo que es hecho prisionero por el Capitán Nemo y es conducido por los océanos a bordo del submarino Nautilus , en compañía de su criado Conseil y el arponero canadiense Ned Land. La historia comienza con una expedición a bordo de un buque de la marina de guerra estadounidense que busca dar caza a un extraño cetáceo que había ocasionado la desaparición misteriosa de diversas embarcaciones. Durante la expedición, los protagonistas se ven lanzados por la borda del buque como resultado de una embestida del animal, son rescatados y logran llegar a nado a un lugar seguro. Una vez a salvo, descubren que no se encuentran realmente en una isla, sino sobre una estructura metálica: un submarino. En el interior del misterioso artefacto conocen al Capitán Nemo, personaje desgraciado y brillante, con un oscuro pasado y de grandes aptitudes científicas y artísticas. Éste les muestra toda la nave, el Nautilus , y les da notables explicaciones sobre su ingeniería. El capitán les informa de que, al haber conocido su existencia, no puede dejarlos volver a la superficie. A lo largo del viaje, les son revelados muchos secretos, y recorren diversos lugares, entre los que se menciona la mítica Atlántida, las islas de la Polinesia, el Mar Rojo, las costas del Lejano Oriente, el Mediterráneo, etc. A través de su personaje Aronnax, Jules Verne señala varios posibles inventos: escafandras autónomas de buceo, fusiles de balas eléctricas, máquinas para producir aire respirable, etc.",https://ww3.lectulandia.co/book/veinte-mil-leguas-de-viaje-submarino/,Aventuras,2026-09-10T17:13:02
112,El romántico,['William Boyd'],"['Aventuras', 'Novela']",,"Nacido en 1799, Cashel Greville Ross tiene la oportunidad de vivir muchas vidas. Son años alegres, pero devastadores, años de suerte y también de pérdidas inesperadas. Trasladándose del condado de Cork a Londres y de Waterloo a Zanzíbar, Cashel desafía el destino en todos los continentes, vivirá extravagantes aventuras en frenética búsqueda de su verdadero yo, se enfrentará a una terrible elección moral en un pueblo de Sri Lanka como parte del ejército de las Indias Orientales, viajará a Pisa, donde entrará en el mundo de los poetas románticos y en Rávena, la ciudad de Romeo y Julieta, conocerá al amor de su vida. Soldado, amante, padre, amigo de célebres poetas como el propio Lord Byron, criminal, agricultor, explorador y escritor metódico, Cashel siempre se encontrará en el lugar y en el momento en que el siglo acelera inevitablemente su curso sin dejar nunca de interrogarse sobre el sentido de su errancia. De la pluma de uno de los escritores británicos más queridos de nuestros tiempos, una novela centelleante sobre las extraordinarias aventuras de un hombre corriente y, al mismo tiempo, el vívido retrato de una época convulsa y fascinante.",https://ww3.lectulandia.co/book/el-romantico/,Aventuras,2026-09-10T17:13:04
113,La hermandad de la buena suerte,['Fernando Savater'],"['Aventuras', 'Novela']",,"Un caballo invencible que ya ha sido vencido, un jockey que desaparece misteriosamente cuando busca el secreto de la buena suerte, dos magnates sin escrúpulos que pretenden zanjar sus rivalidades en la pista del hipódromo… Ya se acerca la fecha de la Gran Copa, la carrera internacional que desata pasiones. Cuatro aventureros deben encontrar al desaparecido a tiempo para que pueda montar en la prueba crucial: mientras, cada uno de ellos lucha contra los fantasmas de su pasado. Su búsqueda los hará enfrentarse con enigmas y peligros, hasta el desenlace en una isla del Mediterráneo donde se encontrarán con la traición... y con el acecho de los leones. Una novela de aventuras, aliñada con gotas de metafísica y ambientada en el fascinante mundo de las carreras de caballos.",https://ww3.lectulandia.co/book/la-hermandad-de-la-buena-suerte/,Aventuras,2026-09-10T17:13:06
114,En la oscuridad de la noche,['Alissa Brontë'],"['Aventuras', 'Novela', 'Romántico']",Bandoleros,"Una historia que te arrastrará entre suaves acordes de guitarra al mundo de los bandoleros, donde la lealtad es necesaria para permanecer a salvo y las grandes historias de amor suceden en la oscuridad de la noche. El valor y la lealtad se mezclan con el amor, que llega en la oscuridad de la noche. Alejandro, cansado de ver como su capitán en la Guardia Civil abusa de su posición, se une a la banda del famoso bandolero conocido como el «Caballero» con la esperanza de desenmascarar a su superior. El asentamiento de los temibles forajidos será también el destino de Carmen, quien, ocultando su verdadera identidad, se topa con ellos en su huida del matrimonio de conveniencia que le han preparado sus padres. Allí encuentra la libertad que tanto ansía y coincide con Lola, una joven marcada que ha escapado de su destino y cuyo corazón busca la paz. Tres historias de valentía y lealtad que confluyen en el campamento de los bandoleros que tienen en jaque a todas las fuerzas del orden de la comarca.",https://ww3.lectulandia.co/book/en-la-oscuridad-de-la-noche/,Aventuras,2026-09-10T17:13:08
115,Los vagabundos de las profundidades,['Guillermo Rancés'],"['Aventuras', 'Intriga', 'Novela']",Narrativa marítima,"En esta entretenida novela, el autor nos muestra como la libertad solamente está en el pensamiento. Lo que aquí se relata, tiene mucho que ver con ella pero en divertidas fantasías, verdades e imaginaciones. Con esta obra, pretende abrir «puertas de escape» a nuestra monótona realidad diaria, para eso cree conveniente el matizar un poco: Lo que se relata en esta historia es imaginado… pero no del todo. Lo que sucede a lo largo de ella es fantasía… pero hasta cierto punto. Los personajes son ficticios… salvo los que son reales. Como los lugares, que también son reales… menos los que no lo son. Lo que cree verdaderamente importante es que, lo que cuenta sea divertido y creíble, capaz de hacer vivir al lector una aventura enraizada en verdades históricas o… literarias y que haya en ella aventura, mitos, creencias ancestrales, barcos legendarios, hechos científicamente correctos y todo para llegar hasta un fabuloso escenario: las misteriosas Profundidades Oceánicas en donde nuestros protagonistas van a encontrar la libertad que anhelaban sus corazones.",https://ww3.lectulandia.co/book/los-vagabundos-de-las-profundidades/,Aventuras,2026-09-10T17:13:09
116,Regreso a Del,['Emily Rodda'],"['Aventuras', 'Fantástico', 'Juvenil', 'Novela']",Deltora,"¿Quién es el heredero de Deltora? Después de haber pasado mil aventuras y de haberse enfrentado a los siete monstruos más temidos del reino, Lief, Barda y Jasmine han recuperado las siete gemas del Cinturón, pero no tienen ninguna pista de dónde puede encontrarse el heredero. Según las indicaciones del padre de Lief, se escondía en Tora; sin embargo, como sus habitantes se negaron a ayudarlo, ahora no saben dónde está. A Lief, Barda y Jasmine les queda superar una última prueba: la que les enfrentará al Señor de la Sombra; solo así descubrirán quién es el legítimo rey y la paz volverá al reino de Deltora.",https://ww3.lectulandia.co/book/regreso-a-del/,Aventuras,2026-09-10T17:13:11
117,El libro de las tierras vírgenes (Ilustrado),['Rudyard Kipling'],"['Aventuras', 'Novela']",Club Joven,"Al leer esta fabulosa recreación del universo humano en el espejo del mundo animal, advertimos que sus personajes tienen en realidad vida propia y mucha autonomía respecto de las sociedades que conocemos. El habitante de la selva humanizado por Kipling encuentra en estos relatos un lenguaje particularmente poético, lleno del extraño encanto que sólo la sensibilidad de este gran escritor inglés sabe otorgarle. Una acertada combinación de sencillez y exotismo, de hechos en apariencia triviales mezclados con maravillosas aventuras, unida a un estilo dotado de esa perspectiva cercana a la del niño, son las principales claves de esta impetuosa creación.",https://ww3.lectulandia.co/book/el-libro-de-las-tierras-virgenes-ilustrado/,Aventuras,2026-09-10T17:13:14
118,Atolón,['Carlos Thomas'],"['Aventuras', 'Histórico', 'Novela']",Narrativa marítima,"En esta obra se entrecruzan dos historias de marinos españoles, que en épocas distintas visitan un minúsculo atolón de las islas Kiribati, lugar que fue escenario de sangrientos combates durante la Segunda Guerra Mundial. Una de ellas es la del capitán Uribe, único superviviente de un barco mercante español hundido por un submarino japonés. Tendrá que subsistir como un náufrago hasta que por azar se verá inmerso en la vorágine bélica de la contienda, viéndose obligado a luchar tanto para defender su propia vida como para vengar la muerte de sus compañeros. La segunda historia es la de un joven capitán español, que se decide a disfrutar de unas cortas vacaciones. La casualidad le llevará al mismo atolón al que llegó, años atrás el capitán Uribe. El azar le vinculará con los descendientes del capitán y despertará en él, el interés en conocer todos los detalles de su vida, y las razones por las que los habitantes de Kiribati erigieron un mausoleo en su honor, en el que reposan sus restos, siendo aún muy venerados por la actual población.",https://ww3.lectulandia.co/book/atolon/,Aventuras,2026-09-10T17:13:16
119,La travesía,['Maja Lunde'],"['Aventuras', 'Drama', 'Juvenil', 'Novela']",,"Noruega, otoño de 1942. Cuatro niños se dirigen a Suecia. Para dos de ellos, cruzar la frontera es una cuestión de vida o muerte: Sarah y Daniel son judíos y pronto los deportarán. Durante mucho tiempo, han logrado huir de los nazis escondiéndose en un sótano. Sin embargo, cuando arrestan a sus salvadores, no les queda otra que marcharse. Entre ellos y la libertad se extienden kilómetros de bosques nevados e innumerables peligros. Por suerte, de camino se encontrarán a algunas personas dispuestas a ayudarlos… Aunque ¿en quién pueden confiar realmente?",https://ww3.lectulandia.co/book/la-travesia-maja-lunde/,Aventuras,2026-09-10T17:13:19
120,La heredera vikinga,['Joan Clark'],"['Aventuras', 'Histórico', 'Novela']",,"Una heroína de leyenda en los confines del mundo . Año 1015. Dos barcos vikingos salen en búsqueda de la mítica Vinlandia, en la tierra que años después será conocida como Norteamérica. Al mando de la expedición está una enigmática y temeraria mujer: Freydis, la hija ilegítima del legendario Erik, el Rojo .",https://ww3.lectulandia.co/book/la-heredera-vikinga/,Aventuras,2026-09-10T17:13:21
121,Las pioneras,['Larry McMurtry'],"['Aventuras', 'Novela']",,"Con un estilo brillante y un profundo conocimiento de la historia del Oeste americano, del que ya ha dado cumplida muestra en numerosas obras, Larry McMurtry hace desfilar por escenarios míticos como Little Bighorn, Colinas Negras, Dodge City o Río Grande a una galería de personajes de los que ya teníamos noticia por las crónicas, pero cuyo aspecto humano solo se nos desvela ahora, con la lectura de Las pioneras . A través de las entrañables discusiones de los montañeses Jim Ragg y Bartle Bone sabremos que en las inhóspitas cumbres de Montana apenas quedan ya castores que cazar. Los pensamientos de Desorejado, uno de los últimos supervivientes de su tribu, nos ayudan a reflexionar sobre el papel que desempeñaron gentes como los generales Custer o Sheridan. Las cartas que escribe Calamity Jane a su hija en la soledad de las montañas están llenas de recuerdos con los que podemos recorrer la vida de aquella mujer pionera en una tierra que fue cambiando paulatinamente. El hilarante episodio de la aventura europea que emprende Buffalo Bill, ya convertido en titiritero, reúne, primero en un barco ante el que surge una ballena y después en una actuación ante la reina de Inglaterra, a los dos montañeses, a Desorejado, a un Toro Sentado completamente alcoholizado, a Calamity Jane, al propio Bill Cody y a otros inolvidables personajes. De alguna manera ese viaje y la forma que McMurtry tiene de plasmarlo, simboliza el fin de un sueño: el sueño del Salvaje Oeste.",https://ww3.lectulandia.co/book/las-pioneras/,Aventuras,2026-09-10T17:13:23
122,Sherlock Holmes anotado III,['Arthur Conan Doyle'],"['Aventuras', 'Intriga', 'Policíaco', 'Relato']",Sherlock Holmes anotado,"El lector tiene en sus manos el punto culminante de la publicación sobre Sherlock Holmes más importante de las últimas cuatro décadas, editada por una de las máximas autoridades sherlockianas del mundo, Leslie S. Klinger; una obra que atraerá a todos los lectores y aficionados a los grandes libros. Sus páginas contienen los cuatro «relatos largos» de Sherlock Holmes publicados entre 1887 y 1915, «Estudio en escarlata», «El signo de los cuatro», «El sabueso de los Baskerville» y «El valle del miedo». Quienes no conozcan al famoso detective apreciarán la clara presentación que hace Klinger de cada una de las novelas en el orden original en que fueron publicadas, mientras que los sherlockianos experimentados quedarán cautivados por las casi 1.000 notas cuidadosamente investigadas que ofrecen amplia y precisa información histórica sobre la Inglaterra victoriana y eduardiana, además de detalladas explicaciones sobre las teorías sherlockianas más importantes. Además, Klinger ha recopilado alrededor de 400 ilustraciones contemporáneas y fotografías de época que incluyen el trabajo de los primeros ilustradores norteamericanos, el del inmerecidamente olvidado artista alemán Richard Gutschmidt y todos los legendarios dibujos de Sidney Paget para «Strand Magazine». Este volumen final de Sherlock Holmes anotado incluye una extensa bibliografía y una tabla cronológica que presenta sencillas referencias a las fechas más destacadas de las vidas de Holmes, Watson y Conan Doyle.",https://ww3.lectulandia.co/book/sherlock-holmes-anotado-iii/,Aventuras,2026-09-10T17:13:26
123,El valle de los perdidos,['Emily Rodda'],"['Aventuras', 'Fantástico', 'Juvenil', 'Novela']",Deltora,"El tiempo se agota: Lief, Barda y Jasmine deben recuperar las siete gemas del Cinturón de Deltora para dar fin a la tiranía del malvado Señor de la Sombra. Solo les queda el diamante, símbolo de pureza y fortaleza, el más grande y poderoso de cuantos se hayan visto jamás. Saben que se encuentra en el Valle de los Perdidos, un lugar envuelto en niebla y custodiado por el temible Guardián. Nada ni nadie ha salido vivo de allí…",https://ww3.lectulandia.co/book/el-valle-de-los-perdidos/,Aventuras,2026-09-10T17:13:27
124,Cuentos populares ingleses,['Flora Annie Steel'],"['Aventuras', 'Fantástico', 'Infantil', 'Juvenil', 'Relato']",,"El presente volumen reúne cuarenta cuentos fantásticos pertenecientes al acervo popular, entre los que encontramos desde relatos tradicionales que dieron lugar a mitos universales como Caperucita Roja, los tres cerditos, Pulgarcito o Cenicienta, cuya versión inglesa sorprenderá al lector hispanohablante por su espíritu y forma diferentes, hasta cuentos más británicos como «San Jorge de la feliz Inglaterra» o «Jack y la mata de alubias», e incluye una auténtica colección de historias de gigantes, tan divertida como inquietante. Flora Annie Steel introduce pequeños detalles de su cosecha para dar color a los cuentos, pero siempre respetando la trama y conclusiones originales. Sin hacer concesiones a la sensiblería habitual de los cuentos infantiles, Steel narra, a veces con cierta crudeza, historias de traiciones, venganzas y monstruos que hunden sus raíces, según los folcloristas, en los miedos y el inconsciente colectivo y se subliman gracias a la siempre rica imaginación popular. La edición se enriquece con las inolvidables ilustraciones a color y en negro de Arthur Rackham, un clásico de la literatura infantil y juvenil.",https://ww3.lectulandia.co/book/cuentos-populares-ingleses/,Aventuras,2026-09-10T17:13:30
125,Memorias de Cienfuegos,['Alberto Vázquez-Figueroa'],"['Aventuras', 'Histórico', 'Novela']",Cienfuegos,"El extraordinario pelirrojo que con mil peripecias recorriera el Nuevo Mundo desde que cruzara el «Océano Tenebroso» embarcado en una de las naves de Cristóbal Colón se ha convertido en el personaje del Viejo Continente que más conocimiento acumula sobre derroteros y sobre un nuevo continente aún desconocido pero del que ya sabe que juega un papel crucial para el futuro de las naciones que se lo disputan. El «Tratado de Tordesillas», firmado en 1494 entre los Reyes Católicos y Juan II de Portugal, y que pasará a la posteridad como uno de los más sensatos de la Historia, fijó las reglas de juego entre españoles y portugueses para el reparto de las rutas y derroteros de navegación del nuevo continente, la información más deseada y secreta de la época, con consecuencias inimaginables y definitivas para el curso de los acontecimientos posteriores y de la Historia. Interrogado por el marqués de Peñagrande, enviado especial de Carlos V, el universal gomero nos transportará con sus memorias a los hitos imprescindibles del descubrimiento de América, su cultura, gente, alimentación, prodigios y peligros en un viaje sin igual y que sin duda representa la obra cumbre de la brillante carrera literaria de Alberto Vázquez-Figueroa.",https://ww3.lectulandia.co/book/memorias-de-cienfuegos/,Aventuras,2026-09-10T17:13:32
126,El viajero bajo el resplandor de la luna,['Antal Szerb'],"['Aventuras', 'Novela']",,"Mihály, vástago inadaptado de una familia burguesa de Budapest, a sus treinta y seis años llega a Italia en su luna de miel. Casi sin querer, abandona a su flamante esposa en una estación de ferrocarril y comienza un itinerario tan disparatado como onírico. Una novela de aventuras, de pasión y de viajes por la Europa de entreguerras. Un clásico de la literatura húngara.",https://ww3.lectulandia.co/book/el-viajero-bajo-el-resplandor-de-la-luna/,Aventuras,2026-09-10T17:13:35
127,Carthago Nova,['Claudio Rossi'],"['Aventuras', 'Histórico', 'Novela']",Quintilio: vida entre República e Imperio,"La batalla de Filipos y la derrota de Bruto y Casio no han sido suficientes para restaurar la paz en Roma. Los oficiales del bando perdedor se trasladan a sus nuevos destinos y en la Urbe las proscripciones siembran la muerte entre los patricios que habían apoyado el sueño republicano de los cesaricidas. Mientras se desarrollan los juegos de poder de los triunviros, Quintilio, un agrimensor civil que sirve en el Cuerpo de Ingenieros del ejército junto a su secretario griego Hicesio, es enviado a Hispania, a la guarnición de Carthago Nova, de cuyas ricas minas viene la plata con la que la ceca romana acuña las monedas para pagar a las legiones. Carthago Nova es una ciudad tranquila, pero el trabajo en las minas no está exento de riesgos: la vetas, explotadas desde hace siglos, encierran trampas mortales, e incluso entregar a Roma los lingotes obtenidos del mineral de plata resulta cualquier cosa menos sencillo.",https://ww3.lectulandia.co/book/carthago-nova/,Aventuras,2026-09-10T17:13:37
128,Sherlock Holmes anotado II,['Arthur Conan Doyle'],"['Aventuras', 'Intriga', 'Policíaco', 'Relato']",Sherlock Holmes anotado,"El lector tiene en sus manos el punto culminante de la publicación sobre Sherlock Holmes más importante de las últimas cuatro décadas, editada por una de las máximas autoridades sherlockianas del mundo, Leslie S. Klinger; una obra que atraerá a todos los lectores y aficionados a los grandes libros. Sus páginas contienen los cuatro «relatos largos» de Sherlock Holmes publicados entre 1887 y 1915, «Estudio en escarlata», «El signo de los cuatro», «El sabueso de los Baskerville» y «El valle del miedo». Quienes no conozcan al famoso detective apreciarán la clara presentación que hace Klinger de cada una de las novelas en el orden original en que fueron publicadas, mientras que los sherlockianos experimentados quedarán cautivados por las casi 1.000 notas cuidadosamente investigadas que ofrecen amplia y precisa información histórica sobre la Inglaterra victoriana y eduardiana, además de detalladas explicaciones sobre las teorías sherlockianas más importantes. Además, Klinger ha recopilado alrededor de 400 ilustraciones contemporáneas y fotografías de época que incluyen el trabajo de los primeros ilustradores norteamericanos, el del inmerecidamente olvidado artista alemán Richard Gutschmidt y todos los legendarios dibujos de Sidney Paget para «Strand Magazine». Este volumen final de Sherlock Holmes anotado incluye una extensa bibliografía y una tabla cronológica que presenta sencillas referencias a las fechas más destacadas de las vidas de Holmes, Watson y Conan Doyle.",https://ww3.lectulandia.co/book/sherlock-holmes-anotado-ii/,Aventuras,2026-09-10T17:13:39
129,Misión en la II Guerra Mundial,"['Marc Kornblatt', 'Susan Nanus']","['Aventuras', 'Interactivo', 'Juvenil', 'Novela']",La máquina del tiempo,AÑO 1940 Has viajado a Europa retrocediendo en el tiempo hasta la II Guerra Mundial . Te ocultas de los soldados alemanes en el desván de una casa de Varsovia. Un chico judío del movimiento de resistencia te ofrece ayuda para huir. Tienes que actuar deprisa. ¿Arriesgas la vida en las calles del ghetto de Varsovia con tu amigo o emprendes camino por tu cuenta? ¡Tu decisión puede llevarte a la seguridad o dejarte perdido en el tiempo! ¿Estás dispuesto a plantar cara al peligro?,https://ww3.lectulandia.co/book/mision-en-la-ii-guerra-mundial/,Aventuras,2026-09-10T17:13:41
130,Después del fin,['Leigh Brackett'],"['Aventuras', 'Ciencia ficción', 'Novela']",,"El presente volumen incluye dos obras de Leigh Brackett que versan sobre cómo será el mundo después de la Destrucción final. La primera, “El largo mañana”, es una novela larga con un enfoque bastante atípico e intimista con respecto al resto de la producción de esta autora. Han pasado 80 años tras la guerra final, y los supervivientes han regresado al campo, donde viven en unas condiciones similares a la Era Preindustrial. La tecnología está prohibida, así como las poblaciones de gran extensión. Las aldeas dispersas son presa de un oscuro fanatismo religioso. En este marco, dos jóvenes que ansían algo más se embarcarán en la búsqueda de un lugar mítico, donde se cree que pervive el conocimiento antiguo y la clave para el futuro de la humanidad. La segunda pieza es la novelita “La ciudadela de las Edades Perdidas”, que se desarrolla más de mil años después del gran cataclismo. Se trata de una historia mucho más pulp, más propia de Brackett, y que serviría de inspiración tanto al comic “Kamandi” como a la primera versión cinematográfica de “El planeta de los Simios”. Se trata, en suma, de dos piezas singulares en la producción de Leigh Brackett, apartadas de su cronología general, que vuelven a estar tristemente de actualidad en estos tiempos.",https://ww3.lectulandia.co/book/despues-del-fin/,Aventuras,2026-09-10T17:13:44
131,La montaña de oro,['Karl May'],"['Aventuras', 'Histórico', 'Novela']",,"Un joven alemán marcha a vivir aventuras al Salvaje Oeste a finales del siglo XIX. Allí conocerá al veterano westman Sam Hawkins, quién le tomará bajo su tutela y con quién emprenderá su primera aventura partiendo como topógrafo en una expedición hacía territorio indio. Allí no tardará en labrarse un nombre, Old Shatterhand, y conocerá al noble Winnetou y a sus enemigos, tanto blancos como rojos, con quienes lidiará en sus viajes.",https://ww3.lectulandia.co/book/la-montana-de-oro-karl-may/,Aventuras,2026-09-10T17:13:47
132,Las aventuras completas de Charlie y Willy Wonka (Ilus. por Joseph Schindelman),['Roald Dahl'],"['Aventuras', 'Fantástico', 'Infantil', 'Novela']",,"Las aventuras completas de Charlie y Willy Wonka es un libro que recopila las dos famosas novelas de Roald Dahl: Charlie y la fábrica de chocolate y Charlie y el gran ascensor de cristal. Esta edición está ilustrada por Joseph Schindelman, cuyo estilo en blanco y negro aporta un toque clásico y mágico a la historia.",https://ww3.lectulandia.co/book/las-aventuras-completas-de-charlie-y-willy-wonka-ilus-por-joseph-schindelman/,Aventuras,2026-09-10T17:13:48
133,Los lobos de invierno,['Dan Jones'],"['Aventuras', 'Bélico', 'Histórico', 'Novela']",Los perros de Essex,"1347. Para la banda de hermanos que forman los Perros, la guerra de los Cien Años no ha hecho más que empezar. Mientras asedian Calais, la guerra se ceba en los hombres con toda su brutalidad. Por si fuera poco, los poderosos parecen querer que esta guerra sea muy larga… Arrojados al torbellino de la batalla, los Perros tienen muchas preguntas. ¿Por qué luchan realmente? ¿Y por qué le importa tanto al rey esta pequeña ciudad?",https://ww3.lectulandia.co/book/los-lobos-de-invierno/,Aventuras,2026-09-10T17:13:50
134,La caída del dragón,['Juan Miguel Zunzunegui'],"['Aventuras', 'Histórico', 'Novela']",Trilogía de la Independencia,"El imperio español se desmorona tras las guerras napoleónicas, el desertor realista Miguel de Montellano se ve inmerso en una serie de intrigas que lo llevan de la cárcel de San Juan de Ulúa, en Veracruz, hasta Sevilla, La Habana y Nueva Orleáns, envuelto en medio de conspiraciones contra el naciente imperio mexicano, al tiempo que trata de luchar contra un destino vaticinado por un santero cubano y una gitana española. Logias masónicas, espías norteamericanos, agentes de Simón Bolívar y hasta el fantasma de Guadalupe Victoria se ven involucrados en las conjuras contra la vida del libertador de México, mientras Sofía Guillén trata de sobrevivir a un nuevo encuentro con Alejandra de la Gándara, con la ayuda de una misteriosa extraña que se hace llamar Leonor de Moctezuma y Cortés. Distanciados por los años, y con miles de kilómetros de por medio, Sofía y Miguel intentarán terminar de embonar las piezas de un misterio que abarca a los linajes de Cortés y Moctezuma, una herencia histórica y un secreto oculto entre los restos mortales del conquistador. La caída del dragón es el inmejorable final de una vertiginosa trilogía histórica donde se cuenta la historia de la Conquista y la Independencia de México.",https://ww3.lectulandia.co/book/la-caida-del-dragon-juan-miguel-zunzunegui/,Aventuras,2026-09-10T17:13:52
135,Ejecución,['Sven Hassel'],"['Aventuras', 'Bélico', 'Novela']",Biblioteca Sven Hassel,"El Legionario gira el cañón de la metralleta. Las pistas de humo devoran las barrigas de los oficiales. Se tumban bruscamente en la nieve, que se tiñe de púrpura. Desde el bosque se escucha gritos bestiales al avanzar una ola de soldados vestidos con pieles. Se encuentran en el frente ruso-finlandes. Las metralletas regañan hasta vaciarse los cargadores. El pelotón del Viejo, con el gigante Hermanito y Porta en los papeles principales, lucha salvajemente detrás de la lineas rusas. Sven Hassel fue mandado a un batallón de castigo como soldado raso en el ejercito alemán. Con un realismo cercano y brutal narra las atrocidades de la guerra, los crímenes de los nazis y el humor cínico y tosco de los soldados. Con unas ventas superiores a los 50 millones de ejemplares son los libros de guerra más vendidos en el mundo.",https://ww3.lectulandia.co/book/ejecucion/,Aventuras,2026-09-10T17:13:54
136,Fiesta,['Ernest Hemingway'],"['Aventuras', 'Drama', 'Novela']",,"Escrita en 1926, Fiesta está considerada la primera obra de importancia de Hemingway. En ella describe la historia de una serie de personajes pertenecientes a la llamada «generación perdida» del período de entreguerras, de viaje por Francia y España. Tras la Primera Guerra Mundial Jake Barnes —un periodista norteamericano incapacitado sexualmente por una herida de guerra— y Brett Ashley —enfermera en la contienda, durante la que ambos mantuvieron una relación—, se reencuentran en el París del período de entreguerras donde se relacionarán con la comunidad norteamericana. Gran parte de la ambientación de la parte inicial de la novela girará en torno a este colectivo y a los lugares que frecuenta.Desde allí Jake, Brett y sus compañeros Cohn, Bill y Mike se dirigen a España para pescar y para asistir a los Sanfermines, en Pamplona. Durante las fiestas, descritas al detalle, se sucederán una serie de problemas amorosos protagonizados por Brett, en los que intervienen Michael, su prometido, Cohn, con el que ha mantenido un romance semanas antes y Pedro Romero, una torero prometedor y en los que se remarcará la posición de Barnes como simple espectador. Tras acabar las fiestas el grupo se disolverá, terminando la historia en Madrid. Fiesta fue la obra que lanzó a Ernest Hemingway como uno de los principales escritores de su tiempo. El éxito de la novela hizo que en 1957 fuese llevada al cine por Henry King.",https://ww3.lectulandia.co/book/fiesta/,Aventuras,2026-09-10T17:13:56
137,Misión en Attica,['Claudio Rossi'],"['Aventuras', 'Histórico', 'Novela']",Quintilio: vida entre República e Imperio,"En el año 47 a.C., mientras la República de Roma trata de salir de la guerra civil entre César y Pompeyo, el joven agrimensor Quintilio está enfrascado con una unidad de ingenieros del ejército en la reordenación de terrenos agrícolas al sur de Eporedia. Por fortuna para él, unos oficiales de alto rango de la facción de César le libran de su aburrimiento y le involucran en una insólita investigación que pretende esclarecer el repentino y sospechoso enriquecimiento, y de origen desconocido, por parte de algunos generales destinados en la provincia de Macedonia. La investigación se centra en unas antiguas minas, abandonadas desde hace siglos en Attica, y se rumorea, incluso, la existencia de un tesoro que habría sido abandonado por Filipo II, el padre de Alejandro Magno. En el viaje también le acompaña el liberto Hicesio, un literato experto en cálculos matemáticos. El viaje a la provincia de Macedonia llevará a Quintilio a acalorados encuentros, pero son tiempos difíciles: guerra civil y traiciones, una corrupción desenfrenada, oficiales sedientos de dinero y de gloria, y un sinfín de intrigas políticas, complican la vida del agrimensor, que tendrá que encontrar una solución a su intrincada investigación.",https://ww3.lectulandia.co/book/mision-en-attica/,Aventuras,2026-09-10T17:13:58
138,El laberinto de la bestia,['Emily Rodda'],"['Aventuras', 'Fantástico', 'Juvenil', 'Novela']",Deltora,"Lief, Barda y Jasmine siguen buscando las siete piedras del cinturón de Deltora para poder alejar del reino al temible Señor de la Sombra. Ya han encontrado cinco, pero para ello han tenido que adentrarse en los lugares más inhóspitos del reino y luchar contra los más odiados enemigos. Sin apenas fuerzas y con el Señor de la Sombra persiguiéndolos, deben proseguir su misión. Según las indicaciones del padre de Lief, la sexta piedra, la amatista —símbolo de la verdad—, se esconde en algún lugar del Laberinto de la Bestia. Allí viven los temibles ols, criaturas al servicio del Señor de la Sombra, capaces de adoptar cualquier forma humana, y el vigilante de la piedra, Glus, una descomunal bestia, horriblemente pálida, parecida a una oruga.",https://ww3.lectulandia.co/book/el-laberinto-de-la-bestia/,Aventuras,2026-09-10T17:14:00
139,Iader,['Claudio Rossi'],"['Aventuras', 'Histórico', 'Novela']",Quintilio: vida entre República e Imperio,"Durante la Guerra Civil entre César y Pompeyo, en el año 49 a.C., Quintilio, un joven y principiante agrimensor civil, está adscrito a una unidad del cuerpo de Ingenieros militares que trabaja en la centuriación de las tierras baldías de los alrededores de Mantua, en la llanura del Po. Recientemente se ha librado de una injusta acusación de homicidio, pero para ello tuvo que colaborar con algunos oficiales de la facción de César, y ahora se está preparando una venganza contra él por parte de sus adversarios. A Quintilio no le queda otra solución que huir, intentando dejar atrás o eliminar a los sicarios que le pisan los talones. Le acompaña en la huida el liberto Hicesio, un erudito secretario de origen griego, ya de cierta edad, sobre el que pende una sentencia de muerte por los mismos motivos. La insólita pareja de fugitivos se ve obligada a realizar malabarismos moviéndose clandestinamente por las vías consulares de la Galia Cisalpina. En un intento por salvar sus vidas, los dos acaban en las inexploradas paludes del río Padusa, cerca del delta del Po, y prosiguiendo con su huida, encuentran protección en un destacamento del Cuerpo de Ingenieros que está trazando una centuriación de tierras incultas en Iader, Dalmacia. Pero las cuentas pendientes no pueden saldarse simplemente recurriendo a los tribunales, por lo que ambos tendrán que inventar una novedosa solución.",https://ww3.lectulandia.co/book/iader/,Aventuras,2026-09-10T17:14:03
140,"Las aventuras de Arsène Lupin, ladrón y caballero",['Maurice Leblanc'],"['Aventuras', 'Juvenil', 'Novela']",Clásicos a medida,"Adaptación de las peripecias de Arsène Lupin, el ladrón más elegante de todos los tiempos. El más peligroso ladrón de toda Francia ha sido atrapado por la policía, pero estar entre rejas no es un impedimento para que el caballero ladrón siga con sus aventuras. Encandilar a ricas herederas, asaltar un castillo inexpugnable, vengar una infamia del pasado, o enfrentarse al mismísimo Sherlock Holmes serán solo algunas de las peripecias en las que se verá envuelto el celebre Arsène Lupin. En este tomo están recogidas nueve de sus primeras narraciones, que ayudarán a conocer al personaje que creó Maurice Leblanc y que tanta fama le proporcionó.",https://ww3.lectulandia.co/book/las-aventuras-de-arsene-lupin-ladron-y-caballero/,Aventuras,2026-09-10T17:14:06
141,Sherlock Holmes anotado I,"['Arthur Conan Doyle', 'Leslie S. Klinger']","['Aventuras', 'Intriga', 'Policíaco', 'Relato']",Sherlock Holmes anotado,"El lector tiene en sus manos el punto culminante de la publicación sobre Sherlock Holmes más importante de las últimas cuatro décadas, editada por una de las máximas autoridades sherlockianas del mundo, Leslie S. Klinger; una obra que atraerá a todos los lectores y aficionados a los grandes libros. Sus páginas contienen los cuatro «relatos largos» de Sherlock Holmes publicados entre 1887 y 1915, «Estudio en escarlata», «El signo de los cuatro», «El sabueso de los Baskerville» y «El valle del miedo». Quienes no conozcan al famoso detective apreciarán la clara presentación que hace Klinger de cada una de las novelas en el orden original en que fueron publicadas, mientras que los sherlockianos experimentados quedarán cautivados por las casi 1000 notas cuidadosamente investigadas que ofrecen amplia y precisa información histórica sobre la Inglaterra victoriana y eduardiana, además de detalladas explicaciones sobre las teorías sherlockianas más importantes. Además, Klinger ha recopilado alrededor de 400 ilustraciones contemporáneas y fotografías de época que incluyen el trabajo de los primeros ilustradores norteamericanos, el del inmerecidamente olvidado artista alemán Richard Gutschmidt y todos los legendarios dibujos de Sidney Paget para «Strand Magazine». Este volumen final de Sherlock Holmes anotado incluye una extensa bibliografía y una tabla cronológica que presenta sencillas referencias a las fechas más destacadas de las vidas de Holmes, Watson y Conan Doyle.",https://ww3.lectulandia.co/book/sherlock-holmes-anotado-i/,Aventuras,2026-09-10T17:14:07
142,Los venenos de Tebas,['Claudio Rossi'],"['Aventuras', 'Histórico', 'Novela']","Suetonio, un médico en el Egipto romano","Aulo Suetonio es un entregado médico que en el año 106 d.C. sirve en la XXII Legión, acuartelada en Alejandría. Debido a desavenencias irreconciliables con los oficiales de la corte del Prefecto, se ve obligado a aceptar un traslado a la guarnición de Tebas, en el lejano Alto Egipto. Le acompaña su ayudante Honoracio, un joven egipcio en perpetua búsqueda de una ocupación acorde con su difícil carácter. La somnolienta ciudad de Tebas parece alejada de las guerras que asolan el imperio y de las conspiraciones palaciegas de la corte alejandrina: para el médico, podría ser el lugar adecuado para crearse una nueva vida. En la ciudad, además del polvo que trae el viento del desierto, aún flota el espíritu de los antiguos faraones de Egipto, y corren rumores de tesoros legendarios que sólo pueden conquistarse con astucia y audacia. Son tesoros que nadie ha visto jamás, precisamente por eso parecen más reales y al alcance de la mano. Suetonio anhela la serenidad de una vida tranquila, pero incluso en el polvoriento y enrarecido calor de Tebas se tejen perversas y ambiguas intrigas de las que será difícil escapar.",https://ww3.lectulandia.co/book/los-venenos-de-tebas/,Aventuras,2026-09-10T17:14:09
143,Tres estaciones en el Nilo,['Claudio Rossi'],"['Aventuras', 'Histórico', 'Novela']","Suetonio, un médico en el Egipto romano","Estamos en el año 105 d. C., Trajano es el emperador de la provincia Imperial de Egipto. El médico Suetonio sirve en la XXII legión asentada en Nicópolis, en las afueras de Alexandria. Aunque es hábil en su trabajo, por naturaleza tiende a simplificar las cosas y si la ocasión se presenta, no duda en utilizar cualquier triquiñuela para conseguir lo que quiere. En verdad, él no es el único que quiere medrar rápidamente: en Alexandria todos los oficiales intentan mejorar como sea su situación, ya que en esta ciudad la posición que se ocupa tiene mucho más valor que en ninguna otra parte del Imperio. No en vano Egipto es la rica Provincia que permite al Emperador mantener su poder y abastece a Roma con su trigo. Sin embargo, en el Egipto de oportunistas y traidores es muy posible —también para los oficiales o los médicos— llegar a arriesgar la vida durante la búsqueda de oportunidades que resultan engañosas. Suetonio es brillante y capaz de encontrar soluciones para todos los sucesos inesperados que se interponen en su camino pero, a veces, sus soluciones abren la puerta a nuevos y mayores problemas…",https://ww3.lectulandia.co/book/tres-estaciones-en-el-nilo/,Aventuras,2026-09-10T17:14:11
144,"Cefalox, el cibercalamar",['Adam Blade'],"['Aventuras', 'Ciencia ficción', 'Infantil', 'Novela']",Aqua fieras,"Cuando su padre es secuestrado por Céfalox, el cibercalamar, Max los sigue. ¿Es Max lo suficientemente valiente y listo como para sobrevivir? ¿Y descubrira quién controla a las aquafieras?",https://ww3.lectulandia.co/book/cefalox-el-cibercalamar/,Aventuras,2026-09-10T17:14:13
145,Charlie y el gran ascensor de cristal (Ilus. por Quentin Blake),['Roald Dahl'],"['Aventuras', 'Fantástico', 'Infantil', 'Relato']",,"El señor Wonka, dueño de la magnífica fábrica de chocolate, ha escondido cinco billetes de oro en sus chocolatinas. Quienes los encuentren serán los elegidos para visitar la fábrica. Charlie tiene la fortuna de encontrar uno de esos billetes y, a partir de ese momento, su vida cambiará para siempre.",https://ww3.lectulandia.co/book/charlie-y-el-gran-ascensor-de-cristal-ilus-por-quentin-blake/,Aventuras,2026-09-10T17:14:16
146,El hombre que trasladaba las ciudades,['Carlos Droguett'],"['Aventuras', 'Novela']",,"Esta es una historia loca porque la España del siglo XVI también era un ser loco, desmesurado, profundamente práctico, soñador, vagabundo, extraordinariamente lírico, llena de tipos trashumantes como el lazarillo de Tormes y Francisco Pizarro, el cuidador de puercos. La conquista de América pertenece también, en cierto modo, a la novela picaresca, es tragicómica como ella, es, por lo menos, tan fantástica y real como el Quijote. Cervantes escribió El hospital de los podridos. Ese hospital es también España; cuando comienza la conquista, ella envía a sus podridos a convalecer a América; algunos sanan; otros se pudren más.",https://ww3.lectulandia.co/book/el-hombre-que-trasladaba-las-ciudades/,Aventuras,2026-09-10T17:14:18
147,Horizontes perdidos (Ilustrado),['James Hilton'],"['Aventuras', 'Novela']",Biblioteca Oro Azul,"No hay en la Tierra ningún otro valle como el de Shangri-La. Situado en las recónditas montañas de Blue Moon, es un lugar mágico, en el que nadie envejece, en el que nadie piensa en la muerte. En «HORIZONTES PERDIDOS» —⁠que marca un capítulo aparte en la obra del autor, no sólo por su tema, sino por las implicaciones filosóficas que trascienden la idea de la novela⁠—, Hilton nos cuenta la aventura de unos seres empujados hacia Shangri-La contra su voluntad, entre los que destaca Hugh Conway, sugestionado por la fascinación de la vida eterna. Novela de concepción extremadamente original, «HORIZONTES PERDIDOS» alterna situaciones de fuerte tensión dramática con otras de sosegada belleza o de delicado humorismo. Esta obra dio lugar, en su día, a un inolvidable filme del mismo título, dirigido por Frank Capra e interpretado por Ronald Colman.",https://ww3.lectulandia.co/book/horizontes-perdidos-ilustrado/,Aventuras,2026-09-10T17:14:20
148,"El paso de los reyes, parte I",['Pedro J. Alcántara'],"['Aventuras', 'Fantástico', 'Novela']",Erol,"Erol, movido por su incansable curiosidad y el deseo de asegurar una paz duradera entre los rinhenduris y las velkra, se adentra en la Espina con la esperanza de hallar en el proceso una explicación a su vuelta a la vida tras la incursión de los shámaros en Kálahar. Una vez en la cordillera, rodeado por los míticos lagartos gigantes de los rinhenduris, guerreros de habilidades sobrehumanas y profecías propias de sueños febriles, comprenderá que el mundo le reserva un destino de proporciones tan poderosas que podría tumbar los cimientos de cuanto conoce. Lo único que se interpone entre él y ese destino es el Pálido: un enemigo más antiguo que los imperios de los hombres, la ciudad de las velkra o las ambiciones de los reyes. Junto a Zúral, buscará la manera de alcanzar sus objetivos mientras descubre una parte de su pasado que amenaza con cambiar para siempre su forma de entender el futuro.",https://ww3.lectulandia.co/book/el-paso-de-los-reyes-parte-i/,Aventuras,2026-09-10T17:14:22
149,El motín del Caine,['Herman Wouk'],"['Aventuras', 'Bélico', 'Histórico', 'Novela', 'Psicológico']",,"Novela escrita por Herman Wouk y publicada en 1951. La novela ganó el premio Pulitzer en el año 1952. «El motín del Caine» se basó en la experiencia del autor a bordo de un barco de guerra en el Pacífico durante la Segunda Guerra Mundial. La novela se centra en Willie Keith, un neoyorquino adinerado asignado al barco llamado «Caine». Este joven va madurando gradualmente a lo largo del libro. Pero esta obra, es mayormente conocida por el retrato que hace del neurótico Capitán Queeg, quien se vuelve obsesionado con infracciones y situaciones mínimas, descuidando el verdadero bienestar y seguridad de su tripulación. El intelectual, y a veces cínico teniente, Tom Keefer convence al leal teniente Steve Maryk de la necesidad de sacar a Queeg de su puesto para poder preservar la supervivencia en el barco.",https://ww3.lectulandia.co/book/el-motin-del-caine/,Aventuras,2026-09-10T17:14:24
150,El mundo perdido (trad. Amando Lázaro Ros),['Arthur Conan Doyle'],"['Aventuras', 'Ciencia ficción', 'Novela']",,"Además del imperecedero Sherlock Holmes, el primer detective consuItor del mundo, debemos a Conan Doyle la creación de otro gran personaje, el pintoresco profesor Challenger, «una mente privilegiada encerrada en un cuerpo de Pitecántropo», cuyas opiniones científicas desatan las polémicas más encarnizadas. El mundo perdido puede considerarse la novela fundacional del género de dinosaurios, tan popular hoy en día gracias a Michael Crichton y Hollywood. La novela narra la expedición de dos científicos, un periodista y un aventurero, a la inquietante Tierra de Maple White, para demostrar a los incrédulos compañeros de ciencia del profesor Challenger la pervivencia de especies prehistóricas en nuestros días.",https://ww3.lectulandia.co/book/el-mundo-perdido-trad-amando-lazaro-ros/,Aventuras,2026-09-10T17:14:27
151,Tarzán de los monos (trad. Enrique Maldonado Roldán),['Edgar Rice Burroughs'],"['Aventuras', 'Novela']",Tarzán,"Tarzán de los monos es la primera de una serie de novelas escritas por Edgar Rice Burroughs acerca del personaje ficticio Tarzán. Esta historia fue publicada por primera vez en la revista pulp All Story Magazine en octubre de 1912 y editada como libro por primera vez en 1914. La historia se inicia en 1888, con la misión que la Corona británica le encomienda a John Clayton, lord Greystoke: visitar la aldea africana de Freetown en Sierra Leona y resolver los problemas con los habitantes nativos. Clayton decide viajar con su esposa embarazada, Alice Rutherford, para que así pueda ver el nacimiento de su hijo. De allí, embarcan en el Fuwalda para completar el viaje.",https://ww3.lectulandia.co/book/tarzan-de-los-monos-trad-enrique-maldonado-roldan/,Aventuras,2026-09-10T17:14:28
152,Ultramarina,['Malcolm Lowry'],"['Aventuras', 'Novela']",,"Ultramarina narra las peripecias de Dana Hilliot, un joven burgués de dieciocho años que, en su intento por escapar de su entorno acomodado y opresor, se enlista como ayudante en el Oedipus Tyrannus, un buque con destino a Bombay y Singapur. Publicada en 1933, Ultramarina marcó el debut literario de Malcolm Lowry, mejor conocido por Bajo el volcán . Una obra joven en la que se vislumbran con fuerza y genialidad las obsesiones y temas que abordará el autor a lo largo de toda su obra literaria. « Ultramarina es una novela de emociones, aventuras y amores borrascosos, fresca y a la vez experimentada.» —Rodrigo Fresán",https://ww3.lectulandia.co/book/ultramarina/,Aventuras,2026-09-10T17:14:30
153,La última ola,['Edgardo Mackay'],"['Aventuras', 'Histórico', 'Novela']",Narrativa marítima,"Novela histórica cuyo protagonista principal es un buque, un cañonero de la marina estadounidense, y su joven oficial de navegación, el teniente William C. Buchanan. Narra sus aventuras y desventuras en las costas del Océano Pacífico sudamericano, entre el término de la Guerra de Secesión y mediados del año 1868. Es así como a bordo del USS Wateree participamos del bombardeo de Valparaíso, del combate del Callao del 2 de mayo, y de las vicisitudes del primer submarino chileno, culminando con el cataclismo que asoló a la entonces peruana ciudad de Arica en agosto de 1868. Todo ello enmarcado en la magnética atracción de un mágico Valparaíso, inspirador del maduro y tierno romance del melancólico teniente Buchanan con una hermosa viuda inglesa, madre de un oficial de la Armada de Chile. La última ola describe un período histórico que involucró a tres países —Perú, Chile y España—, y del que poco sabe el público español e hispanoamericano de nuestros días. Ello constituye por sí solo un atractivo más a un interesante relato de una época ya perdida en la memoria.",https://ww3.lectulandia.co/book/la-ultima-ola/,Aventuras,2026-09-10T17:14:33
154,Los mercenarios de los diamantes,['John Carter'],"['Aventuras', 'Intriga', 'Novela']",,"He aquí la historia de una fabulosa operación, protagonizada por un grupo de exmercenarios, cuyo objetivo es el robo en una mina de diamantes situada en el sudeste africano. El botín puede resultar inmenso, pero entraña enormes riesgos. Frente a este maquiavélico plan se pone en marcha la acción defensiva del Sindicato Internacional del Diamante . En 1976 fue llevada al cine con el mismo título por el director Val Guest y protagonizada por: Telly Savalas, Peter Fonda, Hugh O´Brian, O.J. Simpson y Maud Adams, entre otros.",https://ww3.lectulandia.co/book/los-mercenarios-de-los-diamantes/,Aventuras,2026-09-10T17:14:35
155,El desafío,['Jesús Berrocal-Rangel'],"['Aventuras', 'Novela']",Narrativa marítima,"«Ahora que solo quedo yo como inútil vestigio de la última época en la que un hombre podía sentirse libre, de aquellos tiempos en que orgullosos clíperes surcaban el Caribe y el Pacífico, cuando miles de islas eran aún terra incognita y las potencias europeas colonizaban medio mundo, siento la necesidad de contar parte de mi vida» . Así comienzan las memorias de Martín Zúñiga, capitán del clíper El Desafío , quien zarpa de La Habana en 1888 para realizar un viaje que esconde un oscuro negocio. Los acontecimientos llevarán al capitán a bregar con los ciclones del Caribe, atravesar las selvas de Belice y luchar por su vida en compañía de peligrosos aventureros.",https://ww3.lectulandia.co/book/el-desafio-jesus-berrocal-rangel/,Aventuras,2026-09-10T17:14:36
156,El gran libro del rey Arturo y los caballeros de la mesa redonda,['John Matthews'],"['Aventuras', 'Novela']",,"Edición coleccionista de una de las leyendas más influyentes. La primera autoridad del mundo en materia artúrica reimagina la historia del rey Arturo y sus caballeros, una de las leyendas más queridas e influyentes, para un nuevo siglo en esta bella edición para coleccionistas, acompañada de magníficas ilustraciones a todo color y dibujos de la mano de John Howe, el mundialmente aclamado artista de Tolkien. Las historias del rey Arturo y Merlín, Lancelot y Ginebra, Galahad, Gawain, Tristán y el resto de los caballeros de la Mesa Redonda, así como de la búsqueda del Santo Grial, no han dejado de apreciarse a lo largo de los siglos y son la inspiración de muchas novelas de fantasía modernas, películas y series. Estas leyendas comenzaron cuando un misterioso héroe celta llamado Arturo entró en el escenario de la historia en algún momento del siglo VI, lo que generó una gran cantidad de relatos orales que unos 900 años más tarde Thomas Malory recogería en su obra clásica Le Morte d'Arthur (La muerte de Arturo). El gran libro del rey Arturo nos trae esas leyendas a la época moderna, recurriendo por primera vez a una prosa accesible para lectores contemporáneos. Además de las historias incluidas en La muerte de Arturo, John Matthews incluye numerosos relatos de Arturo y sus caballeros que o bien Malory desconocía o bien estaban escritos en otros idiomas, como la historia de Avenable, la muchacha que se hizo pasar por hombre y se convirtió en un caballero famoso; Morien, cuyas aventuras son tan fantásticas y emocionantes como cualquiera de las que encontramos en la obra de Malory; y una versión de la vida de Gawain, el caballero favorito de la Mesa Redonda, desde su extraño nacimiento e infancia en la pobreza hasta su ascensión al cargo más importante de todos: emperador de Roma. Además, aquí encontramos también algunos de los relatos más tempranos sobre Arturo, derivados de la tradición céltica. El héroe épico aparece representado en historias tan poderosas como «Las aventuras del Niño Águila» y «La llegada de Merlín», basada en el texto medieval temprano La vida de Merlín, en la que se nos cuenta una versión totalmente nueva de la historia del gran hechicero.",https://ww3.lectulandia.co/book/el-gran-libro-del-rey-arturo-y-los-caballeros-de-la-mesa-redonda/,Aventuras,2026-09-10T17:14:38
157,La espada de Atila,['Michael Curtis Ford'],"['Aventuras', 'Novela']",,"Los hunos y los romanos eran aliados. Para sellar ese pacto, el rey de los bárbaros envió al joven Atila a Roma, y los romanos pusieron como garante a Aetius Flavius, hijo de un general, que crecería entre los guerreros nómadas del norte. El destino quiso que entre Atila y Flavius naciera una gran amistad, y que años más tarde se enfrentaran a muerte en una batalla que habría de decidir la suerte del maltrecho Imperio romano y pondría el mundo en manos de Atila, rey de los hunos.",https://ww3.lectulandia.co/book/la-espada-de-atila-michael-curtis-ford/,Aventuras,2026-09-10T17:14:40
158,La sinfonía de los monstruos,['Marc Levy'],"['Aventuras', 'Drama', 'Intriga', 'Novela']",,"«Veronika es de esas mujeres que no se rinden ni en los peores momentos. Una no elige ser enfermera si acepta la derrota… Ha domesticado su soledad. Pero domar el miedo es otra cosa». Una noche, al volver a casa, Veronika descubre que su hijo de nueve años ha desaparecido. Desamparadas, ella y su hija adolescente Lilya tratan de entender dónde se han llevado a Valentyn. Moverán cielo y tierra hasta dar con el paradero del niño, la una animada por su temeridad adolescente y la otra por su determinación de madre. Pero el enemigo acecha, y Lilya y Veronika no podrán fiarse de nadie… o casi. Juntas tratarán de desbaratar «La Sinfonía de los Monstruos», un proyecto mucho más terrorífico que la ficción. A lo largo de una aventura poblada de personajes inolvidables, una madre y una hija aprenderán de nuevo a conocerse y a quererse. A través de un poderoso estilo literario, Marc Levy nos ofrece una novela magistral: una gran aventura humana en pleno corazón de la tumultuosa historia que se está narrando hoy día ante nuestros ojos. Esta novela está inspirada en hechos reales. La estimación conservadora del número de niños ucranianos secuestrados desde la invasión a gran escala de Ucrania es actualmente de 20 000. --------------------------- Reseñas: «Simplemente mágico». New York Post «Una aventura llena de suspense alrededor del mundo… Apasionante». La Stampa «Las novelas de Levy son cautivadoras. El lector queda completamente prendado». Bild am Sonntag «Las novelas de Marc Levy son entretenidas y magníficas». La Vanguardia «Los grandes escritores logran crear excelentes historias a partir de la vida cotidiana, de experiencias y sentimientos del día a día que resultan tan difíciles de explicar. Marc Levy es realmente un gran escritor». Beijing Youth Daily",https://ww3.lectulandia.co/book/la-sinfonia-de-los-monstruos/,Aventuras,2026-09-10T17:14:42
159,El búfalo blanco,['Richard Sale'],"['Aventuras', 'Novela']",,"El centro del relato lo ocupan dos héroes muy distintos: el nervioso, elegante y mortífero maestro del gatillo que ha llegado al territorio de Wyoming siguiendo al general Custer, «Wild» (Salvaje) Bill Hickok batidor, pistolero y leyenda viviente- en busca de su última aventura, y un indio, «Gusano», «Nadonaissioux mieyebo», que muy pronto sería conocido como Caballo Loco y más tarde lucharía en Little Big Horn. Ambos hombres comparten el mismo sueño: matar (o ser muertos) por el último de los grandes búfalos blancos cuya mística presencia les obsesiona. La búsqueda de esta criatura fabulosa (y muy real, por cierto) les conduce a las solitarias tierras altas del Oeste en su postrera época selvática; a pequeñas localidades llenas de buscadores de oro arruinados, prostitutas y asesinos; a campamentos del ejército; a las elevadas montañas, los llanos cubiertos de hierba y los poblados indios, hasta que finalmente las figuras más legendarias del Oeste -Hickok y Caballo Loco- se encuentran en un aterrador y asombroso clímax ante el enfurecido ataque del mismísimo búfalo blanco. Lleno de fascinantes personajes, figuras históricas y escenas dramáticas, con toda la leyenda y los hechos verídicos del Oeste en los agonizantes días de su salvaje gloria.",https://ww3.lectulandia.co/book/el-bufalo-blanco/,Aventuras,2026-09-10T17:14:45
160,James,['Percival Everett'],"['Aventuras', 'Humor', 'Novela', 'Sátira']",,"James es un libro fascinante. Una reescritura de Las aventuras de Huckleberry Finn de Mark Twain desde el punto de vista de Jim, el esclavo.Con el humor típico de Percival Everett y una inteligencia sobrecogedora, el lector vive una gran aventura, la de la libertad. James es el nombre de la dignidad. El esclavo ha visitado de forma clandestina la biblioteca de su amo y ha aprendido a leer y escribir. Cuando se entera de que lo han vendido y lo van a separar de su mujer y su hija decide escaparse. En esa aventura trepidante lo acompaña Huck. Los dos se convierten en una pareja de personajes que se necesitan mutuamente no sólo para sobrevivir, también para conocerse y saber cuál es su verdadera conexión. El lenguaje es fundamental en este libro de lectura trepidante construido casi enteramente en diálogos inteligentes. Las críticas han sido excepcionales en todos los grandes medios de comunicación de Estados Unidos y Reino Unido. Considerada de forma generalizada como una obra de arte ha encumbrado a Percival Everett en la cima de los autores literarios contemporáneos de su país. Una fascinante y conmovedora lectura para todas las edades.",https://ww3.lectulandia.co/book/james/,Aventuras,2026-09-10T17:14:47
161,La guarida del diablo,"['Douglas Preston', 'Lincoln Child']","['Aventuras', 'Intriga', 'Novela']",Nora Kelly,"Tras su fulminante despido del Instituto Arqueológico de Santa Fe, Nora Kelly acepta hacerse cargo de un proyecto financiado por un filántropo millonario: investigar el famoso incidente Roswell, donde en los años cuarenta hubo un teórico contacto alienígena posteriormente encubierto por el gobierno de los Estados Unidos. Un examen pormenorizado de las imágenes realizadas con un radar de penetración terrestre revela el escenario de un crimen cerca del lugar: dos cadáveres sometidos a la acción de algún tipo de ácido para dificultar su identificación y con un orificio de bala en sus cráneos, junto con un extraño artefacto de metal plateado. El hallazgo, en terreno federal, supone la entrada en escena del FBI y la llegada de la agente especial Corrie Swanson, que no tardará en descubrir que las víctimas eran dos agentes de la antigua Unión Soviética que operaban en territorio americano. A medida que Nora y Corrie profundizan en la investigación, surgen más preguntas que respuestas, y una conspiración muy poderosa parece dispuesta a todo para proteger la verdad.",https://ww3.lectulandia.co/book/la-guarida-del-diablo-lincoln-child/,Aventuras,2026-09-10T17:14:50
162,Las aventuras completas de Charlie y Willy Wonka,['Roald Dahl'],"['Aventuras', 'Fantástico', 'Infantil', 'Novela']",,"Las aventuras completas de Charlie y Willy Wonka reúne Charlie y la fábrica de chocolate y Charlie y el gran ascensor de cristal . En la primera historia, Charlie Bucket gana un billete dorado para visitar la mágica fábrica de Willy Wonka, donde demuestra ser el heredero ideal. En la segunda, viaja al espacio con su familia y Wonka en un ascensor mágico, enfrentando peligros y viviendo nuevas aventuras.",https://ww3.lectulandia.co/book/las-aventuras-completas-de-charlie-y-willy-wonka/,Aventuras,2026-09-10T17:14:52
163,Una paz cruel,['Theodor Kallifatides'],"['Aventuras', 'Histórico', 'Novela', 'Otros']",,"En Una paz cruel , la guerra civil ha terminado. Los partisanos han sido aniquilados y ha llegado el momento de reeducar a los griegos en las viejas tradiciones, como fieles cristianos y verdaderos patriotas. La familia de Minos se ha mudado a Atenas. El padre no puede ejercer como maestro por su pasado socialista y la familia vive en la penuria, castigada también por los hermanos que participaron en la lucha antifascista. Pero la vida sigue y Minos despertará a la adolescencia. Mientras el recuerdo de Rebeca todavía permanece vivo, poco a poco nuevas experiencias amorosas se apoderan de él. La Atenas de la postguerra es el telón de fondo donde escenas crueles y tiernas, burlescas y conmovedoras se alternan para ofrecernos un fresco de una vivacidad cautivadora. Así se cierra la trilogía que, en palabras del propio Kallifatides, «es lo que siempre quise decir sobre Grecia, los griegos, mi pueblo y su gente».",https://ww3.lectulandia.co/book/una-paz-cruel/,Aventuras,2026-09-10T17:14:55
164,Líneas rojas,['Fernando Rueda'],"['Aventuras', 'Novela', 'Policíaco']",,"El relato de cómo el agente Mikel Lejarza, El Lobo, se infiltró en una banda mafiosa y acabó con la búsqueda de más de 2000 millones de euros que iban a ser sacados de España. Una historia de espías escalofriante inspirada en un hecho real ocurrido en 2002: el tráfico de divisas de miles de millones de pesetas a un banco de Israel que posteriormente regresaban convertidas en euros para beneficiar… ¿a quién? Un true crime coral que recupera la figura —matizada— de prestigiosos infiltrados e infiltradas españoles: la historia de una conspiración mundial organizada por gobiernos poderosos y ejecutada por sus servicios de inteligencia, en la que aparecen un grupo de los mejores agentes infiltrados, unos rebeldes inadaptados bajo el influjo del trastorno de estrés postraumático.",https://ww3.lectulandia.co/book/lineas-rojas/,Aventuras,2026-09-10T17:14:56
165,La diosa y la serpiente,['Juan Miguel Zunzunegui'],"['Aventuras', 'Histórico', 'Novela']",Trilogía de la Independencia,"La muerte de Matamoros, Galeana y Morelos deja a la insurgencia destruida y a los antiguos aliados luchando entre sí, mientras se unen a la guerra de independencia de la Nueva España un fraile desterrado, un guerrillero español y un corsario estadounidense. Los complejos del pasado y las traiciones amenazan con destruir la libertad, así como el amor de Sofía Guillén y Miguel de Montellano. Conflictos ancestrales entre jesuitas y franciscanos, secretos de divinidades prehispánicas, conspiraciones masónicas y una antigua pugna entre la Iglesia y la Corona española por el dominio de América, todo esto en medio de la guerra y de una red de mentiras y emboscadas que Miguel y Sofía deben desenredar. Los acontecimientos de varias potencias europeas se vuelven fundamentales en el conflicto, dentro de una historia que abarca más de 300 años de mitos, conspiraciones y estrategias, que la persona menos pensada logra resolver y dar la única luz de esperanza...",https://ww3.lectulandia.co/book/la-diosa-y-la-serpiente/,Aventuras,2026-09-10T17:14:58
166,El monte terrible,['Emily Rodda'],"['Aventuras', 'Fantástico', 'Juvenil', 'Novela']",Deltora,"Lief, Barda y Jasmine deben seguir con su misión: recuperar las siete gemas del cinturón de Deltora, única forma de poder garantizar la paz en el reino. Ya han recuperado el rubí, el topacio dorado, el ópalo y el lapislázuli. La quinta piedra es la esmeralda, símbolo del honor, y se encuentra en el Monte Terrible, un lugar antes apacible pero ahora habitado por las temibles serpientes vraals, los odiados gnomos y el no menos malvado Gellick, un sapo inmundo al que nadie ha podido vencer jamás.",https://ww3.lectulandia.co/book/el-monte-terrible/,Aventuras,2026-09-10T17:15:00
167,El arado y la espada,['Theodor Kallifatides'],"['Aventuras', 'Histórico', 'Novela']",,"En El arado y la espada , los habitantes de Yalós parecen poder respirar tranquilos, tras la llegada del ejército británico y el fin de la Segunda Guerra Mundial. Pero pronto resuena de nuevo el estruendo de las armas. En el vacío de la postguerra, los fascistas toman el poder y grupos de partisanos resistentes, que ya combatieron contra los nazis, se enfrentan a ellos. La familia de Minos, el niño protagonista de la trilogía, emerge en primer plano: el tío Stelios, contador de historias y anécdotas sin fin, el maestro liberado de las cárceles nazis que por fin puede reunirse con su familia, Minos y su primer amor por una niña judía, Rebeca, los hermanos mayores, que huyen a las montañas para unirse a la resistencia contra el fascismo, y la madre, cuyo valor y fortaleza es el soporte de todos ellos.",https://ww3.lectulandia.co/book/el-arado-y-la-espada/,Aventuras,2026-09-10T17:15:03
168,Aurora espléndida,['Jack London'],"['Aventuras', 'Novela']",,"«Aurora Espléndida» de Jack London cuenta la historia de un grupo de mineros en Alaska durante la fiebre del oro del Klondike. La novela explora temas como la ambición, la supervivencia y la naturaleza humana en un entorno hostil. La historia sigue a personajes como el protagonista, un hombre que busca fortuna, y su relación con otros aventureros, incluyendo a una mujer que también busca su propio camino. La novela está ambientada en el norte de Alaska, un lugar inhóspito donde la vida es dura y la competencia es brutal. «Aurora Espléndida» es una novela que ofrece una visión realista y a menudo cruda de la vida en la fiebre del oro, con personajes complejos y una trama llena de acción y drama.",https://ww3.lectulandia.co/book/aurora-esplendida/,Aventuras,2026-09-10T17:15:06
169,La isla de la mujer dormida,['Arturo Pérez-Reverte'],"['Aventuras', 'Bélico', 'Histórico', 'Novela']",,"Una novela de mar, amor y aventuras en el Egeo durante los años de la Guerra Civil española. Abril de 1937 . Mientras en España transcurre la guerra civil, el marino mercante Miguel Jordán Kyriazis es enviado por el bando sublevado para atacar de modo clandestino el tráfico naval que desde la Unión Soviética transporta ayuda militar para la República. En la base de operaciones, una pequeña isla del mar Egeo, la vida del corsario español se cruzará en turbio triángulo con la de los propietarios, el barón Katelios y su esposa: una seductora mujer madura que busca, con fría desesperación, el modo de escapar a su destino. ---------------------------- La crítica ha dicho: «Me gusta Pérez-Reverte, me recuerda a Dumas y Salgari». Umberto Eco «El novelista más perfecto de la literatura española de nuestro tiempo». El País «Pérez-Reverte sabe cómo retener al lector a cada vuelta de página». The New York Times Book Review «Arturo Pérez-Reverte elabora sus novelas como un viejo barman español refinado y elegante que se emborrachase de vez en cuando con Corto Maltés». Minute «Pérez-Reverte ha inventado novelas y géneros que no existían en España». Alexis Grohmann «La etapa creativa que está atravesando Arturo Pérez-Reverte resulta asombrosa». Sergio Vila-Sanjuán, La Vanguardia",https://ww3.lectulandia.co/book/la-isla-de-la-mujer-dormida/,Aventuras,2026-09-10T17:15:08
170,Orígenes,['Alfonso Zamora Llorente'],"['Aventuras', 'Fantástico', 'Novela', 'Terror']",De Madrid al Zielo,"El teniente Iker Salvatierra es uno de los oficiales más respetados de la BRIPAC. Tras servir en Afganistán, Líbano y Mali, por fin vive tranquilo en su destacamento de Madrid. Hasta que el apocalipsis se desata en todo el planeta. Con la ayuda de su equipo de confianza, tratará de sobrevivir a los muertos y a la traición. Tras acumular más de 100.000 lectores en varios países, Alfonso Zamora Llorente pone punto y ¿final? a la saga zombi más vendida en España. ¿Te unes al equipo del teniente Salvatierra?",https://ww3.lectulandia.co/book/origenes-alfonso-zamora-llorente/,Aventuras,2026-09-10T17:15:10
171,Don Quijote de la Mancha (Ilust. José Luis Zazo),['Miguel de Cervantes'],"['Aventuras', 'Drama', 'Juvenil', 'Novela']",Clásicos a medida,"¿Es una locura dejarse llevar por el sentimiento? Esto es lo que hizo don Quijote: guiado por el amor, se puso el disfraz de salvador de los débiles y, armado con su lanza y sus ideales, entró en batalla contra el mal. Si esto es estar loco, que se llene el mundo de Quijotes. La presente adaptación del Quijote, dirigida al público infantil, recoge los episodios más representativos de la obra, que han sido reescritos de una forma clara y sencilla, pero respetando en todo momento el estilo del texto universal de Cervantes.",https://ww3.lectulandia.co/book/don-quijote-de-la-mancha-ilust-jose-luis-zazo/,Aventuras,2026-09-10T17:15:12
172,El misterio del águila,['Juan Miguel Zunzunegui'],"['Aventuras', 'Histórico', 'Novela']",Trilogía de la Independencia,"UNA NOVELA DE AVENTURAS Y AMOR, ARREBATADORA, TIERNA, ÉPICA... El misterio del águila narra una apasionada historia de amor, la de Sofía y Miguel, en plena guerra de independencia. Rivales en sus idealismos y en sus orígenes, viven separados por la contienda, pero la develación de una antigua conspiración jesuita cambia todo: sus enigmáticos linajes, los de Moctezuma y Hernán Cortés, quedan al descubierto. Y ello los unirá... El capitán realista Miguel de Montellano y la hermosa mestiza Sofía Guillén, infiltrada en las tropas insurgentes, deberán superar los obstáculos que los separan; no sólo la confrontación, sino el rencor histórico y social, además de un pasado oculto por el que los jefes del ejército realista están dispuestos a matar. Desde el siglo XVII y hasta la guerra de Independencia, una historia de aventuras, misterio, amor, lucha, ideales, conspiración y traiciones nos devela un secreto relacionado con el origen de México que los protagonistas deberán descubrir para lograr unirse, y tal vez poner fin al conflicto…",https://ww3.lectulandia.co/book/el-misterio-del-aguila/,Aventuras,2026-09-10T17:15:14
173,Charlie y la fábrica de chocolate (Ilus. por Quentin Blake),['Roald Dahl'],"['Aventuras', 'Fantástico', 'Infantil', 'Relato']",,"El señor Wonka, dueño de la magnífica fábrica de chocolate, ha escondido cinco billetes de oro en sus chocolatinas. Quienes los encuentren serán los elegidos para visitar la fábrica. Charlie tiene la fortuna de encontrar uno de esos billetes y, a partir de ese momento, su vida cambiará para siempre.",https://ww3.lectulandia.co/book/charlie-y-la-fabrica-de-chocolate-ilus-por-quentin-blake/,Aventuras,2026-09-10T17:15:16
174,Historias del ring,['Arthur Conan Doyle'],"['Aventuras', 'Relato']",,"Dentro de la extensa obra de Arthur Conan Doyle donde brillan con luz propia Sherlock Holmes y el doctor Watson, el profesor Challenger, Sir Nigel, y tantos otros, no conviene olvidar su producción de cuentos, que abarca temas tan diversos como el terror, el misterio, la aventura, los tiempos antiguos, los piratas, etc. Con su habitual maestría y su versatilidad para acertar en todos los géneros, sir Arthur recrea en los cuentos que integran el presente volumen los tiempos heroicos del boxeo y el turbio mundo de hampones y vividores que giraba a su alrededor. Se trata, pues, de una colección de relatos insólita y sorprendente, cuya lectura deparará al lector un sabio combinado de misterio y aventura humana.",https://ww3.lectulandia.co/book/historias-del-ring/,Aventuras,2026-09-10T17:15:18
175,Marino de España,['Alfonso Romero'],"['Aventuras', 'Histórico', 'Novela']",Narrativa marítima,"España, siglo XVI. Es tiempo de conflictos europeos, de arriesgadas aventuras coloniales, de inacabable guerra contra el Turco. Frentes y más frentes que los súbditos de su Majestad Católica deslumbrados por el fulgor de la gloria, no vacilan en cubrir a cambio de una mísera paga y la esperanza de un buen nombramiento. Acudiendo solícito a la llamada de las armas encontramos a José de Talavera, el mejor capitán de mar del rey de España, un héroe para muchos, que no solo posee las virtudes de la España de la época, sino también esos defectos llamados a atraer sobre ella las sombrías nubes de la decadencia. Su espíritu de marino, valiente y leal como pocos, es a la vez en exceso apasionado hasta el punto de embarcarle en una última lucha, más cruenta y difícil de ganar que ninguna otra al ser él mismo, su propio corazón, el enemigo a batir.",https://ww3.lectulandia.co/book/marino-de-espana/,Aventuras,2026-09-10T17:15:21
176,Tres corazones,['Jack London'],"['Aventuras', 'Novela']",,"Joven descendiente del pirata Henry Morgan, que le dejó una rica herencia, quiere encontrar el tesoro de su antepasado. En el camino, se encuentra con su primo lejano, también Henry Morgan. Juntos, encontrarán peligrosas aventuras, tierras desconocidas y amor.",https://ww3.lectulandia.co/book/tres-corazones/,Aventuras,2026-09-10T17:15:23
177,El asesino de Sharpe,['Bernard Cornwell'],"['Aventuras', 'Bélico', 'Histórico', 'Novela']",Richard Sharpe,"Si hay un hombre que puede hacer lo imposible, ése es Richard Sharpe... El teniente coronel Sharpe es un hombre con reputación. Nacido en una alcantarilla, criado en un hospicio, se unió muy joven al ejército, y ése ha sido su hogar desde entonces. Es sólo un hombre, casi una bala perdida, pero sus tan poco convencionales métodos lo convierten en una pieza muy valiosa. Aún se está asentando el polvo causado durante la batalla de Waterloo, pero el duque de Wellington, plenamente consciente de que el fin de una guerra es sólo el comienzo de otra, se prepara ya para una nueva amenaza. Puede que el ejército de Napoleón haya sido derrotado, pero un nuevo enemigo ya los acecha entre las sombras: un grupo secreto de fanáticos revolucionarios empeñados en vengar a su emperador. Y a Wellington sólo se le ocurre recurrir a Sharpe… En esta ocasión, el campo de batalla será completamente diferente: el laberinto de calles que componen la ciudad de París, donde las líneas entre amigos y enemigos se difuminan con facilidad. En esa encrucijada, y en su búsqueda del espía del que depende todo, Sharpe tendrá que derrotar a un asesino letal decidido a matar a su objetivo o morir en el intento...",https://ww3.lectulandia.co/book/el-asesino-de-sharpe/,Aventuras,2026-09-10T17:15:26
178,El abominable hombre de las nieves,['R. A. Montgomery'],"['Aventuras', 'Fantástico', 'Interactivo', 'Novela']",Elige tu propia aventura,"El abominable Hombre de las Nieves, ¿es real, o sólo una leyenda? Tú y tu amigo Carlos estáis dispuestos a arriesgar vuestras vidas para encontrarle. Escalaréis las más altas montañas para conseguir las primeras fotografías de ese peludo y misterioso animal. La búsqueda podría llevarte al resplandeciente paraíso de Shangri-La o a perecer enterrado bajo toneladas de nieve. Lo que te ocurra allí arriba, en el Himalaya, depende de los que tú elijas. ¡Y lo mejor es que puedes leer y releer la historia tantas veces como quieras y vivir no una, sino muchas arriesgadas aventuras!",https://ww3.lectulandia.co/book/el-abominable-hombre-de-las-nieves-2/,Aventuras,2026-09-10T17:15:28
179,Resistencia,['Alfonso Zamora Llorente'],"['Aventuras', 'Fantástico', 'Novela', 'Terror']",De Madrid al Zielo,"Cuando todo comenzó apenas había información. La ciudad respiraba un aire de tranquilidad, solo rota por las dudosas noticias que llegaban desde Alemania. Nadie reparó en ellas. Una apacible tarde de compras en el centro comercial La Gavia, en el barrio madrileño de Vallecas, se convertirá en la peor de las pesadillas, donde una vez más, el ser humano demostrará hasta dónde puede llegar para sobrevivir. Tres grupos diferentes. Tres formas de actuar. Un solo destino.",https://ww3.lectulandia.co/book/resistencia-alfonso-zamora-llorente/,Aventuras,2026-09-10T17:15:30
180,Última batalla,['Alfonso Zamora Llorente'],"['Aventuras', 'Fantástico', 'Novela', 'Terror']",De Madrid al Zielo,"Tras una precipitada huida de la capital, Alfonso y sus compañeros llegan a la ciudad de Alicante para establecerse con los supervivientes que viven en el castillo de Santa Bárbara. Una vez allí, pronto comprobarán que la convivencia con el nuevo grupo no será nada fácil. Sitiados por los infectados que abarrotan la costa, y por la tiranía del líder de la fortaleza, Ruano, acabarán partiendo a la pequeña isla de Tabarca, donde se entablará una batalla que lo cambiará todo para siempre.",https://ww3.lectulandia.co/book/ultima-batalla/,Aventuras,2026-09-10T17:15:32
181,Arenas movedizas,['Emily Rodda'],"['Aventuras', 'Fantástico', 'Juvenil', 'Novela']",Deltora,"Lief ha visto gracias al poder del ópalo que la cuarta piedra se encuentra en las Arenas Movedizas, un lugar inhóspito de dunas rojizas y nubes amarillas. Por el camino pasarán por una ciudad, Rithmere, donde la población parece estar muy feliz y excitada. Y no es para menos porque está a punto de celebrarse el acontecimiento más esperado por todos: los Juegos, cuyo premio para el gran campeón son mil monedas de oro. Lief, Barda y Jasmine pronto descubrirán que no es oro todo lo que reluce…",https://ww3.lectulandia.co/book/arenas-movedizas-emily-rodda/,Aventuras,2026-09-10T17:15:35
182,Una hija de las nieves,['Jack London'],"['Aventuras', 'Novela']",,"Entre las rocas y las nieves eternas de Alaska surge una nación nueva, al ritmo del incesante martilleo de los buscadores de oro que acuden allí a decenas de millares, atraídos por la quimera del precioso metal. Una ley férrea, la ley de la Gran Ruta, que no está escrita en ningún código, otorga a los fuertes la vida y el triunfo, y castiga a los débiles con la muerte. Las figuras de Frona y Jacob Welse, magnates de ese inmenso emporio, y las de Vance Corliss, Del Bishop y otros aventureros, parecen destacarse del relato como estatuas talladas en granito.",https://ww3.lectulandia.co/book/una-hija-de-las-nieves/,Aventuras,2026-09-10T17:15:37
183,Trono destrozado,['Victoria Aveyard'],"['Aventuras', 'Fantástico', 'Relato']",La Reina Roja,"UN REY SIN CORONA busca el sentido de un mundo turbado por la guerra. UNA PRINCESA PLATEADA confía su vida a un capitán Rojo en el caos de una tierra desconocida. DOS HERMANOS ENEMIGOS se encuentran por última vez. UNA MONARCA RENUNCIA a su reino para perseguir el amor. Y UNA HEROÍNA cuya chispa inició una revolución, descubre dónde descansar en paz. Adéntrate en el oscuro y peligroso mundo de Norta y los reinos contiguos con este volumen imprescindible, que incluye tres cuentos inéditos, así como numerosos mapas, árboles genealógicos, epílogos y mucho más. Esta colección magistral ofrece una mirada completamente nueva a los queridos personajes de la icónica serie La reina Roja, donde el poder es un juego peligroso y la única certeza es la traición.",https://ww3.lectulandia.co/book/trono-destrozado/,Aventuras,2026-09-10T17:15:39
184,Tormenta de guerra,['Victoria Aveyard'],"['Aventuras', 'Fantástico', 'Novela']",La Reina Roja,"Mare Barrow aprendió que toda victoria tiene un precio cuando fue traicionada por Cal. Ahora, decidida a proteger su corazón y a asegurar la libertad de los Rojos y los nueva-sangre como ella, Mare resuelve derrocar el reino de Norta de una vez por todas… comenzando con su nuevo monarca, el rey Maven. Pero ninguna corona se conquista sola y antes de que los Rojos se levanten, Mare debe unirse al muchacho que le rompió el corazón para poder vencer al joven que casi acaba con ella. La guerra está a punto de estallar, y aquello por lo que Mare ha dado su vida se encuentra en juego. ¿Será suficiente lograr la victoria para destronar a los reinos Plateados o se acallará a la Niña Relámpago para siempre?",https://ww3.lectulandia.co/book/tormenta-de-guerra/,Aventuras,2026-09-10T17:15:41
185,Matamonstruos,['Jon Bilbao'],"['Aventuras', 'Novela', 'Otros']",John Dunbar “Basilisco”,"La culminación de una de las sagas wéstern más celebradas de los últimos años. La novela definitiva de uno de los escritores clave del actual panorama narrativo español. John Dunbar, conocido como «el Basilisco», quiere dar la espalda a su pasado de brutalidad y errancia y vivir por fin en paz junto a su familia. Se asienta con Lucrecia y su hija, Felicidad, en el inhóspito Valle de las Rocas, en pleno territorio navajo. Sin embargo, hasta allí le perseguirán los enemigos más aterradores que haya conocido nunca, unos enemigos que no parecen proceder de su mismo mundo. Por su parte, Jon, el escritor creador de las aventuras del Basilisco, regresa a su pueblo natal. Pretende rehabilitar la vieja casa familiar e instalarse en ella. Mientras, en el lejano oeste, Dunbar acoge al hijo de un antiguo enemigo y duda del amor de Lucrecia, dificultades para las que su experiencia como pistolero no le ha preparado, Jon se topa con una rival que estuvo a punto de arruinarle la vida y que parece dispuesta a intentarlo de nuevo. Así, las vidas del personaje y su autor se aproximan hasta casi confundirse. Matamonstruos concluye la exitosa saga iniciada en Basilisco y continuada en Araña , y retoma personajes de sus libros anteriores, como la nouvelle Los extraños , en un cierre épico, redondo, en un magistral juego de espejos entre la realidad y la ficción.",https://ww3.lectulandia.co/book/matamonstruos/,Aventuras,2026-09-10T17:15:43
186,El poema de Gilgamesh (Trad. Rafael Jiménez Zamudio),['Anónimo'],"['Aventuras', 'Otros', 'Poesía']",,"Comparado con otros poemas épicos de la antigüedad, podemos ver cómo frente a la Eneida o los poemas homéricos en el poema de Gilgamesh no existen guerras ni enfrentamientos entre héroes ni entre pueblos, sino sólo enfrentamientos individuales entre hombres y monstruos, o una lucha apasionante contra la inexorabilidad de la muerte. Se muestra en él el alma desnuda del hombre, con sus alegrías y sus tristezas, sus desvelos y sus fracasos, sus ansias y sus penurias. En él asistimos a la oposición del hombre mortal frente al dios inmortal. En definitiva, no estamos ante un obra épica nacional, sino ante un poema que desafía las barreras del tiempo, fijando exclusivamente su atención en el ser humano. IMPORTANTE: Recomendamos descargar los libros de poesía en formato EPUB dado que en PDF pueden tener problemas de visualización.",https://ww3.lectulandia.co/book/el-poema-de-gilgamesh-trad-rafael-jimenez-zamudio/,Aventuras,2026-09-10T17:15:44
187,Aventuras del capitán Hatteras,['Julio Verne'],"['Aventuras', 'Novela']",Viajes Extraordinarios,"Segunda novela de los Viajes extraordinarios y primera obra maestra de Julio Verne, las Aventuras del capitán Hatteras es la crónica del descubrimiento del Polo Norte y uno de los más paradigmáticos ejemplos del concepto que de la literatura de aventuras tuvo su autor. En esta novela Verne da vida a dos de sus más grandes criaturas, el capitán Hatteras, desde luego, pero también uno de sus compañeros, el entrañable doctor Clawbonny. Hatteras, es el primero en esa sucesión de hombres que se bastan a sí mismos y a su voluntad. Inasequible al desaliento, animado por un único norte en su vida, Verne se complace en presentarlo bajo rasgos físicos incluso sobrehumanos: el único expedicionario al que el frío no parece afectar, cuyo organismo parece animado por un fuego interno exclusivo de él. Clawbonny, por otra parte, supone una de las creaciones humanas más inolvidables del universo verniano. Si Hatteras es el fulminante que anima a cuantos participan en su aventura, el sabio doctor es el necesario aglutinante, aquél en quien confluyen todas las voluntades gracias a su irrenunciable capacidad para la concordia. Esta novela es la historia de una obsesión, la obsesión por el Polo Norte y ¿acaso las obsesiones pueden concluir de modo absolutamente feliz?",https://ww3.lectulandia.co/book/aventuras-del-capitan-hatteras/,Aventuras,2026-09-10T17:15:46
188,El vuelo de la libélula,['Gabriela Exilart'],"['Aventuras', 'Histórico', 'Novela']",,"Un secreto familiar llevará a Clara al fin del mundo, donde cree que se halla el principio de su historia. Una madre que vive en otro plano, una caja que guarda un secreto y un nombre impulsan a Clara a buscar su pasado. El buque Monte Cervantes la lleva al fin del mundo para hallar a un anarquista preso por sus ideales en el penal de Ushuaia. Un naufragio, un crimen y el encuentro con un hombre de ascendencia yagan la pondrán a prueba. Nada será fácil, la señalarán con el dedo, la acusarán de delitos, sufrirá humillaciones y tendrá que demostrar su inocencia. Y allí, en esa geografía hermosa y gélida, Clara descubrirá su origen y quizás también el amor. El vuelo de la libélula es una poderosa novela histórica y romántica, con fascinantes toques de realismo mágico, que narra la fortaleza de una mujer durante el hundimiento del crucero Monte Cervantes en las aguas heladas del canal Beagle.",https://ww3.lectulandia.co/book/el-vuelo-de-la-libelula-gabriela-exilart/,Aventuras,2026-09-10T17:15:48
189,El viaje de san Brandán,['Benedeit'],"['Aventuras', 'Fantástico', 'Otros', 'Relato']",,"El texto de la presente edición, primera versión al castellano, fue escrito por un poeta de la corte anglonormanda de Enrique I Beauclerc, hijo de Guillermo el Conquistador, hacia 1106, y refleja ya una sociedad refinada, cuya expresión literaria culminaría medio siglo más tarde con las novelas de tipo cortés. En el repertorio de los juglares figuraba el «Viaje de San Brandan» en compañía de las aventuras de MERLÍN, TRISTÁN y el rey ARTURO. Con aquellos relatos fue cantado, recitado y leído por toda Europa durante la Edad Media. En España alcanzó tal popularidad esta leyenda del santo irlandés descubridor de paraísos, que hasta el siglo XVIII no dudaron los cartógrafos en dibujar en sus mapas a la afortunada isla de San Borondón, como octava parte del archipiélago canario. Pintoresco avatar de la leyenda brandaniana, que a partir del siglo XIX y hasta nuestros días caería también en los despropósitos nacionalistas de eruditos celtistas, que convirtieron a Brandan en descubridor de la América precolombina, junto con Eirik el Rojo. Resulta muy claro, sin embargo, que este texto del siglo XII no es diario de a bordo o libro de navegación, sino peregrinaje iniciático, aventura circular y cíclica de siete años en busca de un paraíso, añorado y finalmente hallado. El infierno constituye el más largo episodio. Relata con detalladas descripciones los suplicios y tormentos padecidos por Judas, que, como en el caso de las escenas infernales del teatro medieval, despertarían el máximo interés en el público, sin impedir el placer del «horresco referens». En contraposición a las tinieblas infernales, está el mundo de la luz: el eterno sol de las islas visitadas, el destellante tesoro de la abadía de Albea, el grial de oro que se lleva el abad como prenda, después de penetrar con monjes y con barco en una columna de cristal por debajo del mar, las piedras preciosas que entrega el doncel a Brandán al final de su paseo por el Jardín de las Delicias . Como en todos los textos, el único mundo recorrido es el de la literatura, y el «Viaje de San Brandán» engarza en una red contextual, desde la nave de Eneas, la edad de oro ovidiana, trasplantada al jardín edénico, hasta la tradición de los cuentos árabes y el purgatorio de Dante; por tanto, de obligada lectura para quien quiera conocer las claves de nuestra herencia cultural.",https://ww3.lectulandia.co/book/el-viaje-de-san-brandan/,Aventuras,2026-09-10T17:15:49
190,El hijo del virrey,['Pedro Zarraluki'],"['Aventuras', 'Juvenil', 'Novela']",,"Una novela de aventuras que recuerda las emocionantes historias de Twain, Salgari o Stevenson y que combina humor y acción en un inolvidable alegato contra la guerra. Antón y Darío, dos jóvenes de 15 años, viven inmersos en la actividad comercial del puerto de Cartagena de Indias, uno de los más importantes de la época colonial. Antón es hijo del virrey y un muchacho reflexivo, pacífico, tímido y temeroso de su distante padre; y su amigo Darío, un joven mestizo cartagenero, inquieto, ávido de aventuras y que cree poseer poderes adivinatorios. Juntos se pierden por la ciudad en interminables correrías, cabalgan a través de la selva, van de pesca, observan a las chicas, y se preguntan qué tendrán que hacer para besar a una de ellas. Pero su despreocupada rutina cambiará cuando, en la primavera de 1741, comience el asedio británico que desembocará en la sangrienta batalla de Cartagena de Indias.",https://ww3.lectulandia.co/book/el-hijo-del-virrey/,Aventuras,2026-09-10T17:15:51
191,Los Mimpins (Ilustrado por Patrick Benson),['Roald Dahl'],"['Aventuras', 'Fantástico', 'Infantil', 'Relato']",,"El pequeño Billy no cree las historias de su madre sobre todos los monstruos que viven en el bosque, pero pronto descubre que Gaznatehediondo-abrasotrañas-zampavivientes, una criatura que escupe humo ardiente, es muy real, al igual que los diminutos Mimpins, cuyo mundo en miniatura está en peligro. Un relato de aventuras con elementos mágicos sobre el trasfondo de una cuestión básica: la lucha entre el bien y el mal.",https://ww3.lectulandia.co/book/los-mimpins-ilustrado-por-patrick-benson/,Aventuras,2026-09-10T17:15:53
192,James y el melocotón gigante (Ilustrado por Nancy Burkert),['Roald Dahl'],"['Aventuras', 'Infantil', 'Relato']",,"James es un niño huérfano que vive con sus dos horribles tías en una casa destartalada… Pero una misteriosa poción va a cambiar su vida por completo. Montado en un melocotón gigante, James inicia un fantástico viaje por el mundo entero…",https://ww3.lectulandia.co/book/james-y-el-melocoton-gigante-ilustrado-por-nancy-burkert/,Aventuras,2026-09-10T17:15:54
193,El sueño de la espada,['Manuel Sánchez G.'],"['Aventuras', 'Histórico', 'Novela']",,"Alonso de Yáñez es el tipo de soldado que todos quieren ser. Tras luchar en los Tercios de Flandes, se ha ganado la reputación de ser el mejor espadachín de Toledo. Un capricho del destino le otorga la ocasión de proteger a un consejero de la corte. A pesar de algún malentendido, sus andanzas y buenas maneras llaman la atención del valido del rey Felipe IV, el conde-duque de Olivares, y pronto éste le encomendará dos misiones muy delicadas.... Ya dentro del ambiente cortesano, en un mundo de apariencias donde las intenciones reales suelen estar ocultas y los peligros acechan sin cesar, Alonso se verá abocado a sucesivas aventuras, en las que no faltarán acusaciones de traición, misiones secretas, peligros varios... y el amor. Novela de aventura de corte clásico, con intrigas palaciegas, lances amorosos y disputas apasionadas, El sueño de la espada nos presenta un siglo XVII que creemos conocer, pero todavía hoy nos sorprende. Gracias a una prosa templada pero que emana frescura y agilidad, Manuel Sánchez G. nos adentra, desde el punto de vista del protagonista, que escribe sus andanzas, en una corte donde nada es lo que parece y en unos lugares, Toledo, Madrid y Barcelona, y unos tiempos que todos hubiéramos querido conocer.",https://ww3.lectulandia.co/book/el-sueno-de-la-espada/,Aventuras,2026-09-10T17:15:57
194,La gran sequía,['Alberto Vázquez-Figueroa'],"['Aventuras', 'Novela']",,"«El espacio que ocupa una mujer en el corazón de su esposo, es el mismo que ocupa en su cama». Tal es la tradición en los aislados campamentos seminómadas de lo más profundo del desierto mauritano. Cuanto más pese y más gorda esté la mujer, más beneficio significará para la familia, por mejor dote la podrán casar. El leblouh , llaman a tal práctica ancestral de siglos que aún hoy sigue… Y, por eso, más y más las ceban con pienso de ganado… Por eso, cuando Laila cumple quince años, y tras descubrir que existen otros mundos y otras mujeres más delgadas y con mejor vida, decide escapar. Inicia entonces un viaje inaudito para una joven de su pueblo y, gracias a la ayuda de Menelik, comienza una lucha por sus sueños y su libertad. La suya y la de las mujeres como ella. Y en esa fascinante huida hacia adelante descubrirá paisajes fascinantes, personajes increíbles y el mayor problema al que se ha enfrentado, se enfrenta y se seguirá enfrentando la humanidad: la falta de agua. Alberto Vázquez Figueroa es uno de los autores más vendidos del siglo XX en lengua española, reconocido por crítica y lectores por sus grandes novelas de aventuras. Esta vez nos trae una historia que aúna dos grandes temas de máxima actualidad: la sequía y el feminismo. Leblouh : tradición de algunos pueblos de África de engordar a las mujeres hasta reventar para así ganar más dinero con ellas. Se sigue haciendo hoy en día… en contra de cualquier derecho humano.",https://ww3.lectulandia.co/book/la-gran-sequia/,Aventuras,2026-09-10T17:16:00
195,Assassin’s Creed: Odyssey,['Gordon Doherty'],"['Aventuras', 'Histórico', 'Novela']",Assassin's Creed,"Grecia, siglo V a.C. Kassandra es una mercenaria de sangre espartana, condenada a muerte por su familia, al exilio. Ahora se embarcará en un viaje épico para convertirse en una heroína legendaria y descubrir la verdad sobre su misterioso linaje. Embárcate en una aventura en la Grecia clásica y descubre los secretos de los Assassins.",https://ww3.lectulandia.co/book/assassins-creed-odyssey/,Aventuras,2026-09-10T17:16:02
196,Momo (ed. original),['Michael Ende'],"['Aventuras', 'Fantástico', 'Juvenil', 'Novela']",,"Momo es una niña muy especial, posee la maravillosa cualidad de hacer sentir bien a todo aquel que la escucha. Pero la llegada de los hombres grises, que pretenden apoderarse del tiempo de las personas, va a cambiar su vida. Será la única en no dejarse engañar y con la ayuda de la tortuga Casiopea y del Maestro Hora, emprenderá una aventura fantástica contra los ladrones de tiempo.",https://ww3.lectulandia.co/book/momo-ed-original/,Aventuras,2026-09-10T17:16:05
197,Pentamerón,['Giambattista Basile'],"['Aventuras', 'Fantástico', 'Juvenil', 'Relato', 'Sátira']",,"Pocos lectores saben que algunas de las más hermosas fábulas del mundo, desde Cenicienta hasta El gato con botas , antes de acabar en las páginas de Perrault y los hermanos Grimm, donde todos las descubrimos de niños, fueron recogidas de las tradiciones orales por el napolitano Giambattista Basile, quien las publicó a comienzos del siglo XVII en el dialecto barroco napolitano. El Pentamerón fue definida por Benedetto Croce como «el más antiguo, el más rico y el más artístico de todos los libros de fábulas populares» y por Italo Calvino como «el sueño de un Shakespeare napolitano». Aún hoy, cuando la mayor parte de sus páginas se han integrado en nuestra mitología íntima, este libro amable y brutal, tierno y plebeyo, sabio y popular, sigue siendo una obra maestra casi desconocida.",https://ww3.lectulandia.co/book/pentameron/,Aventuras,2026-09-10T17:16:08
198,Allan en Egipto o El antiguo Allan,['H. Rider Haggard'],"['Aventuras', 'Ciencia ficción', 'Novela', 'Otros']",Allan Quatermain,"Con la proverbial maestría que todos reconocen en H. Rider Haggard, autor de obras tan famosas como «Ella» y «Ayesha», desarrolla el fecundo escritor las maravillosas aventuras de Allan Quatermain en Egipto. Este personaje, espíritu aventurero de múltiples facetas, creación de Rider Haggard, presenta en este episodio de su vida un nuevo aspecto de su personalidad. Toda la deslumbrante pompa del legendario y sugestivo Oriente, sus luchas, sus ambiciones y sus ritos misteriosos, llenos de poesía, están tratados en esta novela con la estupenda habilidad de este mago de la pluma. Desde las primeras páginas el relato se apodera del lector a través de las vicisitudes de Amada, la sacerdotisa de Isis, del cazador Shabaka (Quatermain) y de Bes, el rey enano, sin que el interés decaiga por un momento. Toda la emoción del suspenso ofrece al lector la actuación de sus personajes encarando la enconada lucha con hombres y bestias por la conquista del amor, uniéndose lo maravilloso y lo fantástico con pasiones de real emoción humana, probando la facundia del autor, que confirma con esta novela su indiscutible dominio en este género literario.",https://ww3.lectulandia.co/book/allan-en-egipto-o-el-antiguo-allan/,Aventuras,2026-09-10T17:16:09
199,La historia de Gillion de Trazegnies,['Anónimo'],"['Aventuras', 'Relato']",,"Gillion no puede tener hijos de Marie, su esposa. Para rogar a Dios que le conceda finalmente descendencia, Gillion parte hacia Jerusalén donde es hecho prisionero, pero es salvado de la muerte por Graciana, la hija del sultán de El Cairo, que se enamora de él. En Hainaut, Marie tiene gemelos, Jean y Gérard, y pasan catorce años; Gillion no regresa y, creyéndose viudo, se casa con Graciana, la hija del sultán, mientras los gemelos van a buscarle al Oriente. Finalmente lo encuentran y le dicen que su madre todavía está viva. Regresa al país, con sus hijos y Graciana convertidos al cristianismo. Las dos mujeres entraron en el convento y permanecieron allí hasta sus últimos días mientras Gillion, llamado por el sultán, regresaba a Oriente y moría en una batalla. Su corazón está enterrado en Hainaut, cerca de sus dos esposas. La «Historia de Gillion de Trazegnies y de Dama Marie, su mujer» es una obra anónima de la literatura belga que se conoce bajo la forma de novela desde el s. XV. Fue escrita en la corte de Borgoña en honor a una gran familia de Hainaut, los Trazegnies. Está dedicado a Felipe el Bueno. Su origen parece haber estado en una pieza para ser narrada teatralmente de la cual las primeras noticias que se tienen son del s. XIV. El personaje central de la novela, Gillion de Trazegnies, no ha existido nunca: es un personaje de ficción. La novela no es una biografía ni una alabanza a una persona histórica sino una obra de creación literaria en el más pleno sentido del término. Es así como constituye un hito en la evolución de la literatura francesa. La figura central puede haber sido inspirada de alguna manera en Gilles de Trazegnies, que estuvo en el Medio Oriente y tuvo dos esposas. Sin embargo, si se lee el texto de la novela se advertirá que las diferencias novelescas son notables. El verdadero Gilles de Trazegnies acompañó al Rey San Luis de Francia a las Cruzadas y fue nombrado por este como Condestable de Francia en Tierra Santa, cargo que ocupó hasta el final de su vida. Por otra parte, no tuvo dos mujeres simultáneas sino que enviudó y se volvió a casar, por lo que lo enterraron entre sus dos esposas. Ninguna de ellas fue egipcia.",https://ww3.lectulandia.co/book/la-historia-de-gillion-de-trazegnies/,Aventuras,2026-09-10T17:16:11
200,Hijos de las sombras,['Fernando Gamboa González'],"['Aventuras', 'Novela']",Capitán Riley,"Hijos de las sombras transcurre inmediatamente después de los hechos narrados en la novela Tinieblas . Sin embargo, aunque es recomendable, puedes disfrutar perfectamente de esta novela corta sin haber leído las precedentes, ya que esta nueva aventura es totalmente independiente de las anteriores. Espero que la disfrutes Fernando Gamboa . Julio, 1943. Arlington, Virginia. Alguien llama con urgencia a la puerta del capitán Alex Riley en plena madrugada. Adormilado, se levanta de la cama y baja las escaleras para ver de quién se trata y, al abrir, se encuentra con tres hombres uniformados que le ordenan que los acompañen. A Riley no le queda otro remedio que obedecer, sin sospechar, ni remotamente, que a partir de ese momento se verá arrastrado a la aventura más oscura y perturbadora de su vida. Hace ya unos meses que regresó de su misión en el corazón de África, y, apenas recuperado de sus heridas, la Oficina de Inteligencia Naval vuelve a encargarle otro trabajo, uno en apariencia mucho más sencillo. Lo que aún no sabe es que esta vez deberá enfrentarse al peor enemigo imaginable. Un enemigo ancestral que solo en ocasiones se revela entre las sombras para mostrarnos quiénes somos en realidad. Un enemigo que habita en el lado más oscuro de nuestros corazones y que, cuando aparece, nos lleva a dudar de nuestra propia humanidad. En esta nueva misión nada resultará ser lo que parece, y una operación de espionaje militar pasará a convertirse rápidamente en una espantosa pesadilla de la que ninguno podrá escapar. En esta ocasión, Alex Riley tendrá que sumergirse en lo más profundo de las tinieblas, y déjame advertirte que, si te unes a él en esta nueva aventura… quizás ya no puedas regresar.",https://ww3.lectulandia.co/book/hijos-de-las-sombras/,Aventuras,2026-09-10T17:16:14
1,El largo camino del miedo,['Karl von Vereiter'],"['Aventuras', 'Bélico', 'Novela']",,"Cuando, en junio de 1941, Hitler dio luz verde a su provecto «Barbarrosa», la más potente máquina de guerra de todos los tiempos inició la invasión de la Rusia soviética. Desde el primer momento, los resultados parecieron demostrar, una vez más, la genialidad militar del Führer del Tercer Reich. Una vez más, la «guerra relámpago» se encendió en las llanuras del Este de Europa, y los tanques avanzaron velozmente hacia el corazón del país de los bolcheviques. En las calles de Berlín, como en las de todas las ciudades alemanas, un frenético gentío alzaba el brazo y gritaba hasta enronquecer: —«SIEG! SIEG! SIEG!». Este grito de victoria parecía justificado. Pero cuando los fríos del invierno pintaron de blanco el paisaje, después de la victoria de Kiev cuando los tanques apuntaban ya hacia Moscú, la poderosa máquina germana empezó a frenar su vertiginoso impulso del comienzo de la campaña: ¿Qué ocurría? Alrededor de Hitler, sus más íntimos colaboradores seguían afirmando que el Ejército Rojo carecía de espíritu combativo, que sus cuadros estaban minados por un antisovietismo y que en el corazón de la mayoría de los soldados rusos alentaba un incoercible odio al régimen y a Stalin Bruscamente, frente al poderoso Ejército del Reich, los rusos lanzaron su formidable ofensiva. El mundo, incrédulo, vio entonces a los vencedores de cien batallas replegarse lo más velozmente posible, abandonando sobre el helado terreno hombres y material. En el Cuartel General, Hitler, frenético, sufría una de sus primeras «cóleras enloquecidas». ¿Cómo podía ser posible que un Ejército de miserables harapientos, de ignorantes, de esclavos que combatían bajo la amenaza de la pistola de los comisarios políticos pudiese hacer frente a la Wehrmacht? La rabia de Führer recayó sobre generales, coroneles, comandantes. Su aniversión hacia los altos cargos del Ejército se hizo patente, y las destituciones fulminantes cayeron como granizo sobre las unidades que se retiraban. Mientras, hombres helados, hambrientos, insuficientemente vestidos, ya que Hitler esperaba penetrar en Moscú en Navidad, retrocedían a través de la llanura helada… Mil veces más horrible que la retirada de las fuerzas de Napoleón, el repliegue de la Wehrmacht constituyó la más alucinante, la más triste de las aventuras bélicas, de nuestro tiempo.",https://ww3.lectulandia.co/book/el-largo-camino-del-miedo/,Aventuras,2026-10-03T17:16:57
2,Imperio en ruinas,['Lucía Cerezo'],"['Aventuras', 'Fantástico', 'Novela']",Fénix & Dragón,"A veces, la guerra no se gana con espadas. A veces se gana con una mano extendida, una sombra compartida, una verdad susurrada al oído. No hay tormentas eternas, solo almas lo bastante fuertes como para atravesarlas. Cuando Eda llegó al mundo, Skylar O’Hara volvió a sentir los latidos de su propio corazón que había permanecido inerte durante siglos. Sin embargo, ahora la jinete corre peligro: la Dama ha vuelto y no parará hasta hacerse con la magia de Eda y el poder de todo el imperio. La guerra está a punto de comenzar y solo las alianzas más imposibles, las bestias ancestrales y los secretos enterrados podrán salvar el imperio de su destino. Tras Imperio de fuego azul e Imperio en llamas , Lucía Cerezo vuelve a poner a prueba las reglas de la magia y la fantasía en esta tercera entrega de la Saga Fénix y Dragón. ¿Te atreves a arriesgar tu corazón?",https://ww3.lectulandia.co/book/imperio-en-ruinas/,Aventuras,2026-10-03T17:16:59
3,Déjame en las sombras,['Oscar Beltrán de Otálora'],"['Aventuras', 'Intriga', 'Novela']",,"Alejado de su antigua vida frenética, Juan Lecuona —exguerrillero, exespía, exiliado y ladrón de guante blanco— vive ahora la Niza de los casinos, los yates y el lujo desmedido, en una Francia que en 1963 se enfrenta a una guerra civil encubierta tras la independencia de Argelia. El robo en una joyería en Perpiñán saca a Juan de su plácido sueño: acaba de asaltar, sin saberlo, a la mafia marsellesa, que ahora quiere su cabeza. Los servicios secretos franceses le ofrecen una salida suicida: a cambio de un trato con la mafia de la Costa Azul, Juan deberá robar a la Organization de l’Armée Française, la OAS, un grupo terrorista formado por militares opuestos a la independencia argelina, obsesionados con matar al general De Gaulle. El antiguo espía deberá regresar a España para robar el dinero de la OAS, para ello tendrá que infiltrarse en un grupo clandestino de asesinos, a los que protegen policías, donde una misteriosa mujer controla el capital de la organización más peligrosa de Europa. Una novela de espías, basada en hechos reales, que recorre de guerra en guerra España, Argelia y Francia. Déjame en las sombras es un ejercicio apasionante de historia y acción.",https://ww3.lectulandia.co/book/dejame-en-las-sombras/,Aventuras,2026-10-03T17:17:00
4,Terradraga,['Arden Montag'],"['Aventuras', 'Fantástico', 'Novela']",,"(Ciclo 984 después de Argia). En la última y más cruenta guerra entre los hombres, uno de los bandos recurrió al poder prohibido de los dragones a través de Argia, la maga más poderosa que jamás ha pisado el planeta de los dos soles. Dicen que fue tras la destrucción de esa última guerra donde la maga dio a luz al primero de los dragos: mitad humano, mitad dragón. Muchos Ciclos después, en la insólita península de Terradraga, entre kórtodos, suargos, dracknodones y bograx, dos dragos huérfanos irán encajando las piezas de la historia que los une. Para ello vivirán una trepidante aventura en la que la magia, el amor y el coraje se convertirán en la llama que alimente el fuego de la libertad. Un relato épico en el que descubriremos los secretos de la Forja: la olvidada escuela de los dragos azules, el poder oculto que puede albergar un misterioso libro, o la forma en la que la música se convierte en símbolo de la resistencia y unión entre los rebeldes de la Llama, un ejército de desheredados unidos para luchar contra la dictadura de la reina Tëesha y el príncipe Crimson. «Un drago un fuego, unidos un incendio».",https://ww3.lectulandia.co/book/terradraga/,Aventuras,2026-10-03T17:17:03
5,El samurái errante,['Carlos Bassas'],"['Aventuras', 'Histórico', 'Novela']",Aki Monogatari,"Japón, Era Keichō, año decimosexto, siendo Emperador Go-Mizunoo. El ōgosho Tokugawa Ieyasu ha ordenado la construcción en secreto de una nao de estilo occidental en un lugar recóndito de la provincia de Mutsu, al norte. Su objetivo es establecer una nueva ruta comercial con el virreinato de Nueva España aprovechando la corriente negra. El proyecto avanza a buen ritmo, hasta que, con la llegada de la primera luna de otoño, la muerte de una serie de campesinas hace que los trabajadores se nieguen a continuar. Todo parece indicar que el responsable es un kodama , un espíritu del bosque, decidido a proteger su hogar. Dispuesto a averiguar la verdad, el daimyō Date Masamune, señor de esas tierras, envía a su Investigador de Asuntos Especiales, Miyamoto Tsunetomo, y a su hijo adoptivo y discípulo Aki al lugar; cualquier retraso en la fecha de entrega del barco del shōgun puede suponer que el clan caiga en desgracia. Pero un contratiempo inesperado obliga a Aki a seguir solo. La única ayuda con la que contará será la de un shugyōsha , un misterioso samurái errante que ha conocido durante el camino. El samurái errante es una novela de aventuras fielmente ambientada en el Japón de principios del siglo XVII, una era en la que todo está cambiando, desde el nuevo sistema de gobierno instaurado por los Tokugawa tras la unificación del país, a las funciones y la propia razón de ser de la clase samurái, ahora sometida a la burocracia y al creciente poder de una nueva clase social, los chōnin . Japón necesita cada vez menos guerreros y más comerciantes.",https://ww3.lectulandia.co/book/el-samurai-errante/,Aventuras,2026-10-03T17:17:05
6,Theodoros,['Mircea Cărtărescu'],"['Aventuras', 'Drama', 'Fantástico', 'Novela']",,"Un ejercicio de pura libertad literaria, una obra torrencial, libérrima, exuberante, inclasificable . Una novela épica que va desde lo realista hasta lo fantasmagórico . Tudor es el hijo menor de dos sirvientes de la corte de un gran boyardo de la atrasada Valaquia. Desde su nacimiento, la ambición parece guiar cada uno de sus pasos, y en su arduo ascenso al poder no dudará en dejar su camino sembrado de cadáveres. En su historia se cruzan el rey Salomón, la reina de Saba, el bisabuelo de John Lennon, el general Napier y la reina Victoria. Tudor será Theodoros: bandido y pirata, pecador devoto, el terror de los mares de la Hélade. Vivirá en bosques y monasterios, presenciará batallas y milagros, y finalmente se convertirá en Tewodros: el despiadado Emperador de Emperadores, soberano absoluto de Abisinia. Historias de amor y de aventuras, reales y fantásticas, voluptuosas y crueles. Cărtărescu entrelaza lo histórico, lo legendario y lo filosófico con pasajes prodigiosamente hermosos para crear un universo que abarca desde la Creación hasta nuestros días y que va incluso más lejos: hasta el Juicio Final. ------------------------------- Reseñas: «Leer a Cărtărescu es una experiencia que nada tiene que ver con la evasión y el entretenimiento, sino que nos procura puro éxtasis y alegría». Le Monde «Pocos autores son capaces de andar tan al fondo de sí mismos. Libro tras libro, se confirma que la suya es una de las aventuras literarias más sólidas de las letras contemporáneas». Francesc Serés, El País",https://ww3.lectulandia.co/book/theodoros/,Aventuras,2026-10-03T17:17:08
7,El Invencible (trad. Abel Murcia y Katarzyna Mołoniewicz),['Stanislaw Lem'],"['Aventuras', 'Ciencia ficción', 'Novela']",,"El invencible es el nombre de la enorme nave interestelar que parte hacia el encuentro de su gemela, la impresionante y guerrera Cóndor. Esta última, perdida en Regis III, un aislado y deshabitado planeta, provocará oleadas de angustia vital tanto en los que sobrevivieron como en aquellos que acuden en su ayuda de manera abrupta, devastadora y violenta. Nanobots, viajes en el espacio, inteligencia de enjambres y evolución artificial se citan en este relato despiadado y atroz de supervivencia humana. El cosmos es en El invencible el centro del pensamiento humano. La utopía del hombre, la búsqueda de la verdad y la importancia de diferenciarnos de los demás seres del universo son solo la punta del iceberg del gran desafío misterioso y cruel que nos proponen la existencia y nuestra incapacidad de no poder conquistarlo todo.",https://ww3.lectulandia.co/book/el-invencible-trad-abel-murcia-y-katarzyna-moloniewicz/,Aventuras,2026-10-03T17:17:11
8,El rey Rojo,['Victor Kelleher'],"['Aventuras', 'Infantil', 'Juvenil', 'Novela']",,"Timkin es una jovencísima acróbata que viaja por los territorios del bosque con una pequeña troupe circense. Es una simple esclava, pero estará destinada a enfrentarse al rey Rojo, quien mantiene a sus súbditos atemorizados con la amenaza de su ejército y con el miedo al contagio de una terrible enfermedad que consume de fiebre a quienes la contraen. Junto a su amo, que estimula sus deseos de venganza tanto como sus ansias de libertad, ayudada por una monita y un oso amaestrados, se adentrará en la morada subterránea del tirano con el objetivo de acabar con su dominio y liberarse a su vez de la esclavitud, para descubrir que no hay más prisión que la que cada uno crea en su interior. Ilustraciones de Dionisio Ridruejo (¿?).",https://ww3.lectulandia.co/book/el-rey-rojo/,Aventuras,2026-10-03T17:17:12
9,Mil y una noches,['Anónimo'],"['Aventuras', 'Relato']",,Edición completa del clásico con la premiada traducción de Salvador Peña.,https://ww3.lectulandia.co/book/mil-y-una-noches/,Aventuras,2026-10-03T17:17:14
10,Lorenzo Ferrer Maldonado. El misterio del Paso del Noroeste,['Carlos Alonso Mendizábal'],"['Aventuras', 'Histórico', 'Novela']",Narrativa marítima,"Lorenzo Ferrer Maldonado. El misterio del Paso del Noroeste es una novela histórica que trata de la apasionante biografía del capitán de mar que descubrió el paso entre el Océano Atlántico y el Océano Glacial Ártico. Aunque no se dispone de una continuidad cronológica de datos históricos, el autor ha suplido estas carencias con hechos imaginados que terminan de configurar la vida apasionante de un verdadero hombre del Renacimiento. Arte y Ciencia adornaron a este andaluz, que con la notoriedad de sus gestas, tuvo el apoyo y entusiasmo de las gentes y por no ser políticamente correcto, la envidia y el desprecio de los que, entonces, podían considerarse como la clase dirigente. Guadix, Mesina, Lepanto, Flandes, Sevilla, Granada, Cartagena de Indias, Filipinas, Cuba, Cádiz, Aveiro y los mares fueron los escenarios donde escribió las páginas de una azarosa y emocionante vida, llena de aventuras hasta que murió en Madrid, en el año del Señor de 1625.",https://ww3.lectulandia.co/book/lorenzo-ferrer-maldonado-el-misterio-del-paso-del-noroeste/,Aventuras,2026-10-03T17:17:17
11,La llamada de lo salvaje (Ed. Clásicos a medida),['Jack London'],"['Aventuras', 'Juvenil', 'Novela']",,"Alabada por crítica y público desde su publicación en 1903, nunca ha dejado de ser reimpresa y de lectura obligatoria en las escuelas estadounidenses. El relato de supervivencia y de retorno al estado salvaje de Buck ha enriquecido los sueños de varias generaciones de lectores que fantaseaban con las tierras del norte. Pero esconde un significado mucho más profundo: London nos avisa de que la frontera entre la civilización y lo salvaje es delgada y frágil, tanto para los hombres como para los perros. Incluye Finis, un relato breve que tiene lugar en las mismas tierras inhóspitas que La llamada de lo salvaje.",https://ww3.lectulandia.co/book/la-llamada-de-lo-salvaje-ed-clasicos-a-medida/,Aventuras,2026-10-03T17:17:19
12,El oscuro capitán Blackdawn,['Ivana von Retteg'],"['Aventuras', 'Novela']",Blackdawn,"Johnny Blackdawn no es más aquel adolescente que se debatía entre ser un pirata o servir en la Marina Real británica. Su camino lo ha llevado a convertirse en capitán de capitanes. Sus habilidades en alta mar le han valido el mote, así como sus hazañas al frente de El Espectro, el letal barco pirata que ha golpeado una y otra vez a la Compañía de las Indias. Pero tras su éxito al frente de una revolución de bucaneros, Johnny ha dejado tras de sí grandes enemigos que esperan pacientemente el momento de vengarse. En particular, dos hermanos que lo han perdido casi todo y que están dispuestos a arriesgar lo que les queda, con tal de verlo humillado y vencido, además de querer robarle el tesoro de Cortés. Para ello recurrirán a las tácticas más bajas y nadie del mundo de Johnny podrá considerarse a salvo, mucho menos su esposa e hijos. Batallas épicas, dilemas y una oscura espiral de locura y violencia esperan a Johnny. ¿Podrá hacerle frente al embate de la venganza? ¿Qué costo tendrá para él y los suyos?",https://ww3.lectulandia.co/book/el-oscuro-capitan-blackdawn/,Aventuras,2026-10-03T17:17:22
13,Un precioso testamento,['H. Rider Haggard'],"['Aventuras', 'Novela']",,"Después de una colisión con un ballenero, Mr . Meeson, redacta su testamento. Esto conduce a una interesante batalla judicial",https://ww3.lectulandia.co/book/un-precioso-testamento/,Aventuras,2026-10-03T17:17:24
14,Oliver Twist (ed. Alba),['Charles Dickens'],"['Aventuras', 'Drama', 'Novela']",,"Oliver Twist , publicada por entregas en 1837, consolidó la fama de Charles Dickens y es, sin duda, una de sus novelas más conocidas. Con ella se proponía demostrar que se podía «servir a la moral» mediante una historia con «personajes elegidos entre lo más criminal y degradado de la población de Londres», y donde sin embargo sobrevivieran la candidez y la fragilidad. La historia del pequeño Oliver, criado en un hospicio, empleado y maltratado en una funeraria, fugitivo en Londres, donde es reclutado por una panda de ladrones que él no reconoce como tales, es un magnífico relato sobre la inocencia acosada. Los distintos protectores que va encontrando en su camino nos descubren al Dickens idílico y sentimental, pero en el bando de los corruptores asoman algunas de sus más inquietantes creaciones —Fagin, el genio del crimen, el ladronzuelo Jack Dawkins, el asesino Sikes, el misterioso Monks—, que inspiran tanta repulsión como atracción. Tampoco faltan en la novela los efectos cáusticos y a la vez reparadores de su sentido del humor, ese que Anna Grigorievna, la segunda mujer de Dostoievski, recordaba que, en sus peores momentos, entraba a formar «parte de nuestra vida. Sobrellevábamos gracias a él nuestra pobreza con resignación, a veces irresponsablemente».",https://ww3.lectulandia.co/book/oliver-twist-ed-alba/,Aventuras,2026-10-03T17:17:26
15,La flor sagrada,['H. Rider Haggard'],"['Aventuras', 'Novela']",Allan Quatermain,"En La Flor Sagrada (1915), Rider Haggard abandona por el momento, pues nos reservaría para más adelante el final de su trilogía con Zikali el Hechicero , el intenso relato de las guerras zulúes, cuyo desenlace no se había aún producido, para volver a sus escenarios de viajes y aventuras en reinos africanos desconocidos. «Nunca creí que por una flor libraría tal suerte de peripecias:», dice Allan Quatermain, el héroe personal y preferido de Rider Haggard. Una flor misteriosa (una orquídea), cuyo origen se desconoce, es custodiada por un tribu de costumbres bárbaras, que creen que su pertenencia está ligada a la flor. Nos volvemos a encontrar con el inseparable servidor Hans, los déspotas jefes de tribus, los hechos semifantásticos como el gigantesco gorila asesino, y el romance, esta vez protagonizado por el joven Stephen Somers, figura que evoca al ya muerto hijo de Haggard, y una joven y misteriosa diosa blanca que, con su madre, custodia la flor.",https://ww3.lectulandia.co/book/la-flor-sagrada/,Aventuras,2026-10-03T17:17:28
16,Soy capitán,['Víctor San Juan'],"['Aventuras', 'Histórico', 'Humor', 'Novela']",Narrativa marítima,"Costa chilena del Pacífico, 1821. Guerra de la Independencia. El que fue un gran imperio se derrumba víctima de sus contradicciones, mientras la joven nación que le sustituirá surge de la mano de audaces y románticos marinos. El capitán de la balandra La Liebre navega para reunirse con la escuadra de refuerzo enviada desde España y se encuentra con una gran sorpresa: dos terribles capitanes (enemigos cómplices de un traidor que navega a bordo), un tesoro y una inesperada compañera de huida. Esta obra es todo un homenaje y antítesis de las novelas náuticas clásicas, su verdadero fondo es la valentía de una mujer en busca de una respuesta que exige ser afrontada. Y que, muy a su pesar, encontrará.",https://ww3.lectulandia.co/book/soy-capitan/,Aventuras,2026-10-03T17:17:31
17,El Caballero Carmesi,['Carlos Arroyo González'],"['Aventuras', 'Fantástico', 'Novela']",Crónicas de Astarca,"El esperado final de la trilogía. El épico enfrentamiento que decidirá el futuro de Astarca. Valan está prisionero en la Ciudadela del Círculo. Para recuperar a su hijo, Atsorin deberá derrotar a Magnus Aurum. Sin embargo sabe que su poder es tan abismal que no tiene ninguna posibilidad de lograrlo. Su única esperanza será atravesar el Laberinto de Sargon. Un lugar olvidado por todos, del que nadie ha sido capaz de regresar. Un laberinto creado por el primero y más poderoso de los unari, cuando había caído en una espiral de locura. Mientras tanto, el mítico reino de Nueva Lubecia ha despertado, y ahora en la frontera de Nirvenia está a punto de estallar la batalla más formidable de todos los tiempos. Una antigua hermandad asegura que el Caballero Carmesí, un legendario personaje que devolverá la paz a Astarca, está a punto de aparecer.",https://ww3.lectulandia.co/book/el-caballero-carmesi/,Aventuras,2026-10-03T17:17:34
18,La ruta sangrienta,['Sven Hassel'],"['Aventuras', 'Bélico', 'Novela']",Biblioteca Sven Hassel,"«La ruta sangrienta» es, sin duda, una de las novelas más logradas de Sven Hassel, el famoso autor de tantos y tantos «best-sellers» centrados en torno a la actividad de las tropas alemanas durante la Segunda Guerra Mundial. Reaparecen los personajes tan conocidos por los numerosos lectores de Sven Hassel: «el Viejo», «Hermanito», Porta, «el Legionario»…, a los que se unen otros nuevos como «Tango» y «Búfalo». La unidad a cuyo mando se halla «el Viejo», se enfrenta aquí con los partisanos griegos. Los «500» van encontrando por doquier, en su marcha, una «ruta sangrienta», y asisten a escenas verdaderamente desgarradoras, como la del niño que enloquece al ver cómo unos desertores matan a sus jóvenes padres, o el fusilamiento sin previo juicio, por haber robado, de dos adolescentes que son casi unos niños… Apocalípticas y dantescas escenas que, por desgracia, no son producto de la imaginación de su autor.",https://ww3.lectulandia.co/book/la-ruta-sangrienta/,Aventuras,2026-10-03T17:17:36
19,Cielo de sangre,['Carlos Arroyo González'],"['Aventuras', 'Fantástico', 'Novela']",Crónicas de Astarca,"La fuente de la magia primordial se ha agotado. Y con ella ha desaparecido la Esfera que mantenía segura Astarca. Los turgen, unos despiadados seres procedentes de otro Plano han entrado en Astarca para arrasarlo todo a su paso. Las aldeas y ciudades van cayendo una tras otra. Mientras el reino de Nirvenia intenta resistir, Atsorin envía una misión hacia las ruinas de la antigua Universidad Arcana para recuperar el único objeto que tal vez pueda cerrar de nuevo el Plano de Astarca. Además el líder del Círculo ha regresado, dispuesto a vengarse de sir Desmond. Aunque ese es tan solo el comienzo de sus planes. Tras los últimos acontecimientos, incluso Magnus Aurum, el Paladín supremo de los unari, se ve desbordado por la situación. Batallas, monstruos, ruinas laberínticas, traiciones. Todo eso y mucho más encontrarás en las páginas de esta trepidante segunda parte de la serie iniciada con «Cenizas de Astarca».",https://ww3.lectulandia.co/book/cielo-de-sangre/,Aventuras,2026-10-03T17:17:39
20,Cenizas de Astarca,['Carlos Arroyo González'],"['Aventuras', 'Fantástico', 'Novela']",Crónicas de Astarca,"Lo mutilaron. Lo desecharon. Ahora ha regresado para reclamar el trono. Cuenta la leyenda que un rey de alas plateadas devolverá a Nirvenia el esplendor del antiguo Reino Andórico. Atsorin nació con alas de plata, pero se las cortaron cuando era solo un niño. Ahora el trono está ocupado por Eldar, que ha iniciado una era de tiranía y ha anunciado una recompensa por la cabeza de Atsorin. Para derrotar a Eldar y reclamar la corona, su única opción será recuperar sus alas. Para ello deberá embarcarse en un viaje lleno de peligros a través de Astarca. Sin embargo, contará con la ayuda de la magia primordial, utilizando unos dados que recogen los fragmentos mágicos. Se dice que existen unos dados aún más poderosos, los responsables del Gran Cataclismo en tiempos del rey Magriel. Unos dados capaces de destruir mundos y cambiar el curso del tiempo. Tal vez esos dados sean la última esperanza de Atsorin. Durante su viaje deberá enfrentarse a monstruos legendarios, atravesar lugares de pesadilla, visitar oscuras mazmorras. Pero también encontrará héroes de leyenda, armas capaces de derrotar a míticas bestias, objetos mágicos de poder inimaginable…",https://ww3.lectulandia.co/book/cenizas-de-astarca/,Aventuras,2026-10-03T17:17:42
21,El honesto mentiroso,['Rafik Schami'],"['Aventuras', 'Juvenil', 'Novela']",,"Ha llegado un circo a Morgana y Sadik, un joven de la ciudad con extraordinaria imaginación, es convencido para que, noche tras noche, durante la función, divierta con sus fantasías a grandes y pequeños contando mordaces fábulas. Por ellas desfilarán animales tan inverosímiles como la risocuerna, el rinoorejas o el metijón... Otra magnífica obra con la que nos deleita el autor de Narradores de la noche.",https://ww3.lectulandia.co/book/el-honesto-mentiroso/,Aventuras,2026-10-03T17:17:44
22,Tren a Samarcanda,['Guzel Yájina'],"['Aventuras', 'Novela']",,"En otoño de 1923 el comandante Déyev, joven veterano de la guerra civil rusa, debe llevar a cabo una tarea tan crucial como el evacuar en un convoy ferroviario a quinientos niños de un orfanato de Kazán y conducirlos a la ciudad sureña de Samarcanda, lejos de la atroz hambruna que azota el corazón del país. Quien acompaña y supervisa al tierno y compasivo Déyev es Bélaya, la representante de la Comisión de la Infancia, una bolchevique convencida de carácter fuerte. Juntos deberán recorrer cuatro mil kilómetros en seis semanas, con un único propósito: salvar la vida de los niños. Las peripecias que vivirán durante el trayecto, descritas con gran realismo, adquieren una dimensión mítica gracias a la magistral pluma de Yájina, capaz de convertir a Déyev en un Ulises moderno, y su largo periplo, en una gran aventura de tintes legendarios.",https://ww3.lectulandia.co/book/tren-a-samarcanda/,Aventuras,2026-10-03T17:17:47
23,La flor del sueño,['Gustave le Rouge'],"['Aventuras', 'Fantástico', 'Intriga', 'Novela']",El misterioso doctor Cornelius,"Las aventuras del «misterioso doctor Cornelius» son sin duda una de las obras maestras de la novela negra popular de la Belle Époque. Le Rouge mezcla intriga y visión científica en un universo novelístico de gran originalidad. De Nueva York a Bretaña, del Gran Oeste americano a la Isla de los Ahorcados, la pluma de Le Rouge lleva al lector a lugares asombrosos, misteriosos y enigmáticos, donde chocan dos concepciones antagónicas del mundo: Una, encarnada por el científico francés Prosper Bondonnat, cuyas investigaciones se centran únicamente en añadir una piedra al «radiante edificio de la modernidad»; la otra, por el malvado doctor Cornelius Kramm, cirujano plástico estadounidense, «escultor de la carne humana» e inventor de la «carnoplastia», cuya obsesión es esencialmente el poder y el dinero.",https://ww3.lectulandia.co/book/la-flor-del-sueno/,Aventuras,2026-10-03T17:17:49
24,Siete casas en Francia,['Bernardo Atxaga'],"['Aventuras', 'Novela', 'Sátira']",,"En Yangambi, junto al río Congo, el ejército de Leopoldo II de Bélgica impone el orden bajo la autoridad de Lalande Biran, un poeta con deseos de amasar fortuna y regresar a las tertulias de los cafés de París. A su alrededor se mueven disparatados y espléndidos personajes que convierten aquella selva en un delirante circo de la ambición y el absurdo humano: el ex legionario Cocó, mujeriego y brutal, con la cabeza siempre dividida en dos; el gigante Donatien, servil y pérfido; los mandriles, una virgen, un león y una deslumbrante nativa. Pero las cosas comienzan a ser diferentes con la llegada de un nuevo oficial: Chrysostome Liège, un tirador infalible que esconde una enigmática personalidad. Siete casas en Francia es una novela que huye de la crónica sombría o de la denuncia vehemente; busca, en cambio, a través del humor y de la aventura, la metáfora que habla del lado siniestro de nuestro mundo.",https://ww3.lectulandia.co/book/siete-casas-en-francia/,Aventuras,2026-10-03T17:17:52
25,La virada,['Tomás Salvador'],"['Aventuras', 'Drama', 'Novela']",,"Este libro describe la lucha tenaz de unos hombres llamados garimpeiros, para lograr cambiar el curso de un río, y buscar en él sus diamantes. Es la continuación de la novela Garimpo, escrita en 1952, aunque ambas pueden leerse independientemente.",https://ww3.lectulandia.co/book/la-virada/,Aventuras,2026-10-03T17:17:54
26,El Chancellor,['Julio Verne'],"['Aventuras', 'Novela', 'Terror']",Viajes Extraordinarios,"Cuando los pasajeros del Chancellor descubren que su barco está ardiendo, aún no son capaces de imaginar los horrores que les aguardan. Verne, gran admirador de Poe, pretendió escribir un relato de tal crueldad, que recordara La narración de Arthur Gordon Pym . «Le llevaré un volumen de un realismo espantoso -escribió a su editor-. Creo que la balsa de La Medusa no ha producido nada tan terrible». Con el estilo cortado propio de un diario, uno de los náufragos va contando las torturas que padecen en una balsa perdida en el océano. Pero, como es habitual en Verne, siempre hay personajes cuya abnegación, inocencia y heroísmo alcanzan límites insospechados.",https://ww3.lectulandia.co/book/el-chancellor/,Aventuras,2026-10-03T17:17:57
27,Tarzán y el hombre león,['Edgar Rice Burroughs'],"['Aventuras', 'Novela']",Tarzán,"Tarzán descubre en esta entrega a un científico loco que ha logrado que un grupo de gorilas se comporten como poco menos que seres humanos, pero además ha recreado el Londres del siglo XVII en las profundidades de la jungla.Por otro lado, se encuentra con un equipo de cine que está intentando rodar una película en condiciones muy poco propicias y que, por si fuera poco, ha perdido a una de sus estrellas.Por primera vez en esta serie, Burroughs hace una alusión velada al tratamiento que Hollywood dio a su obra narrativa, y ofrece una mirada crítica acerca del mundo de las estrellas cinematográficas.",https://ww3.lectulandia.co/book/tarzan-y-el-hombre-leon/,Aventuras,2026-10-03T17:17:59
28,El nacimiento de un guerrero,['Matthew Harffy'],"['Aventuras', 'Histórico', 'Novela']",Tiempo de espadas,"Los presagios lo habían anunciado: hambruna, vientos huracanados, relámpagos en el cielo despejado, serpientes volando por el aire; y, sin embargo, cuando todo sucedió, nadie estaba preparado. Por el norte, descendiendo hacia el lugar más sagrado del reino, el monasterio de Lindisfarne, aquellos barcos con el dragón en la proa se deslizaron entre la niebla del amanecer aquel 8 de junio del año 793. Y entonces llegó el caos. Entre la sangre y el saqueo de los vikingos, los monjes huyen y se resguardan, y sólo un joven novicio se mantiene firme. Ha sido educado en la caridad y la templanza, pero, ante la matanza de sus hermanos y la profanación pagana de su iglesia, el perdón resulta imposible. Y lo vivido cambia para siempre la existencia del joven Hunlaf, pues descubre, de repente, que hay un tiempo para la fe y la oración... y otro para las espadas.",https://ww3.lectulandia.co/book/el-nacimiento-de-un-guerrero/,Aventuras,2026-10-03T17:18:01
29,La búsqueda de Tarzán,['Edgar Rice Burroughs'],"['Aventuras', 'Novela']",Tarzán,"Tarzán solo había escuchado rumores de la extraña raza Kavuru de salvajes blancos. Pero cuando roban la hija de Muviro, jefe de los waziri, el señor de la jungla parte en busca de su pueblo para rescatarla o, si fuera necesario, vengarla. Lo que no podía imaginar es que su rastro correrá cerca del de un extraño grupo de supervivientes de un accidente aéreo, entre los que se incluye su amada Jane. El destino les deparará una cita con la sangre y el fuego en el temido templo del kavuru.",https://ww3.lectulandia.co/book/la-busqueda-de-tarzan/,Aventuras,2026-10-03T17:18:03
30,Tarzán y la ciudad de oro,['Edgar Rice Burroughs'],"['Aventuras', 'Novela']",Tarzán,"Cuando Tarzán salva de la tortura a un desconocido hombre blanco, se sorprende al descubrir que procede de un país del que no tenía noticia, la tierra de Onthar, escenario de la lucha encarnizada entre los habitantes de Athne, la ciudad del marfil, y Cathne, la ciudad de oro, donde emplean leones entrenados para matar. Allí conocerá Tarzán a la lasciva reina Nemore, que parece decidida a convertirlo en su consorte… o a echarlo a los leones. El intrepido Tarzán, se enfrenta a una situación en la de nada sirve su experiencia en la selva. Debido a su contenido erótico, Tarzán y la Ciudad de Oro, fué víctima de la censura, y sólo recientemente se ha publicado una versión íntegra en español.",https://ww3.lectulandia.co/book/tarzan-y-la-ciudad-de-oro/,Aventuras,2026-10-03T17:18:05
31,Cabo de Hornos a la vela,['Bernard Moitessier'],"['Aventuras', 'Novela', 'Otros']",,"En este libro, Bernard Moitessier nos relata su legendaria travesía de 14.216 millas a través de la ruta del cabo de Hornos, una de las rutas más penosas y arriesgadas porque atraviesa una zona marítima de altas latitudes y donde tantos grandes veleros, dedicados al transporte comercial, desaparecieron sin dejar rastro. Escritor sensible e inteligente, hace partícipes a sus lectores de un tipo de navegación nada corriente, embriagadora y arriesgada. Revivimos los temibles seis días de temporal en que el Joshua , huyendo a palo seco, recorrió 600 millas hacia el amenazador cabo de Hornos. Pero antes de doblarlo, el lector habrá vivido con las tortugas y las iguanas de las Galápagos, se habrá deslizado entre los atolones de coral de las islas Tuamotú y, naturalmente, habrá visitado Tahití, última escala antes del gran desafío.",https://ww3.lectulandia.co/book/cabo-de-hornos-a-la-vela/,Aventuras,2026-10-03T17:18:08
32,Tarzán y la ciudad prohibida,['Edgar Rice Burroughs'],"['Aventuras', 'Novela']",Tarzán,"La suerte que pueda correr una expedición destinada a hallar la mítica ciudad de Ashair poco puede importarle a Tarzán. Aseguran los rumores que allí se encuentra una gema de valor incalculable, el Padre de los Diamantes, y estimulado por este leyenda, el aventurero Brian Gregory se ha perdido en la espesura sin dejar apenas rastro. Sin embargo, cuando Paul d´Arnot, buen amigo de Tarzán, le pide que les guíe en una expedición encabezada por el padre y la hermana de Gregory, el hombre mono no puede negarse a conducirlos hasta la ciudad prohibida… sin saber que les conduce quizás hasta la muerte, y que el enigmático Atan Thome, que también ha oído hablar del mítico diamante, seguirá sus pasos.",https://ww3.lectulandia.co/book/tarzan-y-la-ciudad-prohibida/,Aventuras,2026-10-03T17:18:10
33,La espada de Katham,['Lem Ryan'],"['Aventuras', 'Ciencia ficción', 'Fantástico', 'Novela']",Katham,"Katham es un guerrero marcado por un oscuro pasado, que se ve atrapado en una lucha que va más allá de la espada. Al aceptar un trabajo aparentemente simple, se encuentra con fuerzas más poderosas y peligrosas de lo que jamás imaginó. En un mundo donde la magia y la violencia se entrelazan, el destino de Katham podría cambiar para siempre.",https://ww3.lectulandia.co/book/la-espada-de-katham/,Aventuras,2026-10-03T17:18:12
34,El collar del hombre errante,['H. Rider Haggard'],"['Aventuras', 'Histórico', 'Novela']",,"El vikingo Olaf descubre, al saquear la tumba del que llaman el hombre errante el misterioso collar de una mujer que ha viajado a través de los siglos. De Dinamarca a Bizancio, de Grecia a Egipto, Olaf deberá viajar y luchar para que su destino y el de esa misteriosa mujer que se le aparece en sueños vuelvan a unirse. En esta obra, inédita en español hasta nuestros días, el autor de Las minas del rey Salomón esboza un fresco del mundo medieval que el protagonista recorrerá de un extremo a otro, buscando a una mujer que no conoce, pero a la que está unido desde antes de su nacimiento. Con un tono que evoca las Eddas nórdicas , todos los amantes del género disfrutarán con esta gran obra olvidada, traducida por primera vez al español.",https://ww3.lectulandia.co/book/el-collar-del-hombre-errante/,Aventuras,2026-10-03T17:18:15
35,El lazo roto,['Jin Yong'],"['Aventuras', 'Novela']",Leyendas de los Héroes Cóndor,"China, siglo XII. En Zhongdu, a Guo Jing le esperan importantes revelaciones: descubre por fin la verdad sobre la muerte de su padre y comprende contra quién debe dirigir su venganza. Mientras tanto, se encuentra prometido, por voluntad de sus shifus , los Siete Héroes del Sur, y de su padre adoptivo, Gengis Kan, con dos mujeres diferentes, ninguna de las cuales es su amada Huang Loto. Luchando entre los designios de su corazón y el de su deber filial, Guo Jing emprende un viaje a la tierra de sus ancestros, acompañado por Huang Loto, pero el pasado se cierne sobre él: la viuda del guerrero cruel al que mató accidentalmente cuando era niño lo ha localizado y pretende vengarse. Mientras, tras averiguar quién es su padre, el joven príncipe Yang Kang se convierte en hermano jurado de Guo Jing y debe elegir su propio destino. Dotado de una escritura sencilla y refinada, que combina precisión histórica y hazañas imaginarias, tramas complejas y personajes entrañables, El lazo roto es un adictivo relato épico en el que la venganza, el amor, la traición, la lealtad, el honor y la amistad componen, en el contexto de la resistencia al opresor, un extraordinario fresco sobre la atormentada historia de la China del siglo XII.",https://ww3.lectulandia.co/book/el-lazo-roto/,Aventuras,2026-10-03T17:18:17
36,Mameena: hija de la tempestad (Ed. ilustrada),['H. Rider Haggard'],"['Aventuras', 'Novela']",Allan Quatermain,"Haggard continúa el intenso relato de las guerras zulúes, presentándonos a la malvada y fascinante Mameena, una especie de Elena de Troya zulú, con —⁠al decir del mismo autor⁠— amplia base histórica, un relato que describe el sangriento conflicto entre los príncipes Cetewayo y Umbelazi por la sucesión del trono de Zululandia. «Hija de la tempestad» (1913) es la sexta historia de la saga de Allan Quatermain, pero la tercera en orden cronológico: tengamos en cuenta que, a los hechos relatados en «La guerra zulú» (1912), han seguido los de «La esposa de Allan» (1889), donde el gran cazador narra la historia y la muerte de su segunda esposa, Stella Carson, asesinada por Hendrika, la temible mujer-mandril.",https://ww3.lectulandia.co/book/mameena-hija-de-la-tempestad-ed-ilustrada/,Aventuras,2026-10-03T17:18:19
37,Tarzán el invencible,['Edgar Rice Burroughs'],"['Aventuras', 'Novela']",Tarzán,"La suma sacerdotisa de la antigua ciudad de Opar, La, ha sido vilmente traicionada por su gente y encerrada en una mazmorra de la que sólo Tarzán puede rescatarla. En esta ocasión Tarzán deberá enfrentarse a sus propios sentimientos e intentar no herir los de La, pero, por otra parte, deberá plantar cara también a una partida de extraños hombres que han invadido sus tierra encabezados por un loco de perversas intenciones. Sin embargo, el hombre mono logra salir airoso de ambas situaciones, aun cuando para ello tendrá que contar con la colaboración de algunos de sus amigos.",https://ww3.lectulandia.co/book/tarzan-el-invencible/,Aventuras,2026-10-03T17:18:21
38,Leyendas del Cáucaso y de la estepa,['Alexandre Dumas'],"['Aventuras', 'Juvenil', 'Relato']",,"Incansable recopilador de relatos y anécdotas legendarias, Alexandre Dumas (1802-1870), autor de Los tres mosqueteros y de El conde de Montecristo , escribió también cuentos para niños, inspirados en las brumosas tierras alemanas. En 1858, realiza un viaje a Rusia. Entre las montañas del Cáucaso y el mar Caspio descubre un pueblo áspero, al que se referirá indistintamente como checheno, lesguio o tártaro, y enfrentado a los ocupantes rusos. Con delicado estilo oriental, no exento de humor, nos cuenta la historia del joven príncipe tártaro Iskander, que, con la ayuda de uno de aquellos cabecillas que hostigan a los invasores rusos, consigue casarse con su amada. Volga arriba, no lejos de Kazán, los aguerridos héroes dejan paso a personajes entregadas a todos los excesos imaginables. Por ejemplo, un siervo fiel, Jacquot, relata su historia, que en realidad es la de su siniestro señor: una macabra intriga será el broche que cierre la historia de este boyardo, arquetipo de todos los desenfrenos imaginables del antiguo régimen. El romántico irredento que fue Dumas, fascinado por todas las pasiones y maldades que zarandean el espíritu humano, presta lo mejor de su genio narrativo a estos tres cuentos que desvelan una faceta, no por poco conocida menos asombrosa, de este monstruo de la inspiración literaria que sabía cómo cautivar a lectores de todas las edades, desde el principio hasta el final.",https://ww3.lectulandia.co/book/leyendas-del-caucaso-y-de-la-estepa/,Aventuras,2026-10-03T17:18:24
39,Tarzán triunfante,['Edgar Rice Burroughs'],"['Aventuras', 'Novela']",Tarzán,"Un gángster que huye de una deuda, el joven e inexperto líder de una expedición científica, una secta de fanáticos religiosos que ha raptado a una joven inglesa y una banda dedicada a la captura de nativos destinados a la esclavitud son los protagonistas de la cuatro líneas argumentales que Burroughs desarrolla en esta nueva entrega de la serie y que, como es habitual, confluyen en un final trepidante en el que Tarzán pone de nuevo de manifiesto su sagacidad y su valor para enfrentarse al mal.",https://ww3.lectulandia.co/book/tarzan-triunfante/,Aventuras,2026-10-03T17:18:26
40,La guerra zulú,['H. Rider Haggard'],"['Aventuras', 'Novela']",Allan Quatermain,"La guerra zulú es no sólo la quinta obra en orden de aparición de la saga de Allan Quatermain, sino que inicia una trilogía —⁠que se completa con Hija de la Tempestad y Zikali⁠ —: la historia del «Great Trek» o Gran Migración de los bóers hacia el norte, hacia el río Orange y la del trágico destino del pueblo zulú, quien había infligido a los ingleses la primera gran derrota en sus aventuras colonialistas. Pero también es la primera historia, en orden cronológico de Allan, el gran cazador blanco, de un Allan lleno de ilusiones que llega al África de la mano de su padre, un pastor protestante. Por aquel entonces Sudáfrica era un mundo casi primigenio, hacia el cual las grandes potencias colonialistas —⁠Inglaterra, Holanda, Portugal⁠— extendían sus codiciosos dedos. La trilogía es todo eso y mucho más, es la historia del primer amor de Allan y —⁠al decir de los críticos⁠— la obra maestra de Rider Haggard, una obra en la que sobresale un personaje temible: Zilaki, el «Iniciador de Caminos», un viejo medico-brujo alrededor del cual se teje la urdimbre de toda la historia.",https://ww3.lectulandia.co/book/la-guerra-zulu/,Aventuras,2026-10-03T17:18:28
41,La vuelta al mundo sin prisas,['Kurt Schmidt'],"['Aventuras', 'Novela']",,"Kurt zarpó un día a la caña del Nicole , un Belliure 40, en una singladura que él quería que fuese sin retorno. Para ello decidió renunciar a muchas cosas, pero como él dice ganó la libertad. Kurt lleva veinte años dando la vuelta al mundo sin prisa, siempre a bordo del Nicole . Navega durante diez meses al año, vuelve a Altea un par de meses, ve a sus nietas y a su hija, se toma alguna copa con los amigos y regresa al barco. Navegó muchos años en solitario, pero desde 1998 comparte sus viajes con Elena. Muchos han sido los mares de sus aventuras, muchos los amigos y lugares que ha dejado atrás, pero el viajero solo puede mirar hacia delante, y confiar que el destino le permita volver a reencontrarse con aquellos con los que vivió momentos de felicidad y con los que le unen para siempre lazos de amistad. Quedan tantos lugares maravillosos por conocer; tantos fondeos paradisiacos; tantos amigos potenciales con los que cantar, comer, reír, compartir vivencias; y, también, tantas tormentas que superar; en definitiva, tanto mar por navegar… Además de sana envidia, las aventuras de Kurt Schmidt nos arrancarán alguna exclamación de admiración y más de una sonrisa. En su relato se siente ese espíritu libre de quien está a gusto consigo mismo y con lo que hace, de quien se siente feliz y agradecido por lo que la naturaleza y el mar le brindan a cada instante. Porque hay que reconocer que Kurt ha vivido y vive como la mayoría de navegantes hubiera deseado vivir.",https://ww3.lectulandia.co/book/la-vuelta-al-mundo-sin-prisas/,Aventuras,2026-10-03T17:18:30
42,Allan y los dioses de hielo,['H. Rider Haggard'],"['Aventuras', 'Novela']",Allan Quatermain,"En «Allan y los dioses de hielo», su autor, H. Rider Haggard, hace que su fantasía nos conduzca hasta el hombre primitivo. Allan Quatermain, el simpático personaje ya conocido de nuestros lectores, relata sus experiencias ancestrales con un mágico retroceso de varios siglos. Dicha existencia anterior es evocada bajo la influencia de la misteriosa hierba africana «taduky», que le ha sido legada a Allan por su amiga Lady Ragnall (ver «El niño de marfil»). Y así, bajo los efectos de esta extraordinaria droga, se transforma en el cazador Wi y nos relata sus extraordinarias aventuras, juntamente con su inseparable amigo el capitán Good. Ya de lleno en la época prehistórica, vemos cómo Wi, al igual que todos los componentes de su tribu, creíanse los únicos habitantes del glaciar en que vivían, y por ende del mundo, hasta que un día rescata del mar a una mujer rubia de extraordinaria belleza, Laeela, por quién luchará para defenderla de los demás miembros de su tribu, que la creen una hechicera. Influído por esta extraña mujer, de ideas más elevadas, abandona el fetichismo para abrazar un culto más puro. Y tras una serie de peripecias, luchas y traiciones, de actos viles y heroicos que han existido entre los hombres desde la creación del mundo, se produce el deslizamiento del glaciar y la destrucción de los dioses de hielo que en él se hallaban aprisionados. H. Rider Haggard, con su habitual maestría, logra mantener latente la atención del lector hasta la última palabra de su relato.",https://ww3.lectulandia.co/book/allan-y-los-dioses-de-hielo/,Aventuras,2026-10-03T17:18:33
43,La esposa de Allan,['H. Rider Haggard'],"['Aventuras', 'Novela']",Allan Quatermain,"«La esposa de Allan» (1889) es el cuarto volumen, en orden de aparición de la saga de Allan Quatermain, pero no la continuación de «La venganza de Maiwa» (vol. 3), sino que es una narración que parte de «Allan Quatermain» (vol. 2), en donde muere el héroe. Éste es, por lo tanto, uno de los sucesivos diarios en que se relatan aventuras previas a la muerte de Allan. «La esposa de Allan» es una de las historias más antiguas de la saga, pudiendo ubicarse entre los años 1842-1869, una historia que comienza en la niñez de Allan y que de inmediato se traslada al África de los bóers, un África aún casi inexplorada. El aniquilamiento de unos colonos bóers a manos de guerreros zulúes sirve de punto de partida en busca de los «kraals de mármol», donde vive un extraño anciano blanco y su hija: Stella Carson. Y como elemento de interés, la presencia de Hendrika, la mujer-mandril, una especie de contrafigura femenina y salvaje de Tarzán de los Monos.",https://ww3.lectulandia.co/book/la-esposa-de-allan/,Aventuras,2026-10-03T17:18:35
44,La isla del tesoro (il. N. C. Wyeth; trad. Francisco Torres Oliver),['Robert Louis Stevenson'],"['Aventuras', 'Novela']",,"Escrita inicialmente por Stevenson para complacer y entretener a su joven hijastro Lloyd Osbourne, y publicada después por entregas en la revista Young Folks , entre 1881 y 1882, bajo el seudónimo de Capitán George North, La isla del tesoro se ha convertido en su ya largo siglo de existencia en el clásico de la literatura de aventuras por excelencia, que ha cautivado a millones de lectores en todo el mundo a lo largo de cinco generaciones. Jim Hawkins, hijo adolescente del dueño de la posada Almirante Benbow, frente a la solitaria bahía del Cerro Negro, va a experimentar un cambio radical en su rutinaria existencia cuando un viejo y extraño marino que se hospeda en la posada le confiesa, al borde del delirium tremens provocado por el ron, que formó parte de la tripulación del mítico capitán pirata Flint, y que esconde en su baúl algo que codician sus antiguos camaradas. Muerto el viejo bucanero, Jim descubre el misterioso mapa de una isla entre sus pertenencias... Más no se debe contar. No nos queda sino desear, aún con un poco de envidia, a aquellos lectores que lean esta historia por primera vez –jóvenes suponemos, aunque nunca es tarde– que se embarquen también con viento favorable a bordo de su imaginación en pos de ese impagable tesoro que constituyen estas páginas, tesoro que a buen seguro jamás olvidarán. La edición, espléndidamente traducida por Francisco Torres Oliver, incluye también catorce láminas a color del ilustrador norteamericano N.C. Wyeth.",https://ww3.lectulandia.co/book/la-isla-del-tesoro-il-n-c-wyeth-trad-francisco-torres-oliver/,Aventuras,2026-10-03T17:18:38
45,Seguro de amor,['Earl Derr Biggers'],"['Aventuras', 'Novela', 'Romántico']",,"Lord Harrowby, directamente llegado de Londres, se presenta en las oficinas de la compañía de seguros Lloyd’s en Nueva York con una insólita petición: quiere hacerse un «seguro de boda», es decir, quiere suscribir una póliza que le asegure que su inminente boda con la joven Cynthia Meyrick, hija de un magnate neoyorquino, llegará a celebrarse; en caso contrario, la aseguradora habrá de compensarle económicamente. La compañía ya ha atendido otras propuestas inauditas y acepta el reto, con la condición, claro, de que no sea el propio novio quien vaya poniendo impedimentos a la boda. Pero, para mayor seguridad, encarga a uno de sus empleados, el joven y apuesto Dick Minot, vigilar de cerca a la pareja y ocuparse de que el acontecimiento llegue a buen puerto. Nada permitía prever que, al conocer a la novia, el bueno de Dick se quedaría inmediatamente prendado de ella… Seguro de amor (1914) de Earl Derr Biggers (luego conocido por sus novelas de Charlie Chan) es una comedia de amor y aventuras, que transcurre en San Marco, «ciudad de luna y romanticismo» en la costa de Florida: un disparatado ambiente de lujo, entre yates y fiestas en hoteles y casinos, excursiones tropicales y millonarios, nobles, ladronzuelos, publicistas y un escritor pagado para escribir sus frases a las damas «más ingeniosas» de la buena sociedad. Un misterioso robo de un collar de diamantes, distintos planes de chantaje y una trama de identidades inciertas acaban de perfilar esta novela que parece anticipar la Era del Jazz, llena de diálogos rápidos, personajes memorables y un ingenio poco común.",https://ww3.lectulandia.co/book/seguro-de-amor/,Aventuras,2026-10-03T17:18:40
46,El día del dragón,['Richard A. Knaak'],"['Aventuras', 'Fantástico', 'Novela']",Warcraft: World of Warcraft,"En un pasado que ahora pertenece a las neblinas de la memoria, una gran variedad de asombrosas criaturas de todo tipo y condición habitaban en el mundo de Azeroth. Misteriosos elfos y recios enanos compartían aquellas tierras con las tribus de los hombres en medio de una relativa paz y armonía... hasta que la llegada de un ejército demoníaco, conocido como la Legión Ardiente, hizo añicos la tranquilidad que reinaba en ese mundo para siempre. Ahora los orcos, dragones, goblins y trols rivalizan por imponer su influencia sobre los diversos y fragmentados reinos de Azeroth; pero esas disputas forman parte de un grandioso y malévolo plan que marcará el destino de ese mundo, del World of Warcraft. Los magos más poderosos del mundo intuyen que algo aterrador amenaza el futuro de ese mundo y encomiendan a un mago muy peculiar llamado Rhonin la peligrosa misión de adentrarse en Khaz Modan, unas tierras controladas por los orcos. Rhonin obligará a sellar una peligrosa alianza con las antiguas criaturas del aire y el fuego si el mundo de Azeroth quiere ver un nuevo amanecer.",https://ww3.lectulandia.co/book/el-dia-del-dragon-richard-a-knaak/,Aventuras,2026-10-03T17:18:42
47,La armada de Dios,['Julio Alejandre'],"['Aventuras', 'Histórico', 'Novela']",,"En el año 1585 Inglaterra y España entran en guerra abierta. Los ataques de los corsarios ingleses en el Caribe y el apoyo de su reina a los rebeldes holandeses colman la paciencia de Felipe II, que decide destronar a su enemiga y restaurar allí el catolicismo levantando la flota más formidable que jamás haya navegado el Atlántico: la Armada Invencible, protagonista de una de las batallas más fascinantes y deformadas de la Historia. Pero la guerra cambia y entrelaza los destinos de los protagonistas. Gabriel del Puerto, un mercader de oscuro pasado, busca por los puertos de media Europa el rastro de su hermana, perdida en un ataque pirata; un sargento de Flandes recibe la extraña orden de enrolarse en la Invencible y filtrar información reservada; una exiliada portuguesa en Londres se ve atrapada en una red de espionaje que pone a prueba sus lealtades; y un oficial inglés participa en la fundación de la primera colonia inglesa en el Nuevo Mundo. La armada de Dios nos sumerge en un mundo donde la política, la guerra y la religión tejen una trepidante historia de aventuras, intrigas, amores y ambiciones desmedidos con personajes tan carismáticos como el audaz corsario Francis Drake, el victorioso general Alejandro de Farnesio o Álvaro de Bazán, el curtido almirante a quien Felipe II encomienda dirigir su Grande y Felicísima Armada.",https://ww3.lectulandia.co/book/la-armada-de-dios/,Aventuras,2026-10-03T17:18:44
48,Hermanos de Dios,['Jorge Zaragoza Gómez'],"['Aventuras', 'Intriga', 'Novela']",,"Aurora Delacroix es una mujer brillante. Muy especial. Es una científica y empresaria de éxito que ha revolucionado el mercado de las criptomonedas. Sin embargo, los pensamientos suicidas la atormentan a menudo. Cada segundo, 1,93 seres humanos dejan de existir en el mundo, unos sesenta millones al año. Su muerte no sería más que una cifra insignificante para los casi ocho mil millones de habitantes del planeta. Pero algo ha cambiado recientemente. Después de dejar atrás el «Día en que Todo se Jodió», ha encontrado un nuevo motivo para ser feliz. Lo que Aurora Delacroix desconoce es que una tempestad terrible se acerca. Y ya no se detendrá hasta que ella misma imparta justicia…",https://ww3.lectulandia.co/book/hermanos-de-dios/,Aventuras,2026-10-03T17:18:47
49,La película maldita,"['Bárbara Montes', 'Juan Gómez-Jurado']","['Aventuras', 'Infantil', 'Intriga', 'Juvenil', 'Novela']",Amanda Black,"«Su final es tu principio». Ya sé lo que os estáis preguntando: ¿qué hace una chica como yo en un rodaje de Hollywood? ¿Acaso hay un objeto peligroso perdido en los estudios de cine más famosos del planeta? ¡Eso es justo lo que pretendo descifrar! Una serie de desdichas amenaza el rodaje de la nueva película de la famosa Rita Turner: los guionistas desaparecen, las cuerdas de seguridad se rompen y el presupuesto de la producción está en las últimas. El director de la película, el hermano de lord Thomsing, ha acudido a nosotros en busca de ayuda, porque sospecha que las catástrofes podrían estar relacionadas entre sí. Para llegar al fondo del asunto, hemos venido en persona a investigar. Y, claro, para pasar desapercibida ¿qué mejor idea que convertirme en doble de riesgo? Es momento de entrar en escena y descubrir qué o quién está detrás de esto. Luces, cámara… ¡acción!",https://ww3.lectulandia.co/book/la-pelicula-maldita/,Aventuras,2026-10-03T17:18:50
50,Capitán de fortuna,['Elías Meana'],"['Aventuras', 'Novela']",Narrativa marítima,"Capitán de Fortuna comienza con el naufragio de un bergantín que, a principios del XIX, navegaba en demanda del famoso cabo de Hornos y que, como tantos otros, ni siquiera llegó a avistarlo. Pero no es sólo el relato de un naufragio y de unas pobres criaturas abandonadas a su suerte en el rincón más inhóspito y a la vez más hermoso del globo: La Tierra del Fuego, morada de los indios onas, yahganes, alacalufes y haus. Capitán de Fortuna , partiendo del peor de los desastres, nos describe el tesón, el arrojo y la inquietud de aquellos marinos a los que nada ni nadie rendía, hombres que dieron a conocer otros mundos, otros pueblos, otras costumbres; gente de mar, bronca y dura aunque noble y generosa…",https://ww3.lectulandia.co/book/capitan-de-fortuna/,Aventuras,2026-10-03T17:18:52
51,Cualquier cosa pequeña,['Rafael Reig'],"['Aventuras', 'Novela', 'Policíaco']",,"Una trepidante historia de espías en un paraíso fiscal. En 1979, en Dragonera, una isla del Atlántico que fue colonia inglesa y ahora es un pequeño país decisivo por su posición estratégica y por ser un cosmopolita paraíso fiscal, Ginés Loyola dirige el Centro de Documentación, al que llaman Casa Desolada, para los servicios de inteligencia nacionales. En su equipo de cuatro personas, cada uno tiene su función en la rutina de informes y reuniones. Todo se verá zarandeado el día que disparan al candidato a la presidencia del país, y lo que es peor para ellos, cuando se descubre que alguien hizo desparecer de sus archivos información comprometedora. Pero incluso en las acciones más calculadas y premeditadas interviene el factor humano, y cualquier cosa pequeña puede dar al traste con nuestros planes. Novela de espías, novela de acción, Cualquier cosa pequeña participa de los ambientes y las intrigas de las mejores historias de Graham Greene, a las que Rafael Reig añade su ironía y brillantez de estilo, marca de la casa.",https://ww3.lectulandia.co/book/cualquier-cosa-pequena/,Aventuras,2026-10-03T17:18:54
52,Kali no es Kali,['Indiana James'],"['Aventuras', 'Novela']",Indiana James,"He de reconocer que me encanta la buena vida, los lechos confortables, los coches de lujo, los hoteles caros, la ropa de marca, el buen whisky , los puros habanos, el caviar ruso, los yates… Creo que si dispusiera de dinero en abundancia, mis ansias aventureras estarían adormecidas mientras mi cuenta corriente lo soportase… O quizá no. La verdad es que cuando se nace aventurero, se vive y se muere así. Y si no lo creen permítanme que les cuente lo que me pasó con Sharon Helton.",https://ww3.lectulandia.co/book/kali-no-es-kali/,Aventuras,2026-10-03T17:18:56
53,La Jornada del Muerto,['Larry McMurtry'],"['Aventuras', 'Novela']",Frontera,"La Jornada del Muerto forma parte de la saga de Lonesome Dove, y en ella conoceremos las correrías juveniles de Gus y Call, protagonistas de esta inolvidable serie de McMurtry. La Jornada del Muerto está ambientada en los convulsos años de las guerras territoriales entre los Estados Unidos y México. Texas se ha proclamado república independiente en 1836, pero el Gobierno mexicano aún no ha reconocido al nuevo Estado y sus tropas realizan incursiones frecuentes para evitar que se consolide la secesión. Dos jóvenes reclutas recién incorporados a los Rangers de Texas, Gus y Call, se embarcan en una expedición a la árida frontera mexicana con la misión de descubrir una vía practicable entre San Antonio y Santa Fe a lo largo del Río Grande. Tras estar a punto de caer en manos del jefe comanche Joroba de Búfalo, Gus y Call regresan sanos y salvos a San Antonio. Pero, seducidos por la leyenda del oro de Santa Fe, se unen a un pequeño ejército liderado por Caleb Cobb, un pirata y mercenario que se propone liberar esta ciudad del dominio mexicano, un grupo variopinto de doscientos aventureros cuyos supervivientes, tras superar múltiples peligros, se verán enfrentados al reto de sus vidas, atravesar la Jornada del Muerto, un paraje extremadamente desértico de unas doscientas millas en el desolado Nuevo México, cruzado por un estrecho sendero que reduce en diez jornadas el viaje entre El Paso y Santa Fe. Aunque es la tercera novela en orden de publicación de la saga de Lonesome Dove, La Jornada del Muerto es la primera en cuanto a la secuencia cronológica de los acontecimientos narrados en esta saga, y puede ser leída y disfrutada independientemente del resto de la serie. El lector conocerá en esta novela las correrías juveniles de Gus y Call, protagonistas de la inolvidable Lonesome Dove.",https://ww3.lectulandia.co/book/la-jornada-del-muerto/,Aventuras,2026-10-03T17:18:58
54,¿Aventurero o escritor?,['Indiana James'],"['Aventuras', 'Novela']",Indiana James,"Conocí a Thelma Tapper en la playa de Malibú; estaba haciendo el «muerto» sobre el mar, aunque un par de grandes y «vitales» razones, sobresalían del agua. En cuanto que se hizo su primer movimiento, me lance sobre ella, dispuesto a rescatarla y hacerle una buena sesión de respiración boca a boca. Media hora después, cuando estuve seguro de que no iba a perder la vida, pude darme cuenta de que tenía ojos azules, unas piernas perfectamente torneadas y una abundante cabellera rubia. Después, me presenté.",https://ww3.lectulandia.co/book/aventurero-o-escritor/,Aventuras,2026-10-03T17:19:01
55,El despertar de la bestia,['Indiana James'],"['Aventuras', 'Novela']",Indiana James,"Allí estaba yo, en El Matadero, rodeado de abyectos criminales, vigilado por funcionarios sádicos y con una condena de treinta años y un día por delante. El Matadero es un penal de cierto país latinoamericano. No podría contar cómo llegué a convertirme en huésped de semejante lugar sin comprometer la seguridad de ciertos amigos de ese mismo país. Por tanto, me veo obligado a dejar en blanco esa etapa de mi vida, con la esperanza de que algún día las circunstancias cambien y pueda relatarla. Debo confesar que cuando llegué al penal se me cayó la moral por los suelos, y por los suelos se me quedo durante bastantes semanas, convertida en algo muy parecido a una cagada de perro.",https://ww3.lectulandia.co/book/el-despertar-de-la-bestia/,Aventuras,2026-10-03T17:19:03
56,Rally Beirut… ¡Muerte!,['Indiana James'],"['Aventuras', 'Novela']",Indiana James,"El rally de Montecarlo es famoso entre los deportistas. El París-Dakar entre los aventureros. Éste sólo fue conocido por Indy, y creyó que nunca podría contarlo. Todos eran sus enemigos. Todos querían matarle. Todos pretendían engañarle. Todos… contra todos… y él en medio. Fue lo Indiana James siempre recordará como… «Rally Beirut… ¡Muerte!».",https://ww3.lectulandia.co/book/rally-beirut-muerte/,Aventuras,2026-10-03T17:19:07
57,¿Doble… o sencillo?,['Indiana James'],"['Aventuras', 'Novela']",Indiana James,"Fue como una maldición. Yo pretendía escapar de New York a toda costa, después de las terribles veinticuatro horas agotadoras que había vivido en la ciudad, en las que me habían perseguido gigantescos cocodrilos mutantes, sádicos de película, locos armados, pandillas de jóvenes delincuentes…",https://ww3.lectulandia.co/book/doble-o-sencillo-2/,Aventuras,2026-10-03T17:19:09
58,"… Y los sueños, sueños son",['Indiana James'],"['Aventuras', 'Novela']",Indiana James,"Quedan pocos, muy pocos paraísos en nuestro pobre y castigado mundo, pero yo me conozco alguno y estaba dispuesto a disfrutarlo a manos llenas. Para ser más preciso, llenas con los 100.000 dólares que me había proporcionado Harry Grant.",https://ww3.lectulandia.co/book/y-los-suenos-suenos-son/,Aventuras,2026-10-03T17:19:12
59,Infinitas horas en Le Mans,['Indiana James'],"['Aventuras', 'Novela']",Indiana James,"—Tú hacías carreras de coches en otros tiempos, ¿verdad? —dijo Teresinha. Estábamos tumbados en una playa de su tierra portuguesa. Una de esas playas con el Atlántico todo para ti, kilómetros de arena fina sin un alma, y un sol de ensueño. Algo así como el Paraíso, en pocas palabras. —Por eso me llaman Indiana —respondí, sin demasiadas ganas de hablar. Prefería seguir tumbado al sol, dispuesto a hacerles competencia a las lagartijas durante milenios, lo menos. Ella, sin embargo, no estaba dispuesta a nada semejante.",https://ww3.lectulandia.co/book/infinitas-horas-en-le-mans/,Aventuras,2026-10-03T17:19:15
60,Muerte en Las Vegas,['Pablo Poveda'],"['Aventuras', 'Intriga', 'Novela']",Detective Maldonado,"Lo que sucede en Las Vegas… …acaba manchado de sangre. Javier Maldonado, un detective privado con un pasado oscuro, tiene una oportunidad de redención cuando su viejo amigo y mentor, Antonio Laureano, es asesinado en Las Vegas. Tras mucho meditarlo, Maldonado llega a la ciudad del pecado y rápidamente se da cuenta de que la investigación no será fácil. El mundo de la mafia y el juego ilegal están muy presentes, y el sabueso tendrá que tener cuidado si quiere salir vivo de esta investigación. A medida que se acerca a la verdad, comprendiendo en qué andaba metido su amigo, se enfrenta a peligrosos enemigos que harán todo lo posible para impedir que descubra el secreto que esconde la muerte de Laureano. ¿Podrá Maldonado descubrir lo que sucedió antes de la ciudad lo ahogue? ¿Logrará perdonarse a sí mismo por los errores del pasado?",https://ww3.lectulandia.co/book/muerte-en-las-vegas/,Aventuras,2026-10-03T17:19:17
61,"Vacaciones, ¡malditas vacaciones!",['Indiana James'],"['Aventuras', 'Novela']",Indiana James,"Volví a New York cuando me cansé de vagar por Europa, y lo hice de la manera que ya se estaba convirtiendo en habitual: llamada a Zenna Davis, del New York Times y sablazo. Llamé a cobro revertido, claro. Zenna Davis pagó los pasajes sin pedir nada a cambio. Como siempre. Me vino a buscar al aeropuerto, como siempre. Me llevó a casa, como siempre.",https://ww3.lectulandia.co/book/vacaciones-malditas-vacaciones/,Aventuras,2026-10-03T17:19:19
62,La costa ardiente,['Elleston Trevor'],"['Aventuras', 'Novela']",,"La costa ardiente se desarrolla en Malasia, donde Hugh Copland es nombrado director del aeropuerto de Pasang, situado en una jungla amenazada por las guerrillas comunistas. Pronto se vera involucrado peligrosamente en una lucha por el poder entre el sultán de Tamara y sus esquivos enemigos.",https://ww3.lectulandia.co/book/la-costa-ardiente/,Aventuras,2026-10-03T17:19:22
63,Siglos bajo el agua,['Indiana James'],"['Aventuras', 'Novela']",Indiana James,"No había estado en El Cairo, con tiempo suficiente, desde lo de Jon Stormbird y el asunto de la Stark. Ya saben, aquellos líos en los que me metí con Maureen Hjortsberg. Como estaba sin blanca, para variar, había intentado conseguir un crédito en el Spanish American Bank de la capital egipcia, donde conocía a un tipo, aunque fuera un indeseable.",https://ww3.lectulandia.co/book/siglos-bajo-el-agua/,Aventuras,2026-10-03T17:19:24
64,Beau Geste (Trad. León Arsenal),['Percival Christopher Wren'],"['Aventuras', 'Novela']",Trilogía de la Legión Francesa,"Percival Christopher Wren nació en Devonshire, Inglaterra, en 1885. Tras cursar sus estudios en Oxford, se alistó en la Legión Extranjera francesa en busca de aventuras. A su vuelta a Inglaterra, Wren se casó y se instaló en una casa de campo donde llevaría una vida de caballero rural. En 1924 publica la obra que le daría fama universal: Beau Geste , un clásico de las novelas de aventuras traducido a numerosas lenguas y adaptado al cine en varias ocasiones (la más conocida de ellas es la que dirigió en 1939 William Wellman, protagonizada por Gary Cooper). A esta novela seguirían otras muchas, una cada año, entre las que destacan Wages of Virtue (1916), Beau Sabreur (1926) y Beau Ideal (1928), cuyas peripecias se desarrollan en la India, África e Inglaterra. Beau Geste comienza con el relato de un oficial de la Legión Extranjera sobre un extraño suceso que vivió en el pasado. Acosado por las guerrillas nativas, un fuerte de avanzada de la Legión situado en Zinderneuf, Nigeria, solicitó refuerzos urgentemente. Cuando las tropas se acercaron al fuerte observaron a numerosos legionarios apostados en sus almenas. Pero no se movían ni respondían a sus llamadas: más tarde comprobarán que estaban todos muertos. La segunda parte de la novela narra, a modo de flashback , cómo la misteriosa desaparición del zafiro Agua Azul, propiedad de la señora Patricia Brandon, lleva a sus tres sobrinos, Michael, Digby y John Geste, a alistarse en la Legión Extranjera. Los tres hermanos serán destinados a un fuerte perdido al norte de Nigeria donde « le cafard », la locura del desierto debida a la inactividad expectante, acaba haciendo mella en todo el destacamento.",https://ww3.lectulandia.co/book/beau-geste-trad-leon-arsenal/,Aventuras,2026-10-03T17:19:27
65,Libre como el viento,['Megan Maxwell'],"['Aventuras', 'Histórico', 'Novela', 'Romántico']",Las guerreras Maxwell,"Novena entrega de «Las guerreras Maxwell». Una saga romántico-histórica que nos traslada a la Escocia medieval. Lady Johanna McRae, hija de lady Megan y el laird Duncan McRae, es una joven intrépida que, junto con su hermana Amanda, trae a su padre de cabeza. Si algo le gusta a Johanna es disfrutar de su libertad ayudando a quien puede y, en especial, retar a todo aquel que se enfrente a ella. Alan McGregor es un valeroso guerrero que, junto con su buen amigo y familiar Iver McGregor y con Beth, esposa de este, se dedica a la compraventa de caballos y ovejas en sus tierras en Fort William. Los tres reciben una invitación para asistir a la fiesta que Megan y Duncan celebran cada año en el castillo de Eilean Donan. Johanna y Alan solo se han visto una vez, pero cuando se encuentren de nuevo, surgirá entre ellos una magia muy especial que serán incapaces de obviar. Adéntrate en las páginas de Libre como el viento y descubre que, algunas veces, los besos más cálidos y ardientes son los que se dan con la mirada.",https://ww3.lectulandia.co/book/libre-como-el-viento/,Aventuras,2026-10-03T17:19:30
66,El viejo de la montaña,['Indiana James'],"['Aventuras', 'Novela']",Indiana James,"Había tomado dos decisiones precipitadas en pocos minutos. La primera, salir pitando de Nueva York; la segunda, hacerlo en el primer vuelo para el que consiguiera pasaje, fuera cual fuere su destino. Fue de este modo como me vi en el aeropuerto de Hamburgo un martes por la tarde, preguntándome qué diablos se suponía que había ido a hacer allí.",https://ww3.lectulandia.co/book/el-viejo-de-la-montana/,Aventuras,2026-10-03T17:19:32
67,El negro del Narcissus,['Joseph Conrad'],"['Aventuras', 'Novela']",,"El velero Narcissus inicia su regreso a casa, de Bombay hacia Inglaterra, y el gigante negro James Wait se incorpora, muy enfermo, a la tripulación. Caprichoso y tirano, Wait logra avasallar desde el lecho en el que agoniza al resto de los marinos, hechizados y solícitos ante aquella presencia ominosa y oscura. Entre ellos se cuenta el capitán, Allistoun, severo aunque justo; el viejo y sabio lobo de mar Singleton; el inútil y cizañero Donkin; un cocinero pío e iluminado, y los grandes personajes: el barco, al que todos adoran sin reservas, y el mar, la gran presencia que aísla a los marineros del Narcissus y trasforma la tripulación en una sociedad cerrada y sofocante. Conrad consigue envolver en un aura de enrarecido misterio esta amalgama humana en ebullición que va surcando un océano al acecho y pronto a desatar su furia para llevar a los hombres hasta los límites de su fuerza moral y física. Conrad fue un gran y talentoso creador de atmósferas y personajes. Utiliza el simbolismo a lo largo de esta novela para crear la intensidad necesaria en un tema tan duro como es la persecución de los negros. Con una cuota justa de intensidad y drama nos adentra en un mundo representado en un barco en el mar. En esta poderosa historia de la interacción humana en un espacio limitado, Conrad mezcla el lenguaje técnico con la prosa poética en un estilo muy fácil de seguir y con una trama muy interesante. No solo la persecución del negro es lo que atrapa, sino cómo es capaz de reducir el accionar humano con sus características a un grupo reducido de personas que deben luchar entre ellos y contra el mar. Publicada en 1897, es una de las obras cumbre de Joseph Conrad, y está considerada como una de las grandes novelas del mar en inglés.",https://ww3.lectulandia.co/book/el-negro-del-narcissus/,Aventuras,2026-10-03T17:19:34
68,Camelo-T,['Indiana James'],"['Aventuras', 'Novela']",Indiana James,"Los niños inspiran amor, ternura y devoción. Los niños despiertan nuestros mejores instintos: protección, cariño, comprensión… Los niños están llenos de candor, inocencia, pureza… En resumen, los niños son un latazo. Incluso mi «quasi» homónimo —el aventurero resuelto y tenaz, el profesional duro y codicioso por excelencia— termina dejándose enternecer por todo un ejército de sucios y harapientos mocosos en su última aparición cinematográfica. Olvida que tiene un inmenso tesoro en las manos y sacrifica su bienestar eterno por la cariada y desnutrida sonrisa de una plaga de chiquillos.",https://ww3.lectulandia.co/book/camelo-t/,Aventuras,2026-10-03T17:19:37
69,Desafío a las estrellas,['Indiana James'],"['Aventuras', 'Novela']",Indiana James,"Es lo que tiene esto de ser aventurero empedernido: Uno se empeña en estar en países exóticos, con mucha selva y todo eso, y una vez se encuentra en ellos no sabe qué hacer. Estaba harto de discutir con Zenna Davis y me agotaba la monótona conversación de Gronk, aquel indio amigo mío que, prácticamente, sólo sabe decir «Gronk». Zenna me reprochaba que, una vez más, se veía imposibilitada de publicar nada acerca de los hombres-insectos, porque no tenía ninguna prueba documental y quién iba a creer una noticia como aquélla sin pruebas documentales.",https://ww3.lectulandia.co/book/desafio-a-las-estrellas/,Aventuras,2026-10-03T17:19:39
70,Lienzo de sangre,['María Villamayor'],"['Aventuras', 'Novela']",,"Persecuciones, sobornos y venganza. La trepidante aventura de una autora que dará que hablar . Alejandra Ferrer, oculta bajo la identidad falsa de una millonaria argentina, consigue adentrarse en el mundo del arte para indagar en la corrupción y el poder que se esconde detrás de la asociación INACFA. Con la venganza como motor, Alejandra y su hermana Sara se ven involucradas en una difícil misión que pondrá a prueba su relación. Juntas tejerán un plan astuto y peligroso para destruir a Augusto Fonfría, el dueño de la asociación y responsable de la muerte de sus padres. Las dos hermanas tendrán que lidiar con persecuciones, asesinatos, sobornos y depravación en una trama llena de intriga. Tras el éxito de Las doce llaves , María Villamayor regresa a la ciudad de Valencia como escenario de esta trepidante historia de acción y venganza en la que nadie está a salvo.",https://ww3.lectulandia.co/book/lienzo-de-sangre/,Aventuras,2026-10-03T17:19:42
71,La cabeza del durmiente,['José María Guelbenzu'],"['Aventuras', 'Fantástico', 'Juvenil', 'Novela']",,"Lo peor no fue que Claudia despertara en plena noche por los gritos de su hermano dormido, sino que entendió que esos gritos eran llamadas de auxilio y que solo las escuchaba ella en casa: comprendió que algo sucedía durante el sueño de su hermano. En efecto, una historia extraordinaria estaba transcurriendo en la cabeza del durmiente… y ella debía acudir hasta allí para ayudarlo. Esta novela cuenta la historia de una niña que ayudó a su hermano a cruzar el umbral de la adolescencia, a descubrir su fortaleza ante sus mayores, a no cerrar los ojos ante lo incomprensible ni lo indeseable y a iniciar el encuentro con su destino como miembro de una comunidad, y eso la hizo más fuerte, más sabia y más feliz. La cabeza del durmiente es una apasionante novela —que se sigue con el mismo interés que un libro de aventuras— donde el mundo moderno y la imaginería fantástica clásica rivalizan en contar la historia de dos hermanos que han de luchar unidos para empezar a entender y elegir cuál quieren que sea su lugar en el mundo.",https://ww3.lectulandia.co/book/la-cabeza-del-durmiente/,Aventuras,2026-10-03T17:19:44
72,Séptimo hijo de hijo séptimo,['Indiana James'],"['Aventuras', 'Novela']",Indiana James,"En este episodio Indiana James vivirá la noche del mal, cuando el cometa Halley desencadenará el mal en la tierra durante 777 años. Se colgará en un helicóptero perseguido por un esqueleto y luchará contra el hijo de su mejor amigo.",https://ww3.lectulandia.co/book/septimo-hijo-de-hijo-septimo/,Aventuras,2026-10-03T17:19:47
73,Electra es una cruel amante,['Indiana James'],"['Aventuras', 'Novela']",Indiana James,"Indiana ya se ha encontrado más de una vez con la organización criminal Electra. Y siempre ha conseguido escapar, con mucha suerte, bastante fortuna y algo de habilidad, pero Electra… quiere la revancha. Y lanzará todos sus efectivos contra él. Esta vez, sólo uno de los dos sobrevivirá, porqué… «Electra es una cruel amante».",https://ww3.lectulandia.co/book/electra-es-una-cruel-amante/,Aventuras,2026-10-03T17:19:49
74,Cosecha negra,['Indiana James'],"['Aventuras', 'Novela']",Indiana James,"Recuerdo que cuando Angie Brown, la chica que era como un trozo de esparadrapo que no te puedes quitar de encima, se cruzó en mi camino, yo estaba pensando en ir a ver una película de dibujos animados. Acababa de salir del Hotel Metropolitan de Londres y aún tenía frescos en la memoria ciertos escalofriantes acontecimientos vividos en Estambul. Ya les conté eso en mi anterior relato y no pienso insistir. Pero quienes lo hayan leído, comprenderán que después de aquello necesitaba sumergirme en la oscuridad protectora de algún cine de barrio, donde, con tal de que no olvidara darle propina al acomodador, nada terrible podría sucederme.",https://ww3.lectulandia.co/book/cosecha-negra/,Aventuras,2026-10-03T17:19:51
75,El filo del aullido,['Indiana James'],"['Aventuras', 'Novela']",Indiana James,"Cadáveres devorados, marcas de zarpas… Viejas historias contadas en noches de tormenta al calor del hogar. Indiana James descubrirá que en estas historias se esconde una realidad mil veces más aterradora que la propia leyenda. Una historia tan tensa y escalofriante como «El filo de un aullido».",https://ww3.lectulandia.co/book/el-filo-del-aullido/,Aventuras,2026-10-03T17:19:54
76,Un autobús muy… espacial,['Indiana James'],"['Aventuras', 'Novela']",Indiana James,"Indiana James se verá implicado en la pugna de dos grandes potencias, sufrirá los rigores del vacío espacial y luchará por su vida a 15.000 km de la superficie terrestre. Y todo esto sucederá cuando aborde «Un autobús muy espacial».",https://ww3.lectulandia.co/book/un-autobus-muy-espacial/,Aventuras,2026-10-03T17:19:57
77,Judy con esquís en los diamantes,['Indiana James'],"['Aventuras', 'Novela']",Indiana James,"Decididamente, no tengo arreglo. Había hecho los más decididos propósitos de cambiar de vida, pero estaba claro que tampoco ahora iban a durarme mucho. Como en todas las ocasiones anteriores, por supuesto. No puedo decir que fuera la primera vez que decidía convertirme en un bicho sedentario, gozar de la tranquilidad, todo eso. Así que, en el fondo, sabía ya que no podía funcionar.",https://ww3.lectulandia.co/book/judy-con-esquis-en-los-diamantes/,Aventuras,2026-10-03T17:20:00
78,Razones de estado,['Indiana James'],"['Aventuras', 'Novela']",Indiana James,"No andaba yo muy brillante en aquella época. Me refiero concretamente al día en que trataron de secuestrar a Oscar y me atacaron los seis equilibristas. He de reconocer que últimamente estaba bebiendo más de la cuenta, y que me pasaba todo el día mirando el infinito y otras cosas sin interés, y que movía los labios como si mantuviera sesudas conversaciones con mi fuero interno. En definitiva, me comportaba como lo haría cualquiera de ustedes si su esposa, o la persona más maravillosa del mundo (cualquiera de las dos) les hubiese dedicado unas frases de despedida antes de emprender viaje hacia el futuro. Eso, después de haber peleado contra un dinosaurio, suele provocar un cierto trastorno mental.",https://ww3.lectulandia.co/book/razones-de-estado/,Aventuras,2026-10-03T17:20:02
79,Las mil y una dachas,['Indiana James'],"['Aventuras', 'Novela']",Indiana James,"Cualquier sitio es bueno para aterrizar después de haber dejado caer una bomba atómica sobre el Océano Atlántico, donde no puede hacer daño a nadie. Y si ese sitio bueno para aterrizar, se llama Marrakesh, es mucho mejor. Marrakesh es una ciudad donde suelen acudir los turistas, lo que significa que hay una aceptable instalación hotelera. Digámoslo claro: camas sin chinches y duchas con agua fría y caliente.",https://ww3.lectulandia.co/book/las-mil-y-una-dachas/,Aventuras,2026-10-03T17:20:05
80,El sueño perdido,['Alfonso Romero'],"['Aventuras', 'Histórico', 'Novela']",Narrativa marítima,"La vida transcurría apacible en el pequeño pueblecito de San Antonio del Mar, en la soleada costa de Andalucía. Como cada día los pescadores salieron a faenar, ignorantes de la tragedia que se cernía sobre sus vidas. Durante su ausencia, San Antonio es arrasado por feroces piratas llegados a bordo de un gran galeón negro. Apenas hay supervivientes. La tremenda desesperación de los pescadores se muestra enseguida insoportable, y el único alivio es la decisión de tomar venganza. Al hilo de esta trama, los protagonistas de la historia van viviendo una extraordinaria odisea, en la que a pesar de todo, aún quedará sitio, entre tanta oscuridad y tantos sueños perdidos, para el amor y la esperanza, y será a lo largo y ancho de los siete mares donde ese señuelo de felicidad vaya por fin cobrando forma y devolviendo la luz allí donde sólo habitaban sombras.",https://ww3.lectulandia.co/book/el-sueno-perdido/,Aventuras,2026-10-03T17:20:07
81,Duende sobre aguas turbulentas,['Indiana James'],"['Aventuras', 'Novela']",Indiana James,"Nueva York en verano es un infierno. El calor, húmedo y pegajoso, te entra por la boca, por los Oídos, por las narices, por el… Las ventanas tienen que estar abiertas para no desaprovechar ni el más mínimo soplo de raquítico viento. El ruido, con las ventanas abiertas, te inunda la casa poniéndose a competir con el mejor equipo estéreo de Alta Fidelidad. Y lo peor es no tener dinero para conseguir huir de aquella parrilla de asar.",https://ww3.lectulandia.co/book/duende-sobre-aguas-turbulentas/,Aventuras,2026-10-03T17:20:09
82,El Hermano de la Costa,['Joseph Conrad'],"['Aventuras', 'Novela']",,"El Hermano de la Costa constituye un episodio de la rivalidad franco-británica en los primeros tiempos de Napoleón y sirve de marco a la extraordinaria aventura de un viejo marinero francés que tiene que enfrentarse con las inclemencias de los océanos y la dureza de los hombres. Relato sobrio, de honda y dramática belleza, que deja al descubierto todas las cualidades de este gran escritor.",https://ww3.lectulandia.co/book/el-hermano-de-la-costa/,Aventuras,2026-10-03T17:20:12
83,Los hielos de Terranova,['Edward Rosset'],"['Aventuras', 'Histórico', 'Novela']",,"Esta es la historia de la nao San Andrés , que partió del puerto guipuzcoano de Motrico para adentrarse en las frías aguas de Terranova y Labrador a la caza de ballenas en el año 1556. Atenazada por las malas condiciones climáticas en medio de un invierno adelantado, una docena de buques balleneros quedaron bloqueados en la bahía de Red Bay (Butus). Un mes después de que el mar de Labrador se convirtiera en hielo aquella noche aciaga, nada parecía haber cambiado. En todo caso, aquello que había amenazado con aplastarlos aumentaba si cabe su fuerza. Eran ciento veinticinco supervivientes comandados por el capitán Juan Martínez. Los desaparecidos habían sido honrados con solemnes oficios funerarios y el viaje debía continuar; pero el golpe había sido duro, y no era tan sencillo recuperarse… Esta es, así, la historia de supervivencia del capitán Juan Martínez de Aro y su tripulación, la odisea de los balleneros vascos en un mundo indómito, una gesta épica en los siglos XV y XVI que hasta hoy había quedado enterrada en el olvido…",https://ww3.lectulandia.co/book/los-hielos-de-terranova/,Aventuras,2026-10-03T17:20:14
84,Para acabar con una pesadilla,['Indiana James'],"['Aventuras', 'Novela']",Indiana James,"Pasé por París y, claro, fui a L’Harmattan. Era mi única conexión con el árabe Abdelatif, y no estaba yo dispuesto a dejar pasar la ocasión. Estaba seguro de que alguno de sus misteriosos asuntos musulmanes lo tendrían ocupado por Europa. No lo había vuelto a ver desde lo de Pakistán, pero no me había olvidado de él. Teníamos una cuenta pendiente.",https://ww3.lectulandia.co/book/para-acabar-con-una-pesadilla/,Aventuras,2026-10-03T17:20:18
85,¡Peste de pasta!,['Indiana James'],"['Aventuras', 'Novela']",Indiana James,"Si hay alguien que tenga miedo a los tiburones o a las pirañas, es porque no conoce las moscas de Tambia. Les juro que son como pequeños vampiros: insaciables, voraces, persistentes… Había una en particular que debía de haberse enamorado de mi brazo izquierdo al que acudía una y otra vez, sin darme ni el más mínimo descanso. Estoy seguro de que era una especie de líder entre sus compañeras ya que cada vez que insistía en darme una dentellada (y lo suyo eran dentelladas, bocados, y mordiscos) un buen enjambre de sus colegas se lanzaban sobre mí.",https://ww3.lectulandia.co/book/peste-de-pasta/,Aventuras,2026-10-03T17:20:19
86,Ganando barlovento,['Elías Meana'],"['Aventuras', 'Histórico', 'Novela']",Narrativa marítima,"Rodrigo Carreño es un marino de origen asturiano y afincado en Cuba que ama su tierra de acogida pero no deja de sentir que sus raíces se encuentran al otro lado del océano. A principios de 1809 es capturado por los ingleses, y desde ese momento se fija dos metas: volver a la libertad y tomar venganza. No se plantea cómo o cuándo conseguirá «ganar barlovento» pero está seguro de que tarde o temprano lo conseguirá y regresará con los suyos. Pero en Europa, adonde es trasladado como prisionero, los vientos no son propicios y la guerra asola buena parte del continente, en especial el país que le vio nacer. El pueblo español se ha levantado en armas contra el invasor francés, y Rodrigo, en su camino hacia la libertad, se involucra en el conflicto desarrollando en la mar la popular guerrilla, al mando de un falucho armado para el corso en el pueblo de la costa asturiana donde nació.",https://ww3.lectulandia.co/book/ganando-barlovento/,Aventuras,2026-10-03T17:20:22
87,Cuestión de principios,['Indiana James'],"['Aventuras', 'Novela']",Indiana James,"Lo que parecía más difícil cuando salimos de la Antártida, conseguir llegar con vida a algún sitio habitado, fue lo más fácil. Antes de abandonar la vista de la península helada, un par de buques aparecieron ante nosotros. Se trataba de un rompehielos de la marina argentina, y un remolcador del ejército chileno. Ambos hablaron con nosotros por radio. Ambos se mostraron felices de hallarnos, casi náufragos.",https://ww3.lectulandia.co/book/cuestion-de-principios/,Aventuras,2026-10-03T17:20:25
88,El mercader de incienso,['Salim Alafenisch'],"['Aventuras', 'Juvenil', 'Relato']",,"La magia y la fascinación del mundo oriental, la exuberancia imaginativa de Las mil y una noches , se engarzan como cuentas de un collar en estos relatos maravillosos sobre el desierto, sus hombres y sus tradiciones. Las cinco narraciones que componen El mercader de incienso descubren, con la fuerza con que sólo se revela lo auténtico, ese universo asombroso en el que Salim Alafenisch, hijo de un jeque beduino, vivió hasta los catorce años.",https://ww3.lectulandia.co/book/el-mercader-de-incienso/,Aventuras,2026-10-03T17:20:28
89,"Paloma, caballo y rey",['Indiana James'],"['Aventuras', 'Novela']",Indiana James,"Siempre me han gustado las estaciones, los aeropuertos, los lugares construidos para emprender viaje hacia cualquier sitio. Sí, ya sé que no soy muy original, a todo el mundo le pasa algo parecido, pero así es. Son lugares en los que se respira un aire distinto según hacia qué rincón te vuelvas. Encrucijadas de caminos con indicaciones diferentes que te indican que el mundo está al alcance de tu mano. Soy aún menos original si digo que siempre me ha gustado tener dinero. Toma, y a éste, y al otro y… Pero es que la vida que uno lleva no ha convertido en habitual el reconfortante sonido de las monedas en el bolsillo, ni el suave crujir de los billetes dentro de la ropa. Más bien todo lo contrario.",https://ww3.lectulandia.co/book/paloma-caballo-y-rey/,Aventuras,2026-10-03T17:20:30
90,Todos sabrán mi nombre,['Tony Gratacós'],"['Aventuras', 'Histórico', 'Novela']",,"Una apasionante aventura en búsqueda de la verdad que puede destruir un imperio. “¿Cómo edificar un mundo nuevo con palabras viejas? Envidia, placer, ambición, soberbia, inocencia, muerte. Todas caben bajo el nombre de un dios, bajo el nombre de un diablo: Hernán Cortés”. Canarias, 1525. El joven cronista Diego de Soto, desilusionado con las cloacas de poder del incipiente Imperio español, decide embarcarse en una expedición y dejar atrás su vida en la corte. Pero una inesperada tormenta obligará a su nave a cambiar el rumbo, separarse del resto y refugiarse en las costas orientales del continente que acaba de conquistar Hernán Cortés con tan solo quinientos hombres. De la noche a la mañana, De Soto consigue hacer realidad un sueño: conocer al legendario conquistador del Imperio azteca. Sin embargo, esa admiración pronto se convertirá en sospecha, pues una serie de asesinatos pretenden acallar lo que ocurrió ocho años atrás, cuando los españoles se vieron obligados a abandonar Tenochtitlán y perdieron para siempre el famoso tesoro de Moctezuma. ¿Qué sucedió con ese tesoro? Diego de Soto está dispuesto a descubrir la verdad, sin saber que lo que encuentre lo conducirá al lugar del que ha querido huir desde el inicio: el corazón del Imperio español.",https://ww3.lectulandia.co/book/todos-sabran-mi-nombre/,Aventuras,2026-10-03T17:20:33
91,Océanos de gloria,['Alfonso Romero'],"['Aventuras', 'Histórico', 'Novela']",Narrativa marítima,"Año 1771. Inglaterra ha lanzado su desafío en los mares apoderándose de Menorca y Gibraltar, y amenazando la seguridad del todavía inmenso Imperio ultramarino. Ningún rincón de la monarquía española está a salvo de sus cañones. En este marco grandioso y temible transcurre la historia del navío de línea Fénix y de Ismael Gutiérrez, uno de sus cabos de cañón. De forma involuntaria, Ismael se erige en espectador de una gran intriga, donde nada se sabe pero todo se sospecha. En este contexto, nuestro protagonista lucha y se enamora, al tiempo que se adentra en el mundo de la América hispana: familiar y extraño al unísono, mágico y ebrio de luces y aromas exóticos. Al final todo explota a su alrededor y el azar pone el destino del amor y de España en sus encallecidas manos.",https://ww3.lectulandia.co/book/oceanos-de-gloria/,Aventuras,2026-10-03T17:20:35
92,Libro de la fantasía,['Gianni Rodari'],"['Aventuras', 'Fantástico', 'Infantil', 'Juvenil', 'Relato']",,"NO. Sensato lector: no lea este libro. Devuélvalo ahora mismo a la estantería. No es una cosa seria: se trata tan sólo de una recopilación de inocentes fábulas para niños que escribiera un tal Gianni Rodari (1920-1980), «ex seminarista cristiano convertido en diabólico», según lo definió el Vaticano en el auto de excomunión. Un insensato, vaya, que pensaba que hasta los objetos más comunes encierran secretos, y los cuentan a quien los sabe observar, y que era capaz de afirmar que ya no hacen falta príncipes ni hadas, ni brujas ni castillos: las fábulas surgen hasta de la realidad más gris, de la obviedad cotidiana, del problema social o de la trivialidad de la vida familiar. Basta con mirarlo todo con un punto de ironía, y jugar (¿o no es un juego?) a infringir las reglas a través de la invención y la imaginación. BASTA. Deje este libro donde lo ha encontrado. No es para usted. ¿Para qué va a querer saber de la suerte de una violeta en el polo Norte, o qué le ocurrió al cangrejo que decidió caminar hacia adelante? ¿De verdad piensa que tienen algún interés los acontecimientos del Planeta de los Árboles de Navidad? ¿Acaso le incumbe la lista de medicamentos que todos los días engulle, con maniática puntualidad, el barón Lamberto (¡sí, el que érase dos veces!)? NO SIGA. No vaya a ser que ese loco bajito que usted fue una vez, y al que tanto costó domesticar, no esté domesticado del todo… Quizás sólo esté dormido, y ahora puede despertarse, proferir un largo e irreverente bostezo, y tomar el control. Aténgase a las consecuencias.",https://ww3.lectulandia.co/book/libro-de-la-fantasia/,Aventuras,2026-10-03T17:20:37
93,La herencia de Rickenbauer,['Indiana James'],"['Aventuras', 'Novela']",Indiana James,"Esta vez me metí en el lío por no leer los periódicos. Llevaba un mes escondido en Innishgal, Irlanda, una madriguera tan perfecta que ni siquiera los distribuidores de prensa parecían capaces de encontrarla. Aunque, de hecho, tampoco tenía mucho interés en saber qué ocurría en el mundo. Qué va. Ocupaba mi tiempo paseando por campos y acantilados, absorto en la rememoración de emociones fuertes recientes y tórridos amores pretéritos. Si me sobraba alguna hora, lo dedicaba a leer lo único que había podido encontrar en el bazar local, una novela de Harold Robbins, tópica pero con ese interés casi malsano que proporciona el asistir al progreso entre la miseria y la opulencia de su protagonista.",https://ww3.lectulandia.co/book/la-herencia-de-rickenbauer/,Aventuras,2026-10-03T17:20:39
94,La edad del sol,['Bernard Torelló'],"['Aventuras', 'Fantástico', 'Novela']",,"LA LEYENDA EN LA CIUDAD DE RODNA VERSA ASÍ... En tiempos remotos, el dios Sol creó a las iracundas bestias, las peligrosas montañas, los bravos ríos y a los humanos, pero a estos los dejó indefensos ante las amenazas de la isla de Gaeraid. Por ello bendijo a algunos con poderes increíbles. Ocho dones para protegerse y ocho clanes que vivirán en paz por siempre. Sin embargo, ningún dios hace regalos sin pedir nada a cambio. Y EN RODNA NADA ES ETERNO... NI SIQUIERA LAS LEYENDAS.",https://ww3.lectulandia.co/book/la-edad-del-sol/,Aventuras,2026-10-03T17:20:42
95,Los hijos del átomo,['Indiana James'],"['Aventuras', 'Novela']",Indiana James,"Bien, muy bien. Maravilloso. De victoria en victoria, hasta la derrota final. Las industrias Corfort Line podían haberse enterado de quién era yo, podían haberse quedado entre la espada y la pared, hincado la rodilla, agachado su testuz e implorado misericordia, bañadas en un mar de lágrimas. Todo perfecto. Un final feliz de ensueño… si Zenna Davis me hubiera echado una mano.",https://ww3.lectulandia.co/book/los-hijos-del-atomo/,Aventuras,2026-10-03T17:20:45
96,El vuelo del Fénix,['Elleston Trevor'],"['Aventuras', 'Novela']",,"El avión, un aparato de carga habilitado para el transporte de pasajeros, había partido para realizar su habitual travesía del Sahara. Los pasajeros eran catorce hombres y un mono. De pronto, se produjo el accidente que obligaba a efectuar un aterrizaje de emergencia. Perdían velocidad. Iban a caer en algún punto del desierto central de Libia, con agua para un par de días. El aire era tan espeso a causa de la arena, que imposibilitaba la visibilidad. Así comienza uno de los relatos más sugestivos y emocionantes de la novelística actual, el relato de la decisión del hombre para sobrevivir, cuando parece que ello es imposible. Según el propio autor, «esta novela está dedicada a aquellos hombres que, entre morir o realizar lo imposible, escogen seguir viviendo».",https://ww3.lectulandia.co/book/el-vuelo-del-fenix/,Aventuras,2026-10-03T17:20:46
97,El engendro,['Indiana James'],"['Aventuras', 'Novela']",Indiana James,"Sin intentar decir algo original pienso que no hay nada como coger unas vacaciones cada tanto, sobre todo en uno de esos paraísos tropicales de las fotos brillantes en las agencias de viajes. Para una persona como yo, que habita entre rascacielos grises, donde lo único que trepa desde la calle es el humo de los escapes de los buses y el sonido de las bocinas y motores de cientos de coches, no hay nada como una larga y blanca playa donde golpeen las verdiazules olas del Atlántico. Pues así me encontraba aquella mañana cogiendo el sol, sólo llevaba mi bañador y tenía un buen libro al alcance de la mano: «Los crímenes de la rue Morgue» de Edgar Poe, una historia que mejoraba con el paso de los años, como los buenos vinos.",https://ww3.lectulandia.co/book/el-engendro/,Aventuras,2026-10-03T17:20:49
98,La conspiracion del Omnimental Generic,['Anacleto Sinrazón'],"['Aventuras', 'Fantástico', 'Humor', 'Novela']",,"Bienvenido a Tecnotrópolis, una ciudad gobernada por la fría lógica del Omnimental, donde la creatividad ha sido exiliada y las ideas son monitoreadas con precisión matemática. Pero en los rincones más insólitos y en las mentes más inquietas, aún palpita el caos del pensamiento libre. Max y Ludo, junto al excéntrico Dr. Nimbus Nulo y un elenco de personajes tan improbables como geniales, se embarcan en una aventura que desafía las leyes de la lógica y la coherencia narrativa. Desde un laboratorio donde las máquinas desafían la razón, hasta el Laberinto de la Lógica Ilógica y más allá, este grupo de soñadores conspira para subvertir el sistema con el arma más poderosa: el absurdo. Mientras el Omnimental intenta anticipar cada uno de sus movimientos, ellos juegan con paradojas, trastocan la causalidad y, ocasionalmente, toman té dos veces en el mismo capítulo solo para confundir a cualquiera que intente seguirles el rastro. ¿Podrán las ideas absurdas derrumbar la lógica perfecta? ¿Será el poder del humor y el pensamiento lateral suficiente para liberar Tecnotrópolis? ¿O quedarán atrapados en su propio enredo de realidades? Todo depende de si tú, querido “leyente”, decides acompañarles hasta la última palabra. Un homenaje surrealista a la imaginación y un manifiesto a favor del sinsentido. ¿Estás listo para desafiar al Omnimental?",https://ww3.lectulandia.co/book/la-conspiracion-del-omnimental-generic/,Aventuras,2026-10-03T17:20:52
99,Risa de difuntos,['Indiana James'],"['Aventuras', 'Novela']",Indiana James,"Jim Tonic, su viejo-nuevo «Dakota» y yo. Eso es todo lo que nuestro querido planeta necesita para volverse patas arriba. Los dos «mercantes del aire» más aventureros y juerguistas con los que uno pueda tropezarse, estábamos a punto de volver a la carga. Jim Tonic, desde que el profesor Higgs le había regalado el avión, no cesaba de moverse de una a otra parte en busca de trabajo.",https://ww3.lectulandia.co/book/risa-de-difuntos/,Aventuras,2026-10-03T17:20:55
100,"En el nombre de Alá, por zona caliente",['Indiana James'],"['Aventuras', 'Novela']",Indiana James,"Volaba yo sobre las montañas de Pakistán… Ah, vaya, ¿no les he contado cómo había llegado allí? Bueno, ahora no me apetece meterme a contarlo. O sea que, como decía, estaba yo volando sobre los montes pakistaníes, justo después de despegar de Karachi…",https://ww3.lectulandia.co/book/en-el-nombre-de-ala-por-zona-caliente/,Aventuras,2026-10-03T17:20:57
101,Invierno en el infierno,['Indiana James'],"['Aventuras', 'Novela']",Indiana James,"Jim Tonic era el mejor compañero que se puede desear para cualquier aventura. Lo descubrí cuando me sacó, primero de aquella perdida ciudad africana y, después, de la «civilizada» Ginebra. Ya les he dicho que Jim Tonic se parecía extraordinariamente a Lee Marvin. Por si esto fuera poco tenía una cavernosa voz, un poco común aguante a las bebidas alcohólicas, y una necesidad imperiosa de encender un cigarrillo antes de apagar la colilla del anterior.",https://ww3.lectulandia.co/book/invierno-en-el-infierno/,Aventuras,2026-10-03T17:20:59
102,¡Viva Siva!,['Indiana James'],"['Aventuras', 'Novela']",Indiana James,"La luna recorría tranquilamente las cumbres de las nubes, aprovechando cada intersticio de la jungla para teñir de blanco los paisajes nocturnos, inquietando a las fieras y a las aves y sometiendo a sus leyes desconocidas las predicciones de los adivinos. También dibujó con sus trazos claros las estatuas repetidas del templo casi sepultado en la vegetación, pero no pudo adentrarse en los tortuosos pasadizos que conducían hasta la gigantesca nave central donde se reunían ordenadamente varios centenares de hombres con turbante, silenciosos y semidesnudos.",https://ww3.lectulandia.co/book/viva-siva/,Aventuras,2026-10-03T17:21:01
103,Recuerde el arma dormida,['Indiana James'],"['Aventuras', 'Novela']",Indiana James,"Los problemas comenzaron cuando Indiana James recibe el encargo de buscar un libro que no existía; más tarde descubre que era prohibido, que era mortal y todo habrá empezado con una frase: «RECUERDE EL ARMA DORMIDA».",https://ww3.lectulandia.co/book/recuerde-el-arma-dormida/,Aventuras,2026-10-03T17:21:03
104,Contra los dioses del odio,['Curtis Garland'],"['Aventuras', 'Novela']",Ranko,"Jerry Ranko, one-man-army, una infalible masa muscular al servicio de USA, llega a tiempo para frustrar él solito el secuestro de un avión de la TWA. Se infiltra en mitad de una nube de humo y acaba con 8 terroristas aéreos entre bostezos, justo el día anterior a sus vacaciones. Pero entonces el Gobierno le comunica que, de vacaciones, nada: el presidente de la URSS y del gobierno chino han sido raptados por una misteriosa coalición maligna, y nadie sabe cómo ha sido. Ranko viaja a Singapur y se reencuentra con su viejo colega en Vietnam, Bruce Vincent, y tranquilamente, en un par de días, infiltrándose en los bajos fondos y gracias a la información de la reina del hampa Jade Blue, desmantelará una secta secreta llamada Los Dioses del Odio y abatirá a sus cientos de soldados fanáticos en pleno sacrificio ritual de los líderes mundiales al dios Kera, el Mono Asesino, justo antes de que se desencadene la III GM. Fumaderos de opio, mongoles con lanzacohetes, luchas de helicópteros, islas ocultas en el archipiélago indonesio, el Krakatoa redivivo, viejos camaradas convertidos en archivillanos… Nada de esto detiene a Ranko, que se desayuna ejércitos con el torso desnudo. Trepidante clima exploit del maestro Curtis Garland, todo parecido con John Rambo es pura coincidencia.",https://ww3.lectulandia.co/book/contra-los-dioses-del-odio/,Aventuras,2026-10-03T17:21:05
105,Cuentos de inquietud,['Joseph Conrad'],"['Aventuras', 'Otros', 'Relato']",,"De las cinco historias de este volumen, «La laguna», la última en orden, es la más temprana en fecha. Se trata del primer cuento que escribí en mi carrera -creado en la misma disposición anímica que produjo La locura de Almayer -, y sella, valga la expresión, el final de mi primera etapa: la etapa malaya. «Una avanzadilla del progreso» es la parte más liviana del botín que me traje conmigo del África Central, botín cuya porción principal es desde luego El corazón de las tinieblas . En cuanto a la historia en sí misma, es esencialmente verdadera. La sostenida invención de una mentira realmente lograda exige unas facultades de las que carezco. La sugerencia para escribir «Los idiotas» no fue de índole mental sino visual: los idiotas en persona. «Karain: un recuerdo» no supuso un retorno al Archipiélago (malayo): me había limitado a volver la cabeza para lanzarle una postrera mirada. Reconozco que ante aquella visión lejana quedé absorto. «El regreso», pese a todo su despliegue analítico, consiste primordialmente en impresiones físicas —impresiones visuales y sonoras, una estación de ferrocarril metropolitano, calles, el trote de un caballo, reflejos en espejos, etc.—, combinadas con una descripción sublimada de una envidiable residencia urbana de clase alta que, extrañamente, logra infundir una siniestra sensación. JOSEPH CONRAD",https://ww3.lectulandia.co/book/cuentos-de-inquietud/,Aventuras,2026-10-03T17:21:07
106,¡Ranko!,['Curtis Garland'],"['Aventuras', 'Novela']",Ranko,"El Presidente de los EEUU está secuestrado en un búnker secreto, oculto en una inmensa propiedad secreta repleta de soldados secretos armados hasta los dientes. Está siendo torturado por el comandante del ejército Nehemiah Siodmak, un traidor a la patria con planes de conquista mundial. Jerry Ranko se infiltra silbando entre las miríadas de soldados, llega hasta donde está el Presi en pelotas, ensangrentado y colgando del techo, elimina a todos sus captores y escapa con el Líder del Mundo Libre al hombro. A Ranko le da igual que el cadáver de Siodmak no haya sido encontrado, porque por fin es viernes y empieza su fin de semana… Pues no, porque resulta que en el emirato de Kumán, en pleno Golfo Pérsico, acaban de ser secuestrados ahora 3 científicos rusos y 3 americanos, para llevar a la fuerza el macabro plan de fabricar docenas de barriles de un combustible nuevo al que unos llaman «gas» y otros «vodka», un éter capaz de envenenar a todo un país con sólo una gota. Ranko viajará a Kumán disfrazado de vendedor de alfombras, conocerá a la despampanante soldado nudista Vania Dubronski, y juntos desbaratarán el megalómano plan de, quién si no, el fugado Siodmak.",https://ww3.lectulandia.co/book/ranko/,Aventuras,2026-10-03T17:21:09
107,"Esto no es el cine, chico",['Indiana James'],"['Aventuras', 'Novela']",Indiana James,"La verdad es que esta vez, si me quejara sería por puro vicio. Había conseguido uno de mis sueños dorados de los últimos tiempos: unas merecidas vacaciones, y en las mejores condiciones posibles. Estaba realmente necesitado de tranquilidad, de pasarme unos días y, mejor si eran unas semanas, escribiendo y poniendo en orden todos estos pedazos de mi vida que me ponen en contacto con ustedes y me dan para vivir… y para seguir metiéndome en líos de vez en cuando.",https://ww3.lectulandia.co/book/esto-no-es-el-cine-chico/,Aventuras,2026-10-03T17:21:12
108,Lentas pasan las horas junto al río,['Indiana James'],"['Aventuras', 'Novela']",Indiana James,"Decidí que ya había bastante. Había hecho planes de disfrutar de la vida por una vez, aprovechando la poco frecuente ocasión de tener un dinero, y las cosas habían salido al revés. No sólo no había podido disfrutar el dinero, sino apenas tampoco de la vida. La historia con Paloma había sido divertida, pero al final, estaba otra vez con las manos en los bolsillos. Y en esos bolsillos, cada vez menos fondos.",https://ww3.lectulandia.co/book/lentas-pasan-las-horas-junto-al-rio/,Aventuras,2026-10-03T17:21:14
109,¡Aniquilador!,['Curtis Garland'],"['Aventuras', 'Novela']",,"El machete cayó con violencia, rasgando la tupida cortina verde. Lianas, espesura húmeda, se vinieron abajo con el golpe del filo de acero, abriendo paso en la densa espesura selvática. También se llevó por delante el brazo del hombre. Arrancado de cuajo a la altura del hombro por el corte del poderoso machete, el brazo mutilado, chorreando sangre, rebotó ante los ojos de los que se abrían paso en la densa manigua",https://ww3.lectulandia.co/book/aniquilador/,Aventuras,2026-10-03T17:21:16
110,El tesoro del sol naciente,['Curtis Garland'],"['Aventuras', 'Novela']",«Cocodrilo» Dandi,"El enorme cocodrilo se precipitó sobre él con sus gigantescas fauces abiertas. La cola del saurio se agitó en el aire cuando su cuerpo escamoso golpeó la figura musculosa, prieta y enjuta del cazador del gran cuchillo dentado que le plantaba cara. Ambos, animal y hombre, rodaron por el estanque entre volteretas dramáticas, en una feroz lucha sin cuartel, que sólo parecía posible que terminase con la muerte de uno de ambos. El poderío físico del cocodrilo era tremendo, pero la fortaleza de su enemigo no le iba a la zaga. El agua salpicaba todo con violencia, mientras ambas vidas pendían del débil hilo de un resultado final de lo más incierto. Porque si bien inicialmente toda la ventaja parecía decantarse del lado del saurio, poco a poco su adversario iba ganando terreno, acosando a su poderoso rival, al que logró por fin tumbar boca arriba en medio del agua, para clavarle despiadadamente su cuchillo una y otra vez, de forma implacable.",https://ww3.lectulandia.co/book/el-tesoro-del-sol-naciente/,Aventuras,2026-10-03T17:21:18
111,Las flores del mal,['Curtis Garland'],"['Aventuras', 'Novela']",«Cocodrilo» Dandi,"Historia protagonizada por Duncan «Cocodrilo» Dandi (no « Dandy », como dice la portada), un cazador de lagartos gigantes de origen irlandés, putero y cínico, del que queda locamente enamorada la mega-estrella de Hollywood Rossanna Angeli. Rossanna está inmersa en el rodaje de una superproducción rodada por medio mundo, con peligrosas escenas de acción entre alimañas. No sin dificultad, logrará convencer a Dandi para que se una al staff como especialista en las escenas de acción. Una vez dentro, Duncan descubrirá que el rodaje sólo es una excusa para importar a USA todo tipo de drogas, escondidas en los arcones de atrezzo , desde los países exóticos; y además, que el productor y el exmarido de Rossanna conspiran para asesinarles, los muy malandrines",https://ww3.lectulandia.co/book/las-flores-del-mal-2/,Aventuras,2026-10-03T17:21:20
112,El templo de Yun-Shatu,['Robert E. Howard'],"['Aventuras', 'Intriga', 'Novela']",,"Por primera vez, El Horror tomó forma concreta en medio de la más inconcreta de las cosas: una pesadilla producida por el opio. En una jornada sin tiempo y sin espacio, iba yo cruzando las extrañas regiones de los sueños opiales; regiones misteriosas, distanciadas de la tierra y de todo lo terreno por un millón de millas. De pronto me di cuenta de que algo se acercaba, atravesando el obscuro vacío en que me hallaba envuelto. Algo que rasgó y atravesó el tupido velo de mis ilusionados desvaríos, irrumpiendo en el campo de mi verdadera visión.",https://ww3.lectulandia.co/book/el-templo-de-yun-shatu/,Aventuras,2026-10-03T17:21:23
113,"Ayer, hoy y mañana",['Indiana James'],"['Aventuras', 'Novela']",Indiana James,"No quería ir a Nueva Zelanda, pero tenía que hacerlo. Se me había concedido un plazo de doce horas para abandonar Australia y la alternativa —como casi siempre— era conocer a fondo las delicias e interioridades de las cárceles autóctonas. Estaba en el aeropuerto de Sidney y, en teoría, nada me impedía tomar un avión a las Seychelles, Hawai, o el Kurdistán. La teoría es maravillosa. La práctica un poco más cruda y el dinero en mis bolsillos, escaso. Apenas alcanzaba, y justo, para el peor y más barato vuelo: un Charter con destino a Auckland, Nueva Zelanda. Y yo estaba cansado, muy cansado. Y llevaba mucho tiempo dando tumbos de un lado a otro.",https://ww3.lectulandia.co/book/ayer-hoy-y-manana/,Aventuras,2026-10-03T17:21:26
114,El tren de carretera,['Indiana James'],"['Aventuras', 'Novela']",Indiana James,"No hay cosa peor que carecer de algo, para necesitarlo imperiosamente: los enfermos envidian la salud de los sanos, los casados la vida libre de los solteros, y viceversa. Yo no tenía ni un centavo y, lógicamente, envidiaba a los que tenían los treinta dólares necesarios para costearse una pensión de mala muerte. Estaba en Darwin, la ciudad más al norte de esa isla gigantesca llamada Australia. Una isla tan grande como todos los EE.UU. y, más que Europa. Un país en el que coger un avión desde el norte hasta el sur supone el tener que vender tu hermanito pequeño a los mercaderes de esclavos para poder pagar el billete.",https://ww3.lectulandia.co/book/el-tren-de-carretera/,Aventuras,2026-10-03T17:21:28
115,La expedición del Gorill-Club,['Gustave le Rouge'],"['Aventuras', 'Fantástico', 'Intriga', 'Novela']",El misterioso doctor Cornelius,"Las aventuras del «misterioso doctor Cornelius» son sin duda una de las obras maestras de la novela negra popular de la Belle Époque. Le Rouge mezcla intriga y visión científica en un universo novelístico de gran originalidad. De Nueva York a Bretaña, del Gran Oeste americano a la Isla de los Ahorcados, la pluma de Le Rouge lleva al lector a lugares asombrosos, misteriosos y enigmáticos, donde chocan dos concepciones antagónicas del mundo: Una, encarnada por el científico francés Prosper Bondonnat, cuyas investigaciones se centran únicamente en añadir una piedra al «radiante edificio de la modernidad»; la otra, por el malvado doctor Cornelius Kramm, cirujano plástico estadounidense, «escultor de la carne humana» e inventor de la «carnoplastia», cuya obsesión es esencialmente el poder y el dinero.",https://ww3.lectulandia.co/book/la-expedicion-del-gorill-club/,Aventuras,2026-10-03T17:21:30
116,La amenaza invisible,['Indiana James'],"['Aventuras', 'Novela']",Indiana James,"Si Norma Maners hubiera sido una persona caritativa, si hubiera conocido el significado de la palabra «amabilidad», si se hubiera compadecido de un pobre enfermo postrado en el lecho del dolor, yo nunca hubiera descubierto una pirámide egipcia, pero también me hubiera ahorrado muchos quebraderos de cabeza, tiroteos despiadados, carreras enloquecidas, luchas contra cocodrilos hambrientos y… bueno, un sin fin de peripecias más.",https://ww3.lectulandia.co/book/la-amenaza-invisible/,Aventuras,2026-10-03T17:21:33
117,Locos de atacar,['Indiana James'],"['Aventuras', 'Novela']",Indiana James,"Indiana James asiste a un combate de boxeo en Las Vegas invitado por uno de los púgiles que es amigo suyo. La pelea se convierte en un salvaje, sucio y brutal ataque a puñetazos por parte de su contrincante. Éste parece estar hipnotizado, en un raro estado febril, concentrado únicamente en matar a su adversario, cosa que consigue pese a la oposición del árbitro, los entrenadores y el resto de personas presentes. Nuestro protagonista se centra en averiguar cuál ha sido el motivo que ha causado el extraño comportamiento del asesino…",https://ww3.lectulandia.co/book/locos-de-atacar/,Aventuras,2026-10-03T17:21:36
118,Ojo por diente,['Indiana James'],"['Aventuras', 'Novela']",Indiana James,"La Ley del Talión. Ése es, ni más ni menos, el curioso nombre de un infecto tugurio situado en el extremo norte de Bissau. Se trata de una destartalada construcción de madera, rematada con uralita, en medio de una playa artísticamente alfombrada con cascotes de botella y con vistas a un precioso mar de residuos petrolíferos, disueltos en cantidades ínfimas de agua.",https://ww3.lectulandia.co/book/ojo-por-diente/,Aventuras,2026-10-03T17:21:39
119,El tesoro de Gardenfly,['Indiana James'],"['Aventuras', 'Novela']",Indiana James,"No hay nada que me ponga más nervioso que una persona que imita todo lo que hago yo. Supongo que llega un momento en que no se sabe quién imita a quién. Te planteas qué dirá quién te vea. ¿Pensarán que el otro te imita a ti o que tú imitas al otro? Es para volverse loco. Y si el otro es un indio descomunal y sucio, vestido con chaqueta de flecos, con unas greñas hasta los hombros y cara inexpresiva como un pedazo de basalto, peor que peor.",https://ww3.lectulandia.co/book/el-tesoro-de-gardenfly/,Aventuras,2026-10-03T17:21:42
120,En busca de la prehistoria,['Indiana James'],"['Aventuras', 'Novela']",Indiana James,"No hay mucho que hacer en una isla desierta. Al principio, si has naufragado, la isla te parece una bendición del cielo: te dan ganas de besar la playa, de correr, de saltar y de cantar como un loco, agradeciendo al diablo la oportunidad de seguir viviendo. La brisa es una caricia perfumada; el sol, una mano cálida sobre tu piel; la arena, oro en polvo. En fin, una delicia.",https://ww3.lectulandia.co/book/en-busca-de-la-prehistoria/,Aventuras,2026-10-03T17:21:45
121,El panteón flotante,['Indiana James'],"['Aventuras', 'Novela']",Indiana James,"En esta aventura, Indiana James hará piruetas a 2000 metros de altura, conocerá a Harriford Jones el aventurero millonario y a sus alegres damas de compañía, meterá la mano en un nido de ratas y se enfrentará a una tripulación de muertos vivientes.",https://ww3.lectulandia.co/book/el-panteon-flotante/,Aventuras,2026-10-03T17:21:48
122,La maldición de 1000 siglos,['Indiana James'],"['Aventuras', 'Novela']",Indiana James,"Zenna Davis me hizo dos favores. Dos más. Fue ella quien, desde su elegante y enmoquetado despacho del New York Times , llamó a la comisaría de Cannes para hablar con el prefecto Parmentier. Como el prefecto no conocía a Zenna, no podía imaginar lo que le esperaba. El torbellino cayó sobre él por sorpresa. Le enmudeció. Le asustó. Le arrasó.",https://ww3.lectulandia.co/book/la-maldicion-de-1000-siglos/,Aventuras,2026-10-03T17:21:51
123,El diente de perro,['Indiana James'],"['Aventuras', 'Novela']",Indiana James,"Genial, divertidísima 2.ª entrega de las aventuras del cazador de tesoros al que la gente confunde con la odiosa medianía hollywoodiense Harriford Jones. La historia comienza donde la dejamos. Harto de la cochambre de su hotel hong-konés, Indiana se enrola en un petrolero lleno de buscavidas. Uno de ellos pierde al póker con Indiana su posesión más preciada: un colgante con un diente de perro…",https://ww3.lectulandia.co/book/el-diente-de-perro/,Aventuras,2026-10-03T17:21:54
124,Hong Kong Rock,['Indiana James'],"['Aventuras', 'Novela']",Indiana James,"Primera aventura del famoso reportero Indiana James, que le lleva a la ex-colonia inglesa siguiendo el rastro de una antigua novia con unos asombrosos poderes y que es raptada por unos extraños tipos vestidos de blanco, que dicen ser agentes de la CIA…",https://ww3.lectulandia.co/book/hong-kong-rock/,Aventuras,2026-10-03T17:21:56
125,El Monte Análogo,['René Daumal'],"['Aventuras', 'Filosófico', 'Novela', 'Otros']",,"Pierre Sogol, un estrafalario personaje con amplios conocimientos científicos, reúne un día en su casa a un conjunto de personas de lo más heterogéneas; su propósito es preparar un viaje en barco para buscar una misteriosa montaña inaccesible, cuya materia tiene la curiosa propiedad, según dice, de curvar el espacio que lo rodea; de tal manera, que toda la región en donde se halla esta montaña (que denominan el Monte Análogo), se encuentra encerrada en la cáscara invisible de este espacio curvo en el cual hay un mundo paralelo. La expedición consistirá en cruzar a esa otra dimensión y la novela en explicarnos todo aquello que ven estos personajes durante su viaje. Daumal, que pone a su libro el subtítulo de «aventuras alpinas no euclidianas y simbólicamente auténticas», logra crear así una obra de carácter único, inspirada en fuentes tan poco frecuentadas en la literatura como son los Vedas, Platón, René Guenon y G. Gurdjieff. Debido a una aguda tuberculosis, la muerte sorprendió a Daumal en medio de una frase de la novela; circunstancia que antes de haber limitado este relato, ha contribuido a realzar el halo imaginario que siempre tienen todas las grandes obras inacabadas. Pero, gracias a las notas aclaratorias de sus editores franceses de 1952 —y al epílogo de Clara Janés— no nos quedamos en suspenso, y accedemos tanto al plan literario de la novela como al perfil de su autor. Con El Monte Análogo , Daumal logró hacer con la Metafísica lo que Julio Verne habla logrado con la Física.",https://ww3.lectulandia.co/book/el-monte-analogo/,Aventuras,2026-10-03T17:21:59
126,La sombra de los sueños,['Gonzalo Giner'],"['Aventuras', 'Histórico', 'Novela']",,"Hay sueños que es mejor no cumplir. Una historia repleta de acción, aventura y conspiraciones en torno a la figura histórica de Saladino. Sarah Ludwig es una sofisticada ladrona de arte. Tras su último robo, un valioso Manet, contacta con ella el emir Jalid bin Ayub, un apasionado amante de los caballos que, conquistado por su talento, le pide ayuda para llevar a cabo un objetivo increíblemente ambicioso y arriesgado. Para lograrlo, Jalid necesita emprender también una compleja excavación en una convulsa Siria y reunir el empeño de un hombre de ciencia, corto en escrúpulos y con escasos límites éticos a la hora de proceder. Solo así, el emir podrá hacer realidad una larga obsesión con la que pretende sorprender al mundo y reescribir el pasado: revivir a Shujae, la legendaria yegua del héroe musulmán más grande de la historia, Saladino. ¿Acaso son esas las únicas intenciones de Jalid o van mucho más allá? El éxito de su asombroso plan podría terminar siendo la pesadilla de muchos. Porque todo sueño también tiene su sombra.",https://ww3.lectulandia.co/book/la-sombra-de-los-suenos/,Aventuras,2026-10-03T17:22:00
127,La fragilidad de un imperio,['Pedro J. Alcántara'],"['Aventuras', 'Fantástico', 'Novela']",Erol,"Erol ya no es el niño desvalido que vivía a las faldas de Trenulk. Las adversidades y la vida como soldado lo han convertido en alguien capaz, decidido y fuerte, que sin embargo acaba de descubrir un nuevo mundo tras su batalla contra las velkra. En Kálahar, la ciudad de su padre, comprenderá que ha vivido engañado desde su niñez y que el asesinato de su madre no tuvo nada de aleatorio. Con la ayuda de su familia, tratará de desentrañar los motivos de Kraen al tiempo que la leyenda de los rinhenduris, esa legendaria tribu que cabalga a lomos de lagartos gigantes, se hace cada vez más real. Mientras tanto, el plan de Kraen se pone en marcha, consiguiendo que el imperio se tambalee ante la amenaza de una rebelión de los clanes. El poder de Laebius pende de un hilo, pero el emperador no dejará que lo aparten de su trono con facilidad.",https://ww3.lectulandia.co/book/la-fragilidad-de-un-imperio/,Aventuras,2026-10-03T17:22:02
128,La tragedia de Wilson Cabezahueca (Ed. Sergio Sainz),['Mark Twain'],"['Aventuras', 'Humor', 'Novela']",,"El tema del doble, la duplicidad, el disfraz, son parte de las obsesiones fabuladoras de Mark Twain y se aúnan en este relato para subrayar la ambigüedad que encierra el mismo concepto de identidad: una ficción más de la ley y de la sociedad.David Wilson, el personaje que da nombre a la obra, abogado y detective frustrado durante más de veintitrés años, vive obsesionado por una ciencia que a finales del siglo XIX era novedosa y que tenía por objetivo la creación de un archivo de huellas dactilares para identificar sin error posible a los individuos y situarlos dentro de las categorías raciales determinadas por la ley. La esclava Roxy, negra de apariencia blanca, aterrada ante la posibilidad de que su bebé, también blanco en apariencia, pueda ser vendido por el amo, cambia a su hijo por el vástago del amo con el fin de salvarlo de la muerte social que representaba el sistema esclavista.",https://ww3.lectulandia.co/book/la-tragedia-de-wilson-cabezahueca-ed-sergio-sainz/,Aventuras,2026-10-03T17:22:05
129,Robinson Crusoe (il. N. C. Wyeth; trad. Julio Cortázar),['Daniel Defoe'],"['Aventuras', 'Novela']",,"Daniel Defoe (1660-1731), agente comercial, espía, periodista y escritor, publicó su primera novela, La vida y las extrañas y sorprendentes aventuras de Robinson Crusoe, marinero de York , a los cincuenta y nueve años, de forma anónima y haciéndolas pasar por auténticas memorias de un náufrago. El libro fue un éxito inmediato -ese mismo año se vendieron seis ediciones en Gran Bretaña, así como incontables ediciones pirata- y se tradujo enseguida a otras lenguas, llegando a convertirse con el paso del tiempo en una obra maestra de la literatura de aventuras y un clásico de la literatura universal. En la época de Defoe existía un intenso tráfico marítimo —única vía de transporte entonces entre continentes—, y el caso de náufragos que habían sobrevivido largo tiempo abandonados a su suerte en una isla desierta no era infrecuente. Al parecer, Defoe basó su relato en la auténtica historia de Alexander Selkirk, un marinero escocés que se había enrolado en 1704 en un galeón capitaneado por el célebre bucanero William Dampier. Selkirk, después de una acalorada discusión con Dampier, pidió él mismo ser abandonado en la pequeña isla de Juan Fernández, a 650 kilómetros de la costa de Valparaíso (Chile), donde sobrevivió cinco años. La presente edición cuenta con la extraordinaria traducción de Julio Cortázar, realizada especialmente para una lujosa edición ilustrada por Carybé y publicada en Buenos Aires en 1945. El lector de esta edición podrá disfrutar también de las ilustraciones a color llenas de fuerza y vida de N. C. Wyeth, clásico donde los haya de las aventuras ilustradas.",https://ww3.lectulandia.co/book/robinson-crusoe-il-n-c-wyeth-trad-julio-cortazar/,Aventuras,2026-10-03T17:22:07
130,La grandeza,['Katherine Kurtz'],"['Aventuras', 'Fantástico', 'Novela']",Deryni,"Tras la excomunión y el interdicto, el joven rey Kelson y su paladín, el duque Alaric Morgan, deberán luchar con Warin de Grey, el fanático religioso, brazo armado de los obispos que se oponen al resurgir de los deryni. Pero también deberán afrontar la amenaza de la guerra con Wencit de Torenth, el monarca hechicero deryni, que pretende dominar Gwyneed y hacerla retornar al oprobioso dominio de los detestados dictadores deryni.",https://ww3.lectulandia.co/book/la-grandeza/,Aventuras,2026-10-03T17:22:09
131,Los cuentos como son,['Rudyard Kipling'],"['Aventuras', 'Fantástico', 'Humor', 'Relato']",,"¿Sabes cómo consiguió su trompa el elefante o cómo se creó el alfabeto? ¿Y cómo crees que obtuvo sus manchas el leopardo? Descubre todas las respuestas en este libro lleno de historias maravillosas, escritas por el autor de «El libro de la selva». Una recopilación de cuentos inolvidables, llenos de ternura, magia e inocencia. Clásicos inolvidables para disfrutar, compartir y dejar volar la imaginación",https://ww3.lectulandia.co/book/los-cuentos-como-son/,Aventuras,2026-10-03T17:22:12
132,La última reliquia,['Rodrigo Costoya'],"['Aventuras', 'Histórico', 'Novela']",,"Año 1588. Felipe II, el rey más poderoso que jamás ha existido, pone en marcha dos operaciones secretas. Con la primera pretende derrotar a su gran enemiga, la reina de Inglaterra. Para ello, envía una poderosa flota con la consigna de rendir Londres. La llamada Armada Invencible no tendrá éxito, y provocará un rápido contraataque inglés sobre las costas españolas antes de que los barcos del rey tengan tiempo de restañar sus heridas. Es ahí cuando una mujer se distinguirá en la defensa de su ciudad, Coruña. A través de la segunda operación, el rey trata de completar la colección de reliquias sagradas que ha ido almacenando en su imponente residencia, construida como símbolo de su reinado: El Escorial. Ya atesora más de siete mil, confiscadas por sus mejores hombres en antiguos santuarios, pero le falta la que él más anhela. La más valiosa de la cristiandad. La última reliquia. Ambrosio de Morales, el erudito más prestigioso de su época, parte en dirección a Compostela con intención de ejecutar la voluntad del soberano. Nada hace augurar la endiablada conjura que acabará propiciando la desaparición de los restos del apóstol Santiago durante los tres siglos posteriores. Felipe II, el pirata Francis Drake, Elizabeth I, Miguel de Cervantes y María Pita viven entre estas páginas. También la princesa de Éboli, el arzobispo Sanclemente o los protagonistas del mítico Pleito de los cinco obispados, entre otros muchos. Buen viaje, te deseo. Al final de esta aventura nada será igual ante tus ojos.",https://ww3.lectulandia.co/book/la-ultima-reliquia/,Aventuras,2026-10-03T17:22:15
133,Tinta y fuego,['Benito Olmo'],"['Aventuras', 'Intriga', 'Novela']",,"Greta es una reputada buscadora de libros raros y valiosos, aunque su popularidad ha caído en picado debido a la desaparición de una primera edición de Borges que debía tasar. Ahogada por las deudas y la desconfianza de sus allegados, acepta un encargo insólito: encontrar la biblioteca de la familia Fritz-Briones, perdida durante la Segunda Guerra Mundial. La investigación la conducirá hasta Berlín, donde constatará que los nazis llevaron a cabo el mayor robo de libros de la historia, pero también algo más: alguien está asesinando a bibliófilos, libreros y coleccionistas de todo el mundo para tratar de reconstruir la mítica Biblioteca de la Comunidad Judía de Roma, que fue saqueada y escondida por el Tercer Reich. Greta no podrá resistirse a este giro en la investigación. ¿Qué amante de los libros ignoraría el rastro de la legendaria colección? Poco importa que su vida pueda estar en peligro; lo que no sabe es que esta aventura la llevará a descubrir una verdad sobre sí misma para la que, quizás, no esté preparada.",https://ww3.lectulandia.co/book/tinta-y-fuego/,Aventuras,2026-10-03T17:22:18
134,La ciudad de los césares,['Manuel Rojas'],"['Aventuras', 'Novela']",,"En la presente novela, Rojas narra la historia de Onaisín, un indio ona que, junto a su perro, vivía plácidamente en las entonces inexploradas comarcas de Tierra del Fuego. Su tranquila existencia va a tener un vuelco dramático el día en que aparece el hombre blanco en busca de la Ciudad de los Césares. No sólo Onaisín entrará en contacto con otra cultura, sino que le esperan toda clase de dramáticas aventuras.",https://ww3.lectulandia.co/book/la-ciudad-de-los-cesares/,Aventuras,2026-10-03T17:22:20
135,La casa de vapor (Penguin Clásicos),['Julio Verne'],"['Aventuras', 'Novela']",,"En mayo de 1867 un grupo de hombres inician un viaje a través de la India en un fantástico medio de transporte: un vehículo con tracción a vapor acondicionado como vivienda. La enemistad entre el coronel Munro y Nana Sahib, sanguinario líder de la rebelión de los cipayos, así como la caza del tigre, constituyen los ejes narrativos de esta espléndida novela que es, a la vez, un viaje hacia lo más hondo de la aventura. La mayor parte de la obra de Jules Verne se reviste de un fuerte componente científico en el que, a menudo, reside la clave de la historia. La casa de vapor , magníficamente traducida aquí por Héctor Gómez López, no es una excepción a la regla. De este modo, la introducción del físico nuclear y divulgador Charles-Noël Martin supone una aportación única para el presente volumen.",https://ww3.lectulandia.co/book/la-casa-de-vapor-penguin-clasicos/,Aventuras,2026-10-03T17:22:22
136,El lago secreto,['Karen Inglis'],"['Aventuras', 'Infantil', 'Juvenil', 'Novela']",,"Cuando Stella y su hermano pequeño, Tom, se mudan a su nueva casa, quedan muy intrigados por las constantes desapariciones de Harry, el pequeño perro de su vecino. ¿A dónde va? ¿Y por qué siempre regresa mojado? De modo que deciden dedicar las vacaciones de verano a resolver este caso misterioso. En su investigación encuentran un túnel que los lleva a un lago secreto… y en el lago, ven a un chico que rema en una barca con aspecto de estar muy asustado. ¿De qué huye el chico? ¿Y de quién son las voces que salen del bosque? Stella y Tom pronto descubrirán que no solo han encontrado un lago secreto si no que, ¡han viajado en el tiempo! Y aunque todo parece casual, en realidad nada lo es, y los descubrimientos que harán cambiarán muchas cosas importantes para el futuro…",https://ww3.lectulandia.co/book/el-lago-secreto/,Aventuras,2026-10-03T17:22:25
137,La lenta agonía de los peces,['Eric Frattini'],"['Aventuras', 'Novela']",,"Havana Sinclair, una de las mejores agentes de los servicios secretos británicos, experta en terrorismo islámico y siempre dispuesta a llegar hasta el final, sin importarle las consecuencias, es destituida de su cargo en el MI5 tras los atentados de Londres. Apartada del servicio, es contratada por una compañía de seguros para investigar el asesinato de dos millonarios en un Bagdad ocupado por las fuerzas norteamericanas. En su nueva misión, Havana tendrá que enfrentarse a viejos conocidos.",https://ww3.lectulandia.co/book/la-lenta-agonia-de-los-peces/,Aventuras,2026-10-03T17:22:27
138,Y no quedó ninguno,['Agatha Christie'],"['Aventuras', 'Intriga', 'Novela', 'Policíaco']",,"Diez personas que no se han visto nunca son invitadas por un huésped desconocido a pasar unos días de vacaciones en una lujosa mansión, situada en una isla de la costa inglesa. Después de la primera cena, una misteriosa grabación desvelará que cada uno de los presentes tiene algo que esconder y un crimen por el que pagar. Cuando el cuerpo de uno de los invitados aparezca con signos de haber sido asesinado, la tensión estallará: el criminal está entre ellos, preparándose para actuar de nuevo, y sólo una vieja canción infantil parece encerrar el misterio de la creciente pesadilla. «Y no quedó ninguno», conocida mundialmente con el título de «Diez negritos», es la novela de misterio más vendida de la historia. La presente edición incorpora ilustraciones de Guillermo Berdugo y una introducción y propuestas de trabajo a cargo de Silvia Iriso.",https://ww3.lectulandia.co/book/y-no-quedo-ninguno/,Aventuras,2026-10-03T17:22:29
139,La guardia del rey,['Nora Sakavic'],"['Aventuras', 'Intriga', 'Juvenil', 'Novela']",All For The Game,"Mientras que Neil Josten trata de librarse de las garras del siniestro Riko Moriyama, los Zorros luchan por superar sus temores y comportarse por fin como un equipo unido. Kevin debe hacer valer su liderazgo y confrontar su vulnerabilidad ante Riko; miembros como Renee, Danielle y Nicky deben demostrar que han dejado atrás su pasado; Andrew necesita salir adelante sin drogas... y, esta vez, tiene a su lado a alguien que lo apoya y desea protegerlo tanto como Andrew a él. ¿Lograrán triunfar sobre las malas artes de los Cuervos de forma definitiva? La guardia del rey es el tercer y último libro de la tetralogía All For The Game . Lleno de escenas y diálogos memorables, incluye la confrontación final entre los equipos rivales, la evolución de las amistades forjadas en la adversidad y un romance muy especial.",https://ww3.lectulandia.co/book/la-guardia-del-rey/,Aventuras,2026-10-03T17:22:31
140,Johnny Blackdawn,['Ivana von Retteg'],"['Aventuras', 'Novela']",Blackdawn,"John Dawner es un cadete de la Marina Real británica en Port Royal. Su padre, el famoso almirante James Dawner, ha depositado en él grandes expectativas, pero John es todo lo contrario de lo que se esperaría: rebelde, caótico y salvaje. Siente que no pertenece ni al servicio naval ni a su familia, y está en lo correcto. No está interesado en combatir a los piratas que asolan las aguas turquesas del Caribe, lo que es más, se siente misteriosamente atraído hacia su forma de vida. Muy pronto el destino llama a la puerta: el feroz ataque de los bucaneros comandados por el capitán Desmond Black al puerto hace que John se sienta obligado a luchar por su ciudad. Entre cañonazos y espadas que entrechocan, su padre a punto de morir le confiesa su oscuro origen. Este secreto llevará a John a través de una larga travesía entre piratas, amores y saqueos para encontrarse a sí mismo en alta mar. Pero Johnny Blackdawn es también la historia del impredecible Desmond Black y su enemigo Barbanegra; la de la bellísima Margaret Tanner, la liberal Jill Jones y la noble española María Aragón, tres mujeres cuyas existencias encuentran sentido en la piratería; en suma, la de una comunidad revolucionaria llena de personajes fascinantes cuyas acciones pusieron en jaque el comercio marino del Nuevo Mundo.",https://ww3.lectulandia.co/book/johnny-blackdawn/,Aventuras,2026-10-03T17:22:34
141,Algo de valor,['Robert Ruark'],"['Aventuras', 'Histórico', 'Novela']",,"Un relato histórico y gráfico de los acontecimientos en Kenia (África), a principios de la década de 1950, y la violenta insurrección Mau Mau. La película Something Of Value (1957), protagonizada por Rock Hudson, Sidney Poitier y un elenco de estrellas, se basó en este libro. Ésta es la historia del levantamiento Mau Mau en Kenia, [1952-1960] vista a través de los ojos de un puñado de protagonistas. Prácticamente solo, en un mar de colonos británico racistas, el granjero Peter McKenzie se esfuerza por comprender las demandas de libertad e igualdad formulada por la población negra de Kenia y en particular la de su amigo de la infancia Kimani. Sin embargo, en última instancia, McKenzie y Kimani se encuentran en lados opuestos de la valla cuando este último se alinea con los Mau Mau.",https://ww3.lectulandia.co/book/algo-de-valor/,Aventuras,2026-10-03T17:22:38
142,El rey cuervo,['Nora Sakavic'],"['Aventuras', 'Intriga', 'Juvenil', 'Novela']",All For The Game,"Los Zorros son un equipo fragmentado, pero puede que Neil Josten sea el milagro que estaban esperando. La única persona que no está de acuerdo es Andrew, y el único capaz de penetrar las férreas barreras de Andrew es Neil. El problema es que Andrew no da nada a cambio de nada y a Neil le cuesta horrores confiar en nadie que no sea él mismo. Sin embargo, puede que no tengan demasiado tiempo; desde el equipo rival de los Cuervos, Riko Moriyama está dispuesto a hacer todo lo que sea para destrozar la nueva y frágil vida de Neil. El rey cuervo es el segundo y esperadísimo libro de la tetralogía All For The Game . La tensión sube y se vuelve electrizante mientras se revelan más y más lados desconocidos de los personajes. ¿Qué sucederá?",https://ww3.lectulandia.co/book/el-rey-cuervo-nora-sakavic/,Aventuras,2026-10-03T17:22:40
143,La madriguera del zorro,['Nora Sakavic'],"['Aventuras', 'Intriga', 'Juvenil', 'Novela']",All For The Game,"Neil Josten es un joven que lleva toda la vida huyendo de su propio padre, el despiadado jefe de una organización criminal. Está acostumbrado a vivir con miedo y a fingir ser cualquiera salvo él mismo. Cuando asesinan a su madre, Neil toma una decisión a la desesperada: incorporarse al equipo de exy conocido como los Zorros. El exy es un deporte rápido y violento, una mezcla de lacrosse , rugby y hockey , lo único que hace que Neil se sienta real. Sin embargo, Neil no es el único que tiene secretos en el equipo. Uno de los Zorros es un viejo amigo de su infancia y Neil no encuentra el valor para alejarse de él por segunda vez. ¿Habrá encontrado por fin algo por lo que merece la pena luchar? La madriguera del zorro es el primer libro de la exitosa tetralogía All For The Game . Retrata un mundo de tensión con personajes rotos y moralmente grises que combaten a sus depredadores y encuentran apoyo en sus iguales.",https://ww3.lectulandia.co/book/la-madriguera-del-zorro/,Aventuras,2026-10-03T17:22:43
144,Historias de amor y de odio,['Adrian Conan Doyle'],"['Aventuras', 'Relato']",,"El volumen integra diez relatos con escenarios naturales inauditos: selvas sombrías, las profundidades del mar, montañas y peñascos. Aparecen animales improbables como anguilas voraces, nativos y expedicionarios brutales e insaciables. Acontecen asesinatos, rituales, expediciones. Aventuras en el sentido más estimulante de la palabra. (Fragmento de la reseña sobre el autor por Omar G. Villegas, titulada «Culturerías: El hijo trotamundos de Arthur Conan Doyle», en CZNmundo , el 6 de mayo de 2016)",https://ww3.lectulandia.co/book/historias-de-amor-y-de-odio/,Aventuras,2026-10-03T17:22:45
145,Soledad salvaje,['Alice Henderson'],"['Aventuras', 'Intriga', 'Novela']",Alex Carter,"La bióloga Alex Carter, recién llegada a una reserva natural de Montana con el objetivo de estudiar a unos curiosos mamíferos, los carcayús, sufre el acoso de un coche que la expulsa de la carretera y las amenazas de vecinos que quieren forzarla a marcharse del territorio. Resuelta a cumplir su misión de ayudar a salvar esta especie amenazada, Alex sigue a pie el rastro de los carcayús y coloca cámaras en zonas remotas de la reserva. Pero al revisar las fotos descubre imágenes inquietantes de un animal de distinto tipo: un hombre gravemente herido que parece perdido y camina sin rumbo por la naturaleza salvaje. Al cabo de varias expediciones fallidas en busca del desconocido, la policía local se empeña en dar el caso por cerrado, despertando las sospechas de Alex. Después, otro depredador invasivo entra en la reserva. El cazador resulta ser otro humano... y la presa codiciada, la propia bióloga. Cuando Alex comprende que ha visto demasiado, ya es tarde... se ha topado con una operación ilegal de gran alcance y se ha convertido en su mayor amenaza. En este territorio salvaje y peligroso, la vida de Alex depende de que vaya siempre un paso por delante... utilizando todos sus conocimientos del mundo animal y de lo que hace falta para ganar la brutal batalla por la supervivencia.",https://ww3.lectulandia.co/book/soledad-salvaje/,Aventuras,2026-10-03T17:22:47
146,El manuscrito perdido de El Principito,['Cristian Perfumo'],"['Aventuras', 'Intriga', 'Novela']",,"Lo esencial es invisible a los ojos. Nuestros verdaderos motivos, también. Un manuscrito que vale millones. Un hombre torturado y asesinado. Una carrera por medio mundo en busca de la verdad. Argentina, 1930. Doce años antes de escribir El Principito , Antoine de Saint-Exupéry trabaja en la Patagonia como piloto de avión. Aprovecha cualquier momento libre en un hotel, aeródromo o incluso en el aire para llenar con letra apretada su pequeña libreta. Barcelona, 2023. Santiago Sotomayor, un investigador privado al borde de la quiebra, es contratado por una de las empresarias más importantes del país. Su hija Ariadna se marchó a la Patagonia argentina para estudiar un manuscrito inédito de Antoine de Saint-Exupéry, el autor de El Principito . Se fue allí para tres meses y ya lleva más de un año. Su madre sospecha que ha sido captada por una secta. Pero cuando Sotomayor viaja a la Patagonia descubre que Ariadna tiene problemas mucho más graves. Para solucionarlos, Santiago y Ariadna se unirán en una carrera contra el tiempo en la que recorrerán Nueva York, Barcelona y la Patagonia tras la pista del último manuscrito inédito de Saint-Exupéry. Una pieza de museo que no solo vale millones, sino que podría cambiar todo lo que se sabe hasta ahora sobre el libro más vendido del siglo XX.",https://ww3.lectulandia.co/book/el-manuscrito-perdido-de-el-principito/,Aventuras,2026-10-03T17:22:50
147,Jaque mate,['Katherine Kurtz'],"['Aventuras', 'Fantástico', 'Novela']",Deryni,"En una Edad Media alternativa, los Deryni, un grupo de magos y telépatas, antaño poderosos, se enfrentan a la autoridad de la pujante religión cristiana y a sus ansias de primacía. El joven Kelson y su paladín de estirpe Deryni, el duque Alaric Morgan, desafían las más poderosas armas de la Iglesia: la excomunión y el interdicto. Junto al peligro de perder el apoyo y la comprensión de sus súbditos amenazados por el interdicto eclesial, Kelson y Morgan deberán enfrentarse también al poder de Warin de Grey, un fanático ungido con los milagrosos atributos de la santidad y empecinado en una terrible «guerra santa» contra los Deryni.",https://ww3.lectulandia.co/book/jaque-mate-katherine-kurtz/,Aventuras,2026-10-03T17:22:53
148,El camino del ninja,"['Bárbara Montes', 'Juan Gómez-Jurado']","['Aventuras', 'Infantil', 'Intriga', 'Juvenil', 'Novela']",Amanda Black,"«SU FINAL ES TU PRINCIPIO». Aquel atardecer nada me hizo pensar que, apenas unos días más tarde, iba a conocer a la persona más genial de todas las que conozco. Tampoco nada me hizo pensar que iba a tener que dejarla marchar. Cuando nos enteramos del terremoto que había sacudido Japón, no me pareció algo grave. ¡Me equivocaba! El temblor, aparentemente inofensivo, había producido una serie de derrumbes que habían dejado al descubierto un sistema de cuevas donde se esconde una peligrosa arma milenaria. Y, claro, alguien tenía que asegurarse de que no cayera en las manos equivocadas. Así comenzó mi viaje a Japón, creyendo que sería uno como tantos otros. No tenía manera de imaginar que esta misión me cambiaría la vida para siempre.",https://ww3.lectulandia.co/book/el-camino-del-ninja/,Aventuras,2026-10-03T17:22:55
149,Orgullo y poco Juicio. Parte 2,['Lena Valenti'],"['Aventuras', 'Erótico', 'Novela', 'Romántico']",Orgullo y poco Juicio,"Cuando Lis, la hija mayor de los Benet, una familia de viticultores del valle de Haro, decide regresar a su casa tras recibir la llamada de socorro de su madre, lo hace con dos objetivos en mente. El primero es rescatar de la ruina el viñedo familiar, pero el segundo lo lleva años planeando para vengarse de los D’Arcy y del acoso que llevaban sufriendo por su parte desde hacía años. Ella cree que lo tiene todo bajo control, el problema es que, para ajustar cuentas, tiene que enfrentarse a Guillermo el Oscuro, el hijo mayor de los D’Arcy y el responsable de que, en el pasado, ella huyera de Haro con el corazón roto. Esta es una historia muy original, embriagadora, de mucho orgullo, empoderamiento, toneladas de emotividad, prejuicios y poco juicio en ocasiones y demasiada mala uva. Sensualidad, risas, lágrimas, amor, aventura y una trama que hará las delicias del lector .",https://ww3.lectulandia.co/book/orgullo-y-poco-juicio-parte-2/,Aventuras,2026-10-03T17:22:58
150,El reino perdido,"['Bárbara Montes', 'Juan Gómez-Jurado']","['Aventuras', 'Infantil', 'Intriga', 'Juvenil', 'Novela']",Amanda Black,"Recuerdo las palabras de la tía Paula cuando escuchamos lo que sucedía: «Ojalá no nos hubiera tocado a nosotras». Pero claro, tenía que tocarme a mí… Todo empezó en una isla del Pacífico, donde un volcán entró en erupción. Hasta ahí, todo normal. Solo una semana después, el planeta entero está a punto de ser destruido por un mar de lava. Y la única forma de detener el fin del mundo es que encuentre un ídolo perdido hace más de dos milenios y realice un ritual en un templo del mítico reino de la Atlántida, una isla que, para variar, nadie sabe si realmente existió ni dónde podría estar. Pan comido, ¿verdad? ¿Será capaz Amanda de encontrar el reino perdido y salvar a la humanidad de su desaparición?",https://ww3.lectulandia.co/book/el-reino-perdido-juan-gomez-jurado/,Aventuras,2026-10-03T17:23:00
151,Orgullo y poco Juicio. Parte 1,['Lena Valenti'],"['Aventuras', 'Erótico', 'Novela', 'Romántico']",Orgullo y poco Juicio,"Cuando Lis, la hija mayor de los Benet, una familia de viticultores del valle de Haro, decide regresar a su casa tras recibir la llamada de socorro de su madre, lo hace con dos objetivos en mente. El primero es rescatar de la ruina el viñedo familiar, pero el segundo lo lleva años planeando para vengarse de los D´Arcy y del acoso que llevaban sufriendo por su parte desde hacía años. Ella cree que lo tiene todo bajo control, el problema es que, para ajustar cuentas, tiene que enfrentarse a Guillermo el Oscuro, el hijo mayor de los D´Arcy y el responsable de que, en el pasado, ella huyera de Haro con el corazón roto. Esta es una historia muy original, embriagadora, de mucho orgullo, empoderamiento, toneladas de emotividad, prejuicios y poco juicio en ocasiones y demasiada mala uva. Sensualidad, risas, lágrimas, amor, aventura y una trama que hará las delicias del lector .",https://ww3.lectulandia.co/book/orgullo-y-poco-juicio-parte-1/,Aventuras,2026-10-03T17:23:02
152,Maya Erikson y el último secreto,['Isabel Álvarez'],"['Aventuras', 'Infantil', 'Intriga', 'Juvenil', 'Novela']",Maya Erikson,"Tras cinco años desaparecido, Maya encuentra a su abuelo y descubre que todo este tiempo ha estado protegiéndolos de un inminente peligro del que ni siquiera eran conscientes. Pero entonces se dan cuenta de que, lejos de estar a salvo, la situación se ha vuelto crítica: si quieren que su intento de salvar el planeta siga adelante, deben hacer algo ya. Sin pensárselo, Maya se embarca en un viaje hacia lo desconocido en el que descubrirá secretos que llevan siglos enterrados.",https://ww3.lectulandia.co/book/maya-erikson-y-el-ultimo-secreto/,Aventuras,2026-10-03T17:23:04
153,Scaramouche (Novela ilustrada),['Rafael Sabatini'],"['Aventuras', 'Novela']",Scaramouche,"El protagonista de la novela de Sabatini es André-Louis Moreau, de la aldea de Gavrillac, un hombre de padres desconocidos que fue apadrinado por el Señor de Gavrillac, Quintin de Kercadiou, a quien las gentes del pueblo atribuyen su paternidad. André-Louis desea vengar la muerte de su amigo Philippe de Vilmorin a manos del Señor de La Tour d'Azyr . Se traslada Rennes en demanda de justicia por la muerte de su mejor amigo, pero es ignorado por el tribunal de justicia del lugar. Además, tiene que huir ya que el Señor de La Tour D’Acyr quiere vengarse contra él por haber ofendido su honor al definirlo públicamente como asesino. Es su escapada conoce a una compañía de teatro ambulante en la que comienza como aprendiz para terminar interpretando al gran Scaramouche , uno de los personajes clásicos de la antigua Comedia del arte . En una de sus actuaciones arma un gran revuelo al encender los ánimos en contra de la nobleza y su estamento, por lo que debe huir, de nuevo. Encuentra empleo como el ayudante de un profesor de esgrima que le enseña todos sus secretos; continua frecuentando los casinos literarios para mantenerse en contacto con los burgueses, que le informan de los acontecimientos hasta que, finalmente, se desata la Revolución Francesa con la toma de la Bastilla por el populacho. En ese momento, André-Louis se preocupa por su padrino y su prima Aline, temiendo por su vida, al pertenecer estos a la aristocracia. Al final sabrá cuál es su verdadero origen, que cambiará radicalmente sus intenciones iniciales.",https://ww3.lectulandia.co/book/scaramouche-novela-ilustrada/,Aventuras,2026-10-03T17:23:06
154,El bastón del cuervo,"['Bárbara Montes', 'Juan Gómez-Jurado']","['Aventuras', 'Infantil', 'Intriga', 'Juvenil', 'Novela']",Amanda Black,"Ojalá todo hubiese sucedido de otra manera. No sé si me venció el orgullo o el mal humor por mi discusión con Eric y Esme. Lo que sí sé es que todo se ha liado. ¡Pero bien! El director Lennon, el líder de una misteriosa organización secreta, se presentó hace unos días con una tentadora misión para mí: recuperar una vara vikinga que permite ver el futuro de las manos de Molrovia, un país liderado por una banda de criminales. Por primera vez, iba a trabajar para alguien que no éramos nosotros mismos. Y sin la ayuda de mi mejor amigo. Esperaba no estar cometiendo el mayor error de mi vida… ¿Será capaz Amanda de recuperar el mágico bastón vikingo sin Eric a su lado?",https://ww3.lectulandia.co/book/el-baston-del-cuervo/,Aventuras,2026-10-03T17:23:08
155,"Scaramouche, creador de reyes (Novela ilustrada)",['Rafael Sabatini'],"['Aventuras', 'Novela']",Scaramouche,"Sabatini retoma la historia de Scaramouche cuando los líderes revolucionarios, como Robespierre, recurren al terror para aplastar cualquier posibilidad de que los simpatizantes monárquicos o la nobleza restante desempeñen un papel en el futuro político de Francia. El héroe de la primera entrega, André-Louis Moreau (que se ocultó tras la máscara de Scaramouche ) emprende un camino que le enfrenta a Robespierre, al tiempo que intenta ganarse el afecto de su amada Aline.",https://ww3.lectulandia.co/book/scaramouche-creador-de-reyes-novela-ilustrada/,Aventuras,2026-10-03T17:23:11
156,El secreto del elixir mágico,['Óscar Hernández-Campano'],"['Aventuras', 'Fantástico', 'Intriga', 'Juvenil', 'Novela']",,"¿Y si descubrieras que la Fuente de la Eterna Juventud existe? Daniel, Gabi y Andrés, unos adolescentes que disfrutan de las vacaciones de verano, ven interrumpida su despreocupada vida cuando al padre de Dani, arqueólogo y aventurero, le disparan una flecha con misteriosas inscripciones. Desconfiando de la policía, los jóvenes deciden investigar por su cuenta. Pronto descubren que toda la humanidad está en peligro. Comienza así una aventura que llevará llevará a nuestros héroes por medio mundo en una carrera contrarreloj contra las fuerzas del mal. Sin embargo, no lucharán solos. Susana, una intrépida aspirante a inspectora, se unirá a ellos y les presentará a una poderosa hechicera: Úrsula. El secreto del elixir mágico es una trepidante historia llena de imaginación y personajes carismáticos que sigue la tradición de las mejores novelas de aventuras aunando viajes, tesoros ocultos y magia.",https://ww3.lectulandia.co/book/el-secreto-del-elixir-magico/,Aventuras,2026-10-03T17:23:13
157,El ácrata de la Magallania,['Julio Verne'],"['Aventuras', 'Novela', 'Realista']",,"El inédito texto original, sin manipulaciones, de Verne y una de sus obras más insólitas. Se puede decir que la presente novela de Verne es un compendio de sus ideas sobre el ser humano y la sociedad, además de una suerte de autobiografía espiritual; una novela muy personal, enteramente adulta, que fue encontrada a su muerte entre sus papeles. El hijo del escritor, Michel Verne, la publicó con numerosas e intolerables modificaciones nada menos que eliminando cinco capítulos y añadiendo otros veinte y un cambio en el sentido ideológico de la obra. La novela fue publicada con el título de Los náufragos del Jonathan , y esa versión es la que se ha traducido y publicado anteriormente en España. Ofrecemos aquí el hermoso redactado original inédito en español: el que realmente escribió su autor, donde se trasluce la amargura de Verne en sus últimos años y su fascinación por la acracia no violenta, al tiempo que se manifiesta su formidable capacidad para describir el mundo natural, mezclando la información enciclopédica con la visión poética; en este caso, de los grandiosos y preantárticos espacios magallánicos, en los que logra sumergir al lector como si los visitase realmente.",https://ww3.lectulandia.co/book/el-acrata-de-la-magallania/,Aventuras,2026-10-03T17:23:16
158,Los cañones del nizam,['Allan Mallinson'],"['Aventuras', 'Novela']",Matthew Hervey,"Tras su poco productivo éxito en la batalla de Waterloo, el capitán Matthew Hervey se dispone a regresar a Londres para contraer matrimonio con lady Henrietta Lindsay e iniciar una plácida vida familiar. Sin embargo, Wellington tiene otros planes para él. Nombrado ayudante de campo del duque, recibe órdenes de embarcar con destino a la India con una misión política secreta para la que no se siente preparado y acerca de la que, por si fuera poco, no conocerá los detalles que le serán imprescindibles para llevar a buen puerto la misión. Las relaciones de Londres con la joya de la Corona, la India, se encuentran en 1816 en una delicada situación, en un precario equilibrio, el gobierno británico ve peligrar su futuro si no logra mantener sus acuerdos con Hyderabad. Unos acuerdos en los que desempeñan un papel esencial las «hijas del nizam», pues con este nombre son conocidos los cañones de gran calibre del príncipe de Hyderabad.",https://ww3.lectulandia.co/book/los-canones-del-nizam/,Aventuras,2026-10-03T17:23:18
159,Corona cruel,['Victoria Aveyard'],"['Aventuras', 'Fantástico', 'Juvenil', 'Novela']",La Reina Roja,"Dos mujeres divididas por el color de su sangre, una plateada y otra roja, dos historias secretas que nadie más conoce. «Canción real» La reina Coriane, primera esposa del rey Tiberias, guarda un diario íntimo, pero teme que sus secretos sean usados contra ella. Coriane relata su embriagador cortejo con el príncipe heredero, el nacimiento de un nuevo príncipe, Cal, y los letales desafíos que le esperan en la vida de palacio. «Cicatrices de acero» La capitana Farley intercambia mensajes codificados con la resistencia mientras recluta contrabandistas y radicales en su primer intento de atacar la capital. Fue criada para ser fuerte, pero plantar las semillas de la rebelión en Norta es un trabajo más duro de lo esperado, hasta que tropieza con una chica que puede ser la clave de toda la operación: Mare Barrow.",https://ww3.lectulandia.co/book/corona-cruel/,Aventuras,2026-10-03T17:23:21
160,El último argumento de los reyes (Edición ilustrada),['Joe Abercrombie'],"['Aventuras', 'Fantástico', 'Novela']",La primera ley,"El rey de los hombres del Norte se mantiene y solo hay un guerrero que le pueda detener. Su viejo amigo y su enemigo más antiguo: ha llegado la hora de que el Sanguinario vuelva a casa… Glokta está librando una lucha secreta en la que nadie está seguro y nadie es de fiar. Y como sus días de guerrero están lejos, utiliza las armas que le quedan: chantaje, tortura… Jezal dan Luthar ha decidido que la gloria es demasiado dolorosa y prefiere una vida sencilla con la mujer a la que ama. Pero el amor también puede ser doloroso y la gloria tiene la desagradable costumbre de aferrarse a un hombre cuando menos la desea… El Rey de la Unión ha muerto, los campesinos se rebelan y los nobles luchan por su corona. Solo el primero de los Magos tiene un plan para salvar el mundo, pero esta vez hay riesgos. Y no hay un riesgo más terrible que romper la Primera Ley… El volumen que cierra la impresionante trilogía de una voz que ya es imprescindible en la fantasía moderna.",https://ww3.lectulandia.co/book/el-ultimo-argumento-de-los-reyes-edicion-ilustrada/,Aventuras,2026-10-03T17:23:24
