id,titulo,autores,generos,serie,sinopsis,url_libro,categoria_origen,fecha_extraccion
1,persiguiendo becquer,['miguel lago'],"['aventuras', 'humor', 'novela', 'policiaco']",becquer,antoñito nieto don manuel crecio abuelo padre ayudara anudarse corbata madre quisiera humilde aldea gallega consiguio estrellas fulgurantes mundo espectaculo nombre becquer vuelta españa presenta teatro importante pais noche promete comico teatro real escenario adorno alfombra persa becquer sirve marca moverse enorme luminoso nombre alto cabeza pasaria luminoso cayese momento determinado provocara incendio dolorosa muerte elena izaguirre inspectora policia nacional ocupara investigacion complicada entraran ganas ocasion estrangular becquer razonable persiga muerte comico trata becquer margen arte personaje insufrible egolatra desapegado toque machista primera novela miguel lago policiaco clasico despliega humor particular autor intriga tramada accion amor inesperado sorprendente ternura reseñas novela intriga perfecta emocionante divertida miguel deja sorprenderme sonsoles onega miguel lago debuta novela persiguiendo becquer thriller fresquisimo misteriosa mano negra intentar atentar exitoso comediante internacional lorena g maldonado español,https://ww3.lectulandia.co/book/persiguiendo-a-becquer/,Aventuras,2026-09-10T17:09:03
2,cancion hands,['teo palacios'],"['aventuras', 'historico', 'intriga', 'novela']",,armando villalobos restaurador muebles acosado deudas juego topa azar documentos cifrados legendario tesoro barbanegra lucha cambiar suerte une diego mendoza renombrado explorador corre año 1912 juntos lanzan emocionante aventura sombrias calles madrid enigmaticas aguas bahamas traves pantanos florida costas outer banks pista pista enigma enigma peligro cierne vez amenaza vidas aumenta dia dia paralelamente 1715 barbanegra pirata temido caribe lucha destino dejado antiguo nombre edward teach imponente figura pistolas acompañan barba negra convierte sombra demoniaca late hombre temor futuro obligado actuar rapido ameno relato epocas viaje traves siglos cancion hands sumerge lector inmediato viaje vibrante misterio aventura historia navegan mano nueva novela teo palacios ganadora premio nostromo habla definitiva legado dejamos veces historia oscura iluminar rincones inesperados humanidad gracias narracion agil estilo preciso pura aventura clasica condice confines mundo descubrir final sorprendente,https://ww3.lectulandia.co/book/la-cancion-de-hands/,Aventuras,2026-09-10T17:09:05
3,batallon disciplinario,['karl von vereiter'],"['aventuras', 'belico', 'novela']",,unidades especiales wehrmacht poseyo transcurso segunda guerra mundial tremendamente inhumana llamados batallones disciplinarios pensamos ejercito aleman duda fuerza rigida mundo disciplina aire respiraban soldados exacta significacion rigidez seno batallones disciplinarios increible autentico datos obra tremenda sacados archivos unidades especiales venido agregarse suma datos obtenidos guerra conversaciones sostenidas escasos supervivientes salvaje unidad mando germano castigo soldado debia alcanzar limites desconocidos paises libertad absoluta jefes strafbatallionen generalmente hombres corrientes primitivos conciencia veces sadicos merecian vestir uniforme,https://ww3.lectulandia.co/book/batallon-disciplinario/,Aventuras,2026-09-10T17:09:08
4,king,['cristina prada'],"['aventuras', 'erotico', 'novela', 'romantico']",,mundo crimen mafia nueva york rey nombre christian hale christian brillantes rascacielos nueva york esconde mundo secretos violentos sobreviven capos mafia politicos dueños corporaciones importantes vienen juegan pierden nueva york real clandestina cruel christian hale despiadado rey daisy cuatro años casados demostro odiarme mato sentia quiere vuelva lado pasara cambiado aprendido vez pienso callar christian hale vete infierno novela intensa adictiva deseo redencion entrelazan historia amor inolvidable,https://ww3.lectulandia.co/book/king/,Aventuras,2026-09-10T17:09:10
5,guardian dioses,['jesus valero'],"['aventuras', 'historico', 'intriga', 'novela']",,final orden temple principio aventura trepidante misterio revelado 2024 italia terremoto sacude pequeña ciudad orvieto enorme grieta abre centro plaza principal imagina empedradas calles encuentra oculto misterioso tesoro cientos estatuas dioses antiguos lista maestres templarios luken arregi arqueologo experto orden temple viaja localidad italiana colaborar arianna carlucci responsable yacimiento llegar creer ojos orden esconderia estatuas significa lista responder preguntas luken arianna deberan embarcarse busqueda contrarreloj siguiendo pasos enigmatico caballero templario pierre daumont parece encontrarse centro misterio descubriran solos fuerzas oscuras intentan hacerse misterio peligrosas luchan evitar secreto desvelado humanidad trepidante novela firmada autor luz invisible lleva siglo xiii dias viaje tierra santa ciudades roma paris enseñarnos verdad poderosa armas creias conocer misterios cristiandad,https://ww3.lectulandia.co/book/el-guardian-de-los-dioses/,Aventuras,2026-09-10T17:09:12
6,fuegos,['christopher buehlman'],"['aventuras', 'novela', 'terror']",,año 1348 thomas caballero caido desgracia encuentra niña sola pueblo normando arrasado huerfana peste negra delphine cuenta thomas peste parte cataclismo mayor angeles caidos lucifer frente levantando segunda guerra cielo mundo hombres atrapado conflicto delirio fe niña cree angeles dios muertos hablan sueños convence thomas escolte traves paisaje desolado aviñon delphine intentara enfrentarse devastado tierra devolver thomas esperanza salvacion infierno desata ira revela verdadera naturaleza muchacha thomas transitara macabro campo batalla angeles demonios santos muertos resucitados medio lucha desesperada alma humano,https://ww3.lectulandia.co/book/entre-dos-fuegos/,Aventuras,2026-09-10T17:09:14
7,conde montecristo tomo i ed b oro,['alexandre dumas'],"['aventuras', 'novela']",,joven colmado nobles esperanzas edmundo dantes subitamente truncado venturoso destino envidia perfidia conspiran sombra acusado crimen cometido arrojado prision terrible años deslizan desesperacion silencio seno tumba viviente germina designio formidable paciencia inteligencia implacable justicia inicia apasionante novela aventuras misterio altos destinos alejandro dumas despliega mano maestra historia traicion sufrimiento esperanza cautiva primeras paginas,https://ww3.lectulandia.co/book/el-conde-de-montecristo-tomo-i-ed-b-oro/,Aventuras,2026-09-10T17:09:16
8,venganza,['baroness emmuska orczy'],"['aventuras', 'historico', 'novela']",,ambientada momentos sangrientos revolucion francesa narra historia juliette marny joven noble obligada juramento vengar muerte hermano manos ciudadano republicano llamado paul deroulede conflicto estalla infiltrarse vida destruirlo termina enamorandose sir percy blakeney pimpinela escarlata interviene trama desenredar peligroso escenario,https://ww3.lectulandia.co/book/mia-sera-la-venganza/,Aventuras,2026-09-10T17:09:17
9,flor lis,['baroness emmuska orczy'],"['aventuras', 'historico', 'novela', 'romantico']",,trama sigue andanzas messire gilles crohin señor froidmont caballero valiente leal nobles ideales encuentra servicio francisco valois duque alencon anjou hermano rey enrique iii france gilles queda atrapado mitad turbulentos conflictos militares conspiraciones politicas asedio ciudad fortificada cambrai medio peligro batallas gilles conoce enamora perdidamente jacqueline broyart hermosa hija gobernador cambrai embargo romance convertira amor prohibido debido estrictas expectativas sociedad epoca secretos sospechas traicion dividen bandos,https://ww3.lectulandia.co/book/flor-de-lis/,Aventuras,2026-09-10T17:09:19
10,mosqueteros ed b oro,['alexandre dumas'],"['aventuras', 'novela']",,joven gascon dartagnan llega paris decidido abrirse camino espada honor une athos porthos aramis mosqueteros rey lealtad valentia proverbiales unidos amistad indestructible cuatro veran envueltos duelos intrigas palaciegas peligrosas aventuras francia dominada astucia cardenal richelieu gallardia coraje heroes afrontan conspiraciones traiciones pasiones ocultas lucha constante justicia honor mosqueteros novela accion briosa romanticismo caballeresco camaraderia valor imponen perfidia engaño,https://ww3.lectulandia.co/book/los-tres-mosqueteros-ed-b-oro/,Aventuras,2026-09-10T17:09:22
11,becquer paris,['miguel lago'],"['aventuras', 'humor', 'novela', 'policiaco']",,llegar investigacion crimen queria reir queria justicia sabian juntos incendiar pais becquer estrella famosa television elena izaguirre inspectora policia hija agente asesinado veinte años lleva vida buscando respuestas quiere darle tragedia irrumpe vida becquer caminos cruzan comienza alianza improbable estrella mediatica policia curtida acaba destapando verdad crimen cambio elena ataques encubiertos traiciones internas viajes internacionales romance inevitable peligroso becquer elena enfrentan mayor pais red corrupcion opera sombras brazo llega mismisima embajada española paris propia vida juego cosa clara humor arma verdad bomba thriller frenetico emocional adictivo estrella famosa pais inspectora marcada tragedia unen fuerzas desmantelar red corrupcion llega corazon,https://ww3.lectulandia.co/book/becquer-en-paris/,Aventuras,2026-09-10T17:09:23
12,morning star,['xose miranda'],"['aventuras', 'historico', 'novela']",,unha novela odios amores sangue crimes tiros coitelos persecucions paixons esperanzas gavelas bandoleiros do seculo xix busca dun tesouro dous rapaces procurando liberdade dun cego toca gaita violin fala verso dun can branco burgales dun portugues pegas amestradas ollo coma ovo cocido ten seu tobo na pena anaman do patibulario toco lazaro rivadulla sublevacion progresista nas ruas pontevedra 1846 dun pozo cun esqueleto aprendizaxe vida dunha saudade coma furaco cantan grilos dunha afastada estrela brilla dia soamente quen sabe ollala,https://ww3.lectulandia.co/book/morning-star/,Aventuras,2026-09-10T17:09:24
13,holandes errante,"['barbara montes', 'juan gomezjurado']","['aventuras', 'infantil', 'intriga', 'juvenil', 'novela']",amanda black,dije vacaciones amigo tia paula lord thomsing invitara explorar barco hundido caribe pensaba pasariamos fin facil emocion suponia descansar disfrutar escondites barco hundido extraño sucede mar cambia abrir cerrar ojos parece unicos buscan tesoro perdido fantasmas lio metido creo vacaciones mision black,https://ww3.lectulandia.co/book/el-holandes-errante/,Aventuras,2026-09-10T17:09:27
14,historia interminable ed ilustrada,['michael ende'],"['aventuras', 'fantastico', 'infantil', 'novela']",,emperatriz infantil mortalmente enferma reino fantasia corre grave peligro salvacion depende atreyu valiente guerrero tribu pieles verdes bastian niño timido lee pasion libro magico humano salvar lugar encantado juntos emprenderan fascinante viaje vuelta traves tierras dragones gigantes monstruos magia medida adentran fantasia bastian descubrira propia historia gustaria saber pasa realmente libro cerrado naturalmente letras impresas papel embargo debe pasar abro aparece historia entera ayesha l rubio,https://ww3.lectulandia.co/book/la-historia-interminable-ed-ilustrada/,Aventuras,2026-09-10T17:09:29
15,luna comanche,['larry mcmurtry'],"['aventuras', 'novela']",frontera,luna comanche recibio 1998 prestigioso premios entregan ambito literatura western spur award cbs realizo miniserie tv 2008 luna comanche cuarta ultima entrega orden publicacion saga lonesome dove iniciada 1985 larry mcmurtry recoge azarosa vida aventuras rangers texas woodrow call augustus gus mccrae primeros años estrella solitaria atenemos cronologia narracion presente novela situaria temporalmente jornada muerto lonesome dove publicadas coleccion frontera luna comanche leerse novela independiente testigos nuevas andanzas gus call rangers novatos jornada muerto convertido curtidos rangers prestan servicio complicados años enfrentamiento tribus indias titulo referencia luna llena otoño caballos guerreros comanches aliados kiowas disfrutado periodo buenos pastos plenitud fuerza claridad luna convierte valiosa aliada temidas razias nocturnas emprenden bandas jinetes indios territorio texas norte mexico busca gloria sangre botin dias poblacion blanca tierras convierten jornadas terror alarma alerta permanente comanches liderados años gran jefe joroba bufalo conocidos apelativo señores praderas llegaron forjar imperio jinetes nomadas fronteras difusas impuso sometio tributo pueblos indigenas dias gloria tocando fin,https://ww3.lectulandia.co/book/luna-comanche-larry-mcmurtry/,Aventuras,2026-09-10T17:09:31
16,historia sainville leonore,['marques sade'],"['aventuras', 'novela']",,historia sainville leonore relato independiente aline valcour celebre novela epistolar filosofica marques sade escribio bastilla narra desventuras jovenes amantes separados recorren mundo enfrentandose crueldad virtud utopia,https://ww3.lectulandia.co/book/historia-de-sainville-y-leonore/,Aventuras,2026-09-10T17:09:33
17,eneida version prosa,['publio virgilio maron'],"['aventuras', 'novela']",,recreacion literaria poesia epica venia homero virgilio 7019 d c compone eneida enfrentamientos civiles concluyen muerte antonio triunfo octavio decidido comenzar obra reconstruccion nacional debia contar campaña adecuada propaganda virgilio suscribia gustosamente esperanzas suscitadas nuevo regimen espiritu entrego diez ultimos años vida redaccion poema epico honor roma eligiendo leyenda eneas heroe troyano sobrevivio ruina troya marcho italia llego progenitor gens julia pertenecia octavio marco leyenda popular virgilio recolecto relatos gratos patriotismo local regional eneida superponen diferentes planos relato aventuras eneas identificacion arquetipo augusto profundizacion problemas ultimos vida muerte logrando obras fundamentales cultura occidental,https://ww3.lectulandia.co/book/la-eneida-version-en-prosa/,Aventuras,2026-09-10T17:09:35
18,ombria oculta,['patricia mckillip'],"['aventuras', 'fantastico', 'novela']",,ombria ciudad construida base secretos recorres pasadizos magicos portales olvidados encontraras ciudad enterrada similar superficie oscura repleta fantasmas morir principe ombria tia abuela domina perla usurpa utilizando mero titere hijo pequeño kyel expulsa palacio joven amante principe lydea muera lydea recurrira ayuda poderosa hechicera vive ombria oculta proteger ciudad ambicion limites domina perla,https://ww3.lectulandia.co/book/ombria-oculta/,Aventuras,2026-09-10T17:09:37
19,brujula dorada,['philip pullman'],"['aventuras', 'fantastico', 'infantil', 'juvenil', 'novela']",materia oscura,lyra once años marcada destino niños oxford desapareciendo rumorea sucede lugares armada aletiometro objeto unico mundo permite adivinar sabe lyra parte polo norte proposito salvar niños descubrir oculta desapariciones descubrira mundo vive complejo creia cumplir destino debera reunir valor gracias amigos lyra podra enfrentarse peligros acechan,https://ww3.lectulandia.co/book/la-brujula-dorada/,Aventuras,2026-09-10T17:09:40
20,comunidad secreta,['philip pullman'],"['aventuras', 'fantastico', 'infantil', 'juvenil', 'novela']",libro oscuridad,pasado veinte años sucesos acaecidos bella salvaje primer volumen libro oscuridad narraba trascendental viaje emprendia lyra belacqua bebe comunidad secreta encontramos lyra lenguadeplata niña segundo volumen libro oscuridad lyra veinte años daimonion pantalaimon obligados seguir rumbo relacion imaginado atraidos compleja peligrosa voragine mundo existencia ignoraban malcolm parte emprende propio viaje niño antaño asumio mision salvar bebe barca hombre dotado fuerte sentido deber deseo obrar correctamente mundo vez familiar extraordinario deberan viajar limites oxford cruzar europa adentrarse asia busca elementos perdidos ciudad habitada daimonions secreto guardado corazon desierto escurridizo misterio polvo,https://ww3.lectulandia.co/book/la-comunidad-secreta/,Aventuras,2026-09-10T17:09:42
21,sherlock holmes lejano oeste,['mark twain'],"['aventuras', 'humor', 'intriga', 'policiaco', 'relato']",,imagina combinar suspenso clasico detective ingles aventura caos viejo oeste americano exactamente propone mark twain sherlock holmes lejano oeste historia caras libro mezcla misterio humor critica social elementos twain escritores importantes literatura estadounidense historia gira torno asesinato tipico pueblo oeste detective sherlock holmes llamado investigar caso fiel estilo twain esperes investigacion autor juega cliches genero policial creando situaciones absurdas inesperadas provocan risas tiempo reflexionar lector justicia moral costumbres epoca gustan misterio aventura humor inteligente sherlock holmes lejano oeste lectura entretiene sorprende originalidad obra demuestra talento twain reinventar generos literarios ofreciendo experiencia diferente historias tradicionales detectives oeste pierdas oportunidad descubrir twain reinvento detective famoso mundo aventura totalmente esperado,https://ww3.lectulandia.co/book/sherlock-holmes-en-el-lejano-oeste/,Aventuras,2026-09-10T17:09:45
22,montaña muerta,"['douglas preston', 'lincoln child']","['aventuras', 'intriga', 'novela']",nora kelly,2008 grupo nueve montañeros estudiantes ingenieria regreso travesia montañas manzano nuevo mexico equipo rescate localizo ultimo campamento encontro explicacion verdaderamente aterrador debio sorprenderles descansaban tienda impulso abrirse paso cuchilladas huir descalzos prendas abrigo muerte segura medio ventisca nueve montañeros recuperaron cuerpos seis caso fbi nombre clave montaña muerta resolvio quince años descubren cueva cuerpos expedicion perdida victima espantoso suicidio joven agente fbi corrie swanson une arqueologa nora kelly investigar realmente sucedio fatidico viaje encontrar novena victima caso inspirado historia real apasionante incidente paso dyatlov,https://ww3.lectulandia.co/book/la-montana-muerta/,Aventuras,2026-09-10T17:09:47
23,,['fernando gamboa gonzalez'],"['aventuras', 'novela', 'policiaco']",nuria badal,agente policia nuria badal vuelve vez peligro espera nombre propio cadaques pequeño pueblo pescadores costa brava azotado tramontana siete personas desaparecen instante forma inexplicable evaporado aire movil testigos pistas sospechosos desaparicion imposible forma sucedido enviada investigar forma precipitada nuria descubre desapariciones primeras linea separa realidad leyendas locales difusa podido imaginar leyendas algun modo parecen directamente relacionadas tension crece cerco invisible parece cerrarse nuria enfrentara fuerzas entiende enemigos venir dudas amenazan romperla caso hechos personas siquiera viento vuelva soplar proxima desaparicion thriller intenso inquietante adictivo novela negra imprevisible mano fernando gamboa arrastrara final sorprendente imposible olvidar,https://ww3.lectulandia.co/book/ella-fernando-gamboa-gonzalez/,Aventuras,2026-09-10T17:09:49
24,norby salva universo,"['isaac asimov', 'janet asimov']","['aventuras', 'ciencia ficcion', 'novela']",cronicas norby,sexta aventura cadete espacial jeff wells peculiar robot extraterrestre norby capaz viajar hiperespacio gracias componentes unicos enfrentan crisis escala cosmica malvado implacable villano ing ingrato logra escapar pone marcha peligroso dispositivo mecanico antiguo maquina tridimensional alterar tiempo artefacto amenaza desgarrar tejido espaciotiempo provocaria destruccion total galaxia universo conocido detenerlo jeff norby deberan realizar viaje desesperado diferentes epocas mundos extraños travesia contaran ayuda inteligente alienigena oona reina tierras grandes dragones planeta jamna arriesgandolo restaurar orden temporal universo entero desaparezca,https://ww3.lectulandia.co/book/norby-salva-al-universo/,Aventuras,2026-09-10T17:09:50
25,lujuria libro 2,['eva muñoz'],"['aventuras', 'erotico', 'novela', 'policiaco']",pecados placenteros,llega conclusion lujuria segunda parte saga pecados placenteros podras dejarte llevar abrasarte intento incendios contenerse obsesiones llegan matar teniente rachel james sentimientos coronel christopher morgan vez dificiles controlar elecciones cargo ministro aproximan permitirse errores distracciones embargo tarea complica celos traiciones errores conspiraciones desataran caos arrasara comando femf convertido nido alimañas quiere caer mafia suma peso juego acontecimientos marcaran vida primeros cimientos gran batalla nacen nueva entrega cansan fingir empieza estorbar disfraz,https://ww3.lectulandia.co/book/lujuria-libro-2/,Aventuras,2026-09-10T17:09:53
26,varia fortuna soldado pindaro,['gonzalo cespedes meneses'],"['aventuras', 'relato']",,varia fortuna soldado pindaro narra primera persona aventuras pindaro nombre ficticio callo licitos respetos apellido noble solar casa temprana edad abandono colegio jesuitas estudiaba evitar castigado falta cometida lanzo mundo escrito verbo florido siglo oro cuenta numerosas aventuras anecdotas ocurridas lugares notables incidencias llevando pindaro corte valladolid toledo madrid sevilla visito carcel compañeros dignos emulos mismisimo monipodio desengaños amorosos traiciones lances espada fin ocurrencia habitual genero picaresco adornado inevitables sentencias morales uso percances ocurridos naves corsarias altura formentera llega heroe bruselas atravesando italia genova espera incorporarse ejercito español intencion termina libro asegurar autor proxima segunda parte fuere suerte mereciere gusto lector aprobacion aplauso prometo sacar breve espacio resta queda,https://ww3.lectulandia.co/book/varia-fortuna-del-soldado-pindaro/,Aventuras,2026-09-10T17:09:54
27,ze,['francisco narla'],"['aventuras', 'intriga', 'novela']",,hielo viento dhumbria lugar remoto oscuro rodeado mar engulle intentan abandonarlo hombres llevan historia tatuada piel ze humilde pescador regresado montañas azules unico proposito vengar muerte amada dispuesto derrotar mismisimo gobernador reino terribles criaturas ze lucha misteriosa figura cruza camino embargo aliados guardan propios peligrosos secretos fantastica odisea hombre capaz vida amor epica historia aventuras inspirada miticas leyendas marineros norte,https://ww3.lectulandia.co/book/ze/,Aventuras,2026-09-10T17:09:56
28,sueño astronomia luna,['johannes kepler'],"['astronomia', 'aventuras', 'ciencia ficcion', 'historia', 'novela', 'referencia']",,traduccion obra humanista fundador ciencia moderna xvi johannes kepler escrita originalmente latin sueño astronomia luna johannes kepler padres fundadores ciencia moderna narra viaje imaginario satelite tierra protagonista duracoto describe nuevos cielos traidos ciencia astronomo copernico viajero encuentra ciudades extraños pobladores cielo muestra aspecto movimientos diferentes terrestre kepler anota sabiduria astronomica pormenor historia,https://ww3.lectulandia.co/book/el-sueno-o-la-astronomia-de-la-luna/,Aventuras,2026-09-10T17:09:58
29,hazañas brigadier gerard trad amando lazaro ros,['arthur conan doyle'],"['aventuras', 'belico', 'historico', 'relato']",,simpatia admiracion romantica sir arthur conan doyle profesaba aventura imperial francesa quedado biografia napoleon the great shadow diecisiete esplendidos relatos protagonizados heroico jactancioso valiente humano excesivamente perspicaz etienne gerard oficial husares emperador primeros relatos gerard aparecen serie 1895 strand magazine reunen volumen titulado the exploits of brigadier gerard año siguiente ocho relatos integran presente seleccion ocho aventuras ritmo trepidante imaginacion intriga humor ironia ambientadas magistralmente gracias gran conocimiento conan doyle epoca guerras napoleonicas sorprenda lectores punto vista autor ofrece campañas ejercito napoleonico españa primer imperio frances general cuenta ambito español guerra napoleonica españa contempla pugna ejercitos ingles frances confrontacion resistencia interior guerrilleros españoles contribuye labor desgaste expulsion ejercito frances invasor,https://ww3.lectulandia.co/book/las-hazanas-del-brigadier-gerard-trad-amando-lazaro-ros/,Aventuras,2026-09-10T17:10:00
30,don quijote mancha 2a edicion iv centenario,['miguel cervantes'],"['aventuras', 'novela', 'satira']",,años 2015 2016 confluyen aniversarios cervantinos celebracion iv centenario publicacion segunda parte quijote 2015 seguira 2016 conmemoracion iv centenario muerte miguel cervantes ocurrio decada academias lengua española unen celebracion reedicion clasico universal dirigida ambito hispanohablante edicion cuenta nuevo prologo escrito dario villanueva director real academia española rae presidente asociacion academias lengua española asale especialmente ocasion completa glosario formado siete mil palabras locuciones frases proverbiales refranes explicados significado preciso texto cervantino primera edicion quijote convirtio gran exito ventas precedentes obra clasica millones ejemplares distribuidos españa america convirtieron difundida historia conseguir caracter divulgativo orientacion publico diverso especializado contribuyen especialmente notas contextualizadoras obra preparadas francisco rico incluyen serie estudios complementarios escritos principales expertos gran libro cervantino mario vargas llosa analiza modernidad quijote novela siglo xxi francisco ayala reflexiona construccion personajes novela invencion quijote martin riquer analiza obra contexto biografico autor cervantes quijote parte jose manuel blecua quijote historia lengua española guillermo rojo cervantes modelo linguistico jose antonio pascual registros linguisticos quijote distancia ironica realidad margit frenk oralidad escritura lectura claudio guillen cauces novela cervantina perspectivas dialogos abordan distintos aspectos relacionados lengua española obra cervantina une ocasion actual director rae dario villanueva querido aprovechar oportunidad oro ofrece nueva salida edicion explicacion explicacion porques alto reconocimiento quijote obtenido fecha publicacion palmaria modernidad recordar quijote obra elegida 2002 novela tiempos busca tiempo perdido proust guerra paz tolstoi encuesta realizada asociacion escritores suecia cien autores mundo,https://ww3.lectulandia.co/book/don-quijote-de-la-mancha-2a-edicion-del-iv-centenario/,Aventuras,2026-09-10T17:10:03
31,marca roja,['charles alden seltzer'],"['aventuras', 'novela']",biblioteca oro azul,autentico vaquero juventud seltzer considerado mejores escritores novelas oeste libros llevadas cine peliculas salvo rodaron epoca cine mudo continuo escribiendo muerte 1942,https://ww3.lectulandia.co/book/la-marca-roja-2/,Aventuras,2026-09-10T17:10:05
32,assassins creed origins desert oath,['oliver bowden'],"['aventuras', 'historico', 'novela']",assassins creed,egipto 70 ac asesino despiadado acecha tierra mision encontrar destruir ultimos miembros orden antigua medjay erradicar linea sangre pacifica siwa protector ciudad abruptamente dejando hijo adolescente bayek preguntas propio futuro sentido proposito sabe debe cumplir bayek sale busca respuestas viaje lleva nilo atraviesa egipto confusion enfrentando peligros misterios camino medjay,https://ww3.lectulandia.co/book/assassins-creed-origins-desert-oath/,Aventuras,2026-09-10T17:10:07
33,mision paris,['arturo perezreverte'],"['aventuras', 'historico', 'novela']",aventuras capitan alatriste,vuelve capitan alatriste nueva esperada entrega serie novelas aventuras cambio forma leer entender siglo oro sonaba medianoche relojes paris entraron puerta saintjacques cuatro jinetes seguros trote firme caballos medianoche iñigo balboa forma parte correos reales rey catolico aguarda expectante llegada capitan alatriste francisco quevedo sebastian copons paris encuentra entregar despachos conde guadalmedina año reunen acabo arriesgada encomienda afrontar venecia tiempos complejos francia meses hugonotes rochela apoyo ingles viviendo duro asedio parte fuerzas francesas ordenes cardenal richelieu mediacion quevedo alatriste amigos envueltos peligrosa mision secreta ideada condeduque olivares vez objetivo magnitud aventura enfrentan cambiar curso acontecimientos critica dicho gusta perezreverte recuerda dumas salgari umberto eco escritor agallas conseguido doble milagro personajes hablen leamos hablaban larga vida capitan alatriste manuel rivas pais agradecera reverte entrar lectores literatura historia cautivandolos narraciones apasionantes francisco rico capitan alatriste escrito brillantez contagioso entusiasmo genero intenta revivir janet maslin the new york times espadachin tiempo times literary supplement,https://ww3.lectulandia.co/book/mision-en-paris/,Aventuras,2026-09-10T17:10:09
34,persiguiendo estrellas,['sarah lark'],"['aventuras', 'historico', 'novela', 'romantico']",mujeres hard,lucharon alcanzar sueños lograr imposible escocia finales siglo xix jovenes primas noble clan hard grandes aspiraciones ailis apasionada estudio estrellas donella sueña viajar globo aerostatico haily ambiciona alcanzar fama escenarios juntas parten saint leonards primera escuela femenina escocia prepara alumnas estudien carrera desean avispada leal emily padres sirvientes criado primas acompaña internado mundo parece abrirse sinfin posibilidades cuatro jovenes giro inesperado destino golpea deben emprender caminos separados,https://ww3.lectulandia.co/book/persiguiendo-las-estrellas/,Aventuras,2026-09-10T17:10:12
35,buscando oso,['hannah gold'],"['aventuras', 'infantil', 'juvenil', 'novela']",ultimo oso,llegarias amigo april wood vuelto casa aventura svalbard oso polar recibe disparo convencida amigo oso emprende padre nuevo viaje confines artico corre peligro pequeño osezno conseguira april afrontar miedos adentrarse tundra artica salvarlo,https://ww3.lectulandia.co/book/buscando-a-oso/,Aventuras,2026-09-10T17:10:13
36,corazon norte,['william byron mowery'],"['aventuras', 'novela']",biblioteca oro azul,corazon norte heart of the north william byron mowery novela clasica aventuras ambientada salvajes territorios norte canada yukon epoca fiebre oro protagonista joven prospector david r harding lucha sobrevivir encontrar oro ganarse respeto entorno hostil lidiando naturaleza codicia amor explorando temas perseverancia dureza vida fronteriza,https://ww3.lectulandia.co/book/corazon-del-norte/,Aventuras,2026-09-10T17:10:16
37,totem,['armando cuevas calderon'],"['aventuras', 'ciencia ficcion', 'novela']",,totem novela aventuras intriga leyendas respiran fantasmas selva sientan hoguera hombres corazones oscuros hijo magnate ingles desaparecido rincon explorado amazonas diego santamaria arqueologo desprestigiado aceptara encargo buscarlo mision turbia peligrosa representa oportunidad cumplir sueño vida encontrar ruinas ciudad legendaria expedicion formaran variopinto grupo dispuesto adentrarse territorio ignoto salvaje importarles riesgos sospechar codicia humana mayor enemigos ira ancestrales dioses habitan amazonas,https://ww3.lectulandia.co/book/totem/,Aventuras,2026-09-10T17:10:18
38,71 dias,['javier casis'],"['aventuras', 'intriga', 'novela', 'policiaco']",pastiches sherlock holmes,71 dias aventura sherlock holmes desarrolla madrid segunda quincena mayo primera junio año 1906 holmes watson acaban regresar casa fulworth culminar aventura baskerville hall señora hudson entrega detective correspondencia pendiente media docena cartas encuentra monarca eduardo vii contiene invitacion boda dia 31 mayo contraeran matrimonio madrid sobrina victoria eugenia battenberg alfonso xiii comun acuerdo pareja detectives propio monarca ingles decide watson acompañado esposa irene asistan ceremonia salir comitiva iglesia san jeronimo mateo morral arroja bomba balcon calle mayor causa gran numero muertos heridos esposa watson encuentra irene desaparecido pista posible paradero holmes acude madrid apoyar amigo llegada inicia desesperada busqueda entorpecida existencia capital españa asesino serie estrangular victimas arranca rostro precision quirurgica,https://ww3.lectulandia.co/book/71-dias/,Aventuras,2026-09-10T17:10:20
39,viaje centro tierra ed clasicos medida,['julio verne'],"['aventuras', 'juvenil', 'novela']",clasicos medida,viaje centro tierra segunda aventura imaginada julio verne larga serie cincuenta entregas escribiendo vida duda verne espiritu aventurero necesitaba salir vez darse vuelta ocasion escritor frances encarna partida doble persona profesor lidenbrock excentrico cientifico aleman sobrino axel joven huerfano aprendiz geologo vive proteccion objetivo aventura une demostrar llegar mismisimo centro tierra siguiendo huellas arne saknussemm antiguo escritor siglo xvi investigador viajero dejo manuscrito secreto claves realizar expedicion argumento verne arrastra historia descabellada aventuras continuas sorpresas ponen prueba limite protagonistas historia narrada axel escribe compartir recuerdos aventura especie diario viaje propia obra mezcla realidad ficcion entregado publicacion entregas semanales grandisimo exito lectores viajes fascinantes literatura edicion adaptada facilitar lectura,https://ww3.lectulandia.co/book/viaje-al-centro-de-la-tierra-ed-clasicos-a-medida/,Aventuras,2026-09-10T17:10:23
40,lazarillo tormes ed clasicos medida,['anonimo'],"['aventuras', 'juvenil', 'novela', 'satira']",clasicos medida,lazaro hijo ladron acemilero queda huerfano salamanca servicio diferentes amos ciego hidalgo arruinado clerigo avaricioso fraile merced buldero farsante etc ejercera oficios permiten narrador realizar satira diferentes estamentos sociedad epoca reflexionar ironia tema honra edicion adaptada jovenes lectores novela picaresca origen modelo genero,https://ww3.lectulandia.co/book/lazarillo-de-tormes-ed-clasicos-a-medida/,Aventuras,2026-09-10T17:10:26
41,desenmascarados,['gustave rouge'],"['aventuras', 'fantastico', 'intriga', 'novela']",misterioso doctor cornelius,aventuras misterioso doctor cornelius duda obras maestras novela negra popular belle epoque rouge mezcla intriga vision cientifica universo novelistico gran originalidad nueva york bretaña gran oeste americano isla ahorcados pluma rouge lleva lector lugares asombrosos misteriosos enigmaticos chocan concepciones antagonicas mundo encarnada cientifico frances prosper bondonnat investigaciones centran unicamente añadir piedra radiante edificio modernidad malvado doctor cornelius kramm cirujano plastico estadounidense escultor carne humana inventor carnoplastia obsesion esencialmente dinero,https://ww3.lectulandia.co/book/desenmascarados/,Aventuras,2026-09-10T17:10:28
42,legado reina cuervo,['isa j gonzalez'],"['aventuras', 'fantastico', 'juvenil', 'novela']",,joven ansia libertad principe rechazado imperfeccion compromiso lleno secretos magia feerica finn maldito capaz tocar sombras seres negruzcos peligrosos persiguen desaparicion hermano unico ansiado finn liberarse barrotes hogar yugo padre llega nuada callaghan principe clan lejano ofrece salida situacion duda aceptar propuesta ultimo espera finn comprometerse matrimonio principe adentrarse tierra folklore tradiciones olvidadas seno clan callaghan descubrira misterios magia mundo conocera calidez familia amor organizacion amenaza destruir felicidad finn encontrado nuevo hogar descansaran conseguir objetivo dejate hechizar novela magia romance hadas diosas celtas,https://ww3.lectulandia.co/book/el-legado-de-la-reina-cuervo/,Aventuras,2026-09-10T17:10:30
43,odisea ed clasicos medida,['homero'],"['aventuras', 'juvenil', 'novela']",clasicos medida,odisea poeta griego homero poemas epicos importantes occidente historia narra viaje regreso heroe odiseo patria isla itaca participacion guerra troya travesia llena peligros aventuras odisea metafora viaje vida clasico universal,https://ww3.lectulandia.co/book/odisea-ed-clasicos-a-medida/,Aventuras,2026-09-10T17:10:33
44,torre febril,['gustave rouge'],"['aventuras', 'fantastico', 'novela']",misterioso doctor cornelius,aventuras misterioso doctor cornelius duda obras maestras novela negra popular belle epoque rouge mezcla intriga vision cientifica universo novelistico gran originalidad nueva york bretaña gran oeste americano isla ahorcados pluma rouge lleva lector lugares asombrosos misteriosos enigmaticos chocan concepciones antagonicas mundo encarnada cientifico frances prosper bondonnat investigaciones centran unicamente añadir piedra radiante edificio modernidad malvado doctor cornelius kramm cirujano plastico estadounidense escultor carne humana inventor carnoplastia obsesion esencialmente dinero,https://ww3.lectulandia.co/book/la-torre-febril/,Aventuras,2026-09-10T17:10:35
45,sopla viento desierto,['william corcoran'],"['aventuras', 'novela']",biblioteca oro azul,ardientes confines desierto viento levanta remolinos arena noches llenan misteriosos silencios desarrolla historia valor amistad aventura sopla viento desierto autor william corcoran conduce lector traves emocionante travesia tierras lejanas jornada trae nuevos peligros desafios caravanas avanzan lentamente sol implacable oasis surgen promesa descanso protagonistas enfrentarse intrigas persecuciones pruebas pondran prueba temple desierto vasto majestuoso convierte escenario hazañas memorables ingenio valentia necesarios agua cantimplora narrada brio elegancia propios novelas aventuras clasicas obra invita lector dejarse llevar soplo viento desierto compartir empresa honor lealtad brillan luz propia,https://ww3.lectulandia.co/book/sopla-viento-del-desierto/,Aventuras,2026-09-10T17:10:37
46,caiga luna,['sarah parker'],"['aventuras', 'fantastico', 'novela']",caida lunar,creadores esperaron queridos dragones llegar fin ascendieran cielostampoco enroscaran forma esfera gravedad alcanzarlos llenaran firmamento tumbas lunas esperaron cayeran asesina rebelde objetivo raeve cumplir mision atrapen embargo cazarrecompensas rival añicos realidad joven prisionera gremio nobles organizacion elementales poderosos pretenden jemplo muerte podra liberarla devastado terrible perdida jinete dragon kaan vaegor decapito rey puso corona derretida busqueda incansable reunir fragmentos lunares conduce prision ciudad topa raeve encadenada rabia mirada sangre manos juntos deberan descubrir verdad amenaza mundo desmorone,https://ww3.lectulandia.co/book/hasta-que-caiga-la-luna/,Aventuras,2026-09-10T17:10:39
47,cancha sol,['nora sakavic'],"['aventuras', 'distopia', 'fantastico', 'intriga', 'juvenil', 'novela']",all for the game,nombre jean moreau pertenezco moriyama jean moreau construido vida torno verdad recordatorio esperar merece roban universidad edgar allan venden amo peligroso debe acostumbrarse vida nido primera vez cinco años capitan jeremy knox afronta ultimo año troyanos ganar vez campeonato exy necesita contratar defensor pais hombre cuervo colapso evermore comienza sacar luz terribles secretos jean jeremy enfrentara coste victoria cancha sol inaugura trilogia jean moreau universo all for the game libro tierno brutal oscuridad enfrenta primera vez atisbo esperanza,https://ww3.lectulandia.co/book/la-cancha-del-sol/,Aventuras,2026-09-10T17:10:41
48,dama escabiosas,['gustave rouge'],"['aventuras', 'fantastico', 'intriga', 'novela']",misterioso doctor cornelius,aventuras misterioso doctor cornelius duda obras maestras novela negra popular belle epoque rouge mezcla intriga vision cientifica universo novelistico gran originalidad nueva york bretaña gran oeste americano isla ahorcados pluma rouge lleva lector lugares asombrosos misteriosos enigmaticos chocan concepciones antagonicas mundo encarnada cientifico frances prosper bondonnat investigaciones centran unicamente añadir piedra radiante edificio modernidad malvado doctor cornelius kramm cirujano plastico estadounidense escultor carne humana inventor carnoplastia obsesion esencialmente dinero,https://ww3.lectulandia.co/book/la-dama-de-las-escabiosas/,Aventuras,2026-09-10T17:10:42
49,playa tortugas,['hannah gold'],"['aventuras', 'infantil', 'juvenil', 'novela']",,crias peligro viaje corazon selva mision marcara vidas padre silver invitan centro conservacion tortugas costa rica familia decide instalarse meses calor sol tropical silver familia adaptan nueva vida santuario animales avistar tortuga laud anidando playa silver cuenta robado huevos acontecimientos giro peligroso podra silver proteger tortugas sanar heridas propia familia remedio adentrarse corazon selva,https://ww3.lectulandia.co/book/la-playa-de-las-tortugas/,Aventuras,2026-09-10T17:10:45
50,ayesha ed ilustrada,['h rider haggard'],"['aventuras', 'novela']",,veinte años pasado eventos ocurridos aventureros ingleses leo vincey profesor holly continuan enamorados terrible ayesha cautivados recuerdo reciben vision regresado reencarnada rincon remoto mundo esperanzados vision pudiera leo holly realizan viaje tibet enfrentan avalanchas tribus asesinas pasos montaña presencia alma pasado olvidado propios designios futuro esperada continuacion serie,https://ww3.lectulandia.co/book/ayesha-ed-ilustrada/,Aventuras,2026-09-10T17:10:48
51,irregulares baker street,['autores'],"['aventuras', 'intriga', 'policiaco', 'relato']",pastiches sherlock holmes,veces sucede secundario adquiera importancia propio protagonista personajes meramente anecdoticos caso irregulares baker street paradigma literatura sabemos aparte aspecto pilluelos dickensianos sherlock holmes utiliza policia oficial servicio mencionados primeras novelas canon sherlockiano componentes nombre wiggins simpson ocurriera temible profesor moriarty aparece relato nombrado personajes crecerian imaginacion aficionados extremo asociacion americana estudios sherlockianos llama precisamente irregulares baker street mencionar wiggins supuesto lider organizacion aparecera personaje importante conocidos pastiches holmesianos antologia carmen moreno coordina decena autores conspiran ofrecernos nuevos sorprendentes aspectos curiosa organizacion,https://ww3.lectulandia.co/book/los-irregulares-de-baker-street/,Aventuras,2026-09-10T17:10:51
52,valle prohibido,['william byron mowery'],"['aventuras', 'novela']",biblioteca oro azul,novela aventuras misterio ambientada noroeste canadiense policia montada canada misteriosas vastas soledades oeste americano civilizacion trazado huella ley hombre enfrenta fuerte alza majestuoso temido valle prohibido paraje rodeado abruptas montañas envuelto fama maldicion misterio guarda secretos osado desafiar joven jinete jim brent movido valor deseo justicia interna peligrosas tierras busca respuestas costarle vida cruces senderos inciertos emboscadas forajidos lucha encarnizada ambicion honor acompañan jornada mujer valiente bella faro guie espiritu oscuridad odio luz deber narrada brio inconfundible genuinas aventuras oeste valle prohibido historia coraje intriga redencion hombre mide destino estampido revolveres silencio solemne montañas,https://ww3.lectulandia.co/book/el-valle-prohibido/,Aventuras,2026-09-10T17:10:53
53,primer latido australia,['jose vicente alfaro'],"['aventuras', 'historico', 'novela']",,novela epica personajes inolvidables amores pasionales ambiciones desmedidas sueños inalcanzables destinos inciertos oscilaran sufrimiento esperanza australia nacio colonia penal finales siglo xviii carceles inglesas llenas rebosar reciente revolucion americana gobierno necesitaba buscar nuevo lugar deportar delincuentes convictos eligieron remota costa situada extremo mundo tierras reclamado capitan cook corona britanica tiempo absolutamente tiempo aborigenes australianos veran repentinamente peligrar supervivencia llegada hombre blanco asistiendo horror ocupacion tierras ancestrales jose vicente alfaro ofrece fiel descarnado retrato naciente colonia australiana vidas presos deportados colonos libres aborigenes entrelazaran forma inevitable impregnado magnificos escenarios conformados playas virgenes bosques tupidos llanuras semideserticas vive colonizacion australia contado,https://ww3.lectulandia.co/book/el-primer-latido-de-australia/,Aventuras,2026-09-10T17:10:56
54,juegos guerra,['len deighton'],"['aventuras', 'novela']",,nombre pat armstrong ocupacion oficial campo centro juegos estrategicos guerra regreso mision submarina seis semanas armstrong encuentra cosas cambiadas descubre vuelto construir vieja casa halla antiguas fotografias familia revelan rostro extraño accion obra desarrolla mundo espionaje casa remota montañas escocia suspense crece medio violencia incontrolada persecucion traves estrecho sendero acantilado alcanzar climax devastador hielos circulo polar artico,https://ww3.lectulandia.co/book/juegos-de-guerra-len-deighton/,Aventuras,2026-09-10T17:10:58
55,caballero siete reinos ilustrado,['george r r martin'],"['aventuras', 'fantastico', 'relato']",cancion hielo fuego cuentos dunk egg,nueva edicion primeras precuelas oficiales obra maestra george r r martin cancion hielo fuego 160 ilustraciones gary gianni mejores artistas fantasia tiempo maravillosa edicion transportara lectores mundo caballeria coraje peligro siete reinos siglo juego tronos heroes insolitos recorrieron poniente joven duncan alto ingenuo valiente caballero errante sobresale rivales estatura experiencia acompaña diminuto escudero muchacho llamado egg debe mantener secreto verdadera identidad crucen camino esperado inesperados compañeros convertidos heroes destino reservado camino plagado poderosos enemigos intrigas palaciegas hazañas leyenda,https://ww3.lectulandia.co/book/el-caballero-de-los-siete-reinos-ilustrado/,Aventuras,2026-09-10T17:11:00
56,cazador desierto,['lorenzo silva'],"['aventuras', 'juvenil', 'novela']",trilogia getafe,irene primera clase chica sensata control dicho haria migas jose maria nuevo alumno solitario corrosivo irene cultivara amistad averiguara jose maria odia nombre prefiere llamen orens lawrence arabia descubrira unico odia desierto,https://ww3.lectulandia.co/book/el-cazador-del-desierto/,Aventuras,2026-09-10T17:11:02
57,hijo furia,['edison marshall'],"['aventuras', 'novela']",,historia benjamin blake hijo ilegitimo noble desarrolla contexto batallas legales amor benjamin enfrenta tio sir arthur blake valer derechos heredero largo pelicula benjamin enamora prima isabel indigena llamada eva trama combina elementos drama aventuras romance ofreciendo experiencia visual emocional perdurado largo años pelicula 1952 conocida drama aventuras cuenta elenco incluye tyrone power gene tierney frances farmer,https://ww3.lectulandia.co/book/el-hijo-de-la-furia/,Aventuras,2026-09-10T17:11:04
58,trono cristal coleccion completa,['sarah j maas'],"['aventuras', 'fantastico', 'novela']",trono cristal,celaena sadothien chica diecisiete años vida acorde chica edad celaena asesina sueldo conocida epoca piensa trampa acaba traicionada capturada encerrada minas reino años años trabajos forzados dorian principe endovier convoca celaena campeona rey asesina acepta vencer veintitres asesinos ladrones guerreros convertirse campeona real,https://ww3.lectulandia.co/book/trono-de-cristal-la-coleccion-completa/,Aventuras,2026-09-10T17:11:07
59,imperio llamas,['lucia cerezo'],"['aventuras', 'fantastico', 'novela']",fenix dragon,huye muerte viene salvarte eda persona pramvera misterio siquiera temido emperador dalton basilius batallas sangre fuerza fenix cambiado embargo sombras oscuridad muerte esconden monstruos conoce intente desamar imperio fuego azul segunda entrega saga fenix dragon vuelven fantasia poderosa magia envolvente acompañadas pasion feroz cambiar rumbo imperio atreves arriesgar corazon,https://ww3.lectulandia.co/book/imperio-en-llamas/,Aventuras,2026-09-10T17:11:09
60,mago oz ed clasicos medida,['lyman frank baum'],"['aventuras', 'fantastico', 'infantil', 'novela']",clasicos medida,mago oz cuento infantil norteamericano leido traducido lenguas libros favoritos niños paises historia cuenta viaje fantastico dorothy camino adoquines amarillos ciudad esmeralda compañeros espantapajaros leñador hojalata leon cobarde busca mago oz alejado argumentos tradicionales cuentos populares guarda mensaje propugnar frente verdad frente falsedad enseñar inteligencia bondad esfuerzo valor solidaridad deben cualidades niños adolescentes poseer llegar adultos ejemplares siguiendo normas coleccion clasicos medida obra presentamos traduccion adaptacion original ingles caso dada breve extension conservan practicamente integros argumento sentido autor quiso darle obra,https://ww3.lectulandia.co/book/el-mago-de-oz-ed-clasicos-a-medida/,Aventuras,2026-09-10T17:11:11
61,festin cuervos ed ilustrada,['george r r martin'],"['aventuras', 'fantastico', 'novela']",cancion hielo fuego,desea corazon pregunto arianne entrecerrando ojos venganza hablaba voz baja temiera pudieran oirlo justicia campos batalla llenos fantasmas lugubres fortalezas ruina ciudades convertidas cementerios tierras reducidas osarios guerra cinco reyes toca fin casa lannister aliados parecen salido victoriosos embargo remueve entrañas siete reinos cuervos forma humana festin cenizas forjan nuevas alianzas complots paz rey aparentemente consolidada fuerzas inesperadas preparan lanzar ataque sangriento hombres hierro liderados ojo cuervo herederos culto olvidado atacan suroeste obligando trono hierro enfrentarse desafio precedentes brumas recuerdo enterrado profecia siniestra amenaza soberania reina cersei,https://ww3.lectulandia.co/book/festin-de-cuervos-ed-ilustrada/,Aventuras,2026-09-10T17:11:14
62,ed ilustrada,['h rider haggard'],"['aventuras', 'novela']",,imaginativa maravillosa aventura creada haggard empieza leo holly descifran mensaje envia antigua princesa egipcia amenartas misterioso viaje descubren extraño terrible fascinante simbolo eterna juventud permanencia tiempo alegoria eterno retorno melancolica reflexion dureza mundo cruel invita precisamente eternizarse mundo holly curioso atisbo existencialista demostrado nido suave invite quedarte,https://ww3.lectulandia.co/book/ella-ed-ilustrada/,Aventuras,2026-09-10T17:11:15
63,hija amon,['h rider haggard'],"['aventuras', 'fantastico', 'novela']",,magia antiguo egipto secretos sacerdotesiniciados presencia constante espiritus ka doble eterico misterios muerte afloran instante hija amon hija amon novelas fantasticas apasionantes rider haggard celebre autor she ayesha minas rey salomon,https://ww3.lectulandia.co/book/la-hija-de-amon/,Aventuras,2026-09-10T17:11:17
64,manzanas oro,['baltasar porcel'],"['aventuras', 'drama', 'novela']",,novela dinamismo solar inquietante plagada exaltacion sensual crueldad ambicion manzanas oro vuelve impetu fuentes genero aventura fin fuga poetica reflexion existencial reflexion constituya realidad manifestacion violenta amoralidad poesia nazca panteismo par glorioso barbaro aventura fondo lucha cuartel hombre hombre mistica busqueda santo grial misterioso caliz redentor literatura medieval musica wagner sirve simbolica pauta deslumbrante relato extiende alucinantes estertores trafico esclavos encantadas brumas baviera rey loco pasando selvas costa marfil espejismo veneciano arida palestina azotada vesanico herodes grande novela insolita actual panorama español cuenta polemica originalidad fuerza lenguaje afilado exuberante tiempo sensorial riqueza,https://ww3.lectulandia.co/book/las-manzanas-de-oro/,Aventuras,2026-09-10T17:11:19
65,misterio caja bethel,['concepcion perea'],"['aventuras', 'fantastico', 'novela']",,misterio caja bethel folletin ambientado barcelona finales siglo xix ecos steampunk acompaña intrepido felix goggleston bella enigmatica katsia aventura igual esconde misterio peligro reencuentro personaje pasado felix goggleston empresario cara galeria agente secreto realidad acude noche noche bar llamado seis copas cautivado organo proporciona musica local noche sucederan cosas normal primero felix encuentra vieja amiga katsia preciosa cautivadora rusa relacionada alta sociedad joven tutora hijas zar presencia fornidos guardaespaldas antro dudosa reputacion misterio segundo hablan pasado interrogan discrecion presencia lugar salome bailarina principal espectaculo desmaya escena provoca incendio afortunadamente quedara susto felix encaprichado organo hydraulis decide volver dia siguiente comprobar instrumento sigue intacto embargo preparado descubrir significara extraño aparato musical vida rodean,https://ww3.lectulandia.co/book/el-misterio-de-la-caja-bethel/,Aventuras,2026-09-10T17:11:21
66,imperio fuego azul,['lucia cerezo'],"['aventuras', 'fantastico', 'novela']",fenix dragon,sangre fenix corazon dragon cuatro años enigmatico barco proveniente imperio maldito pramvera llega valdemar demandando cinco mortales llevados desconocidas tierras eda bibliotecaria pequeño pueblo encontrado refugio paginas libros antiguos historias temibles demonios bestias custodian pramvera eda hermano reclutados embarcan pramvera sumergen corazon misterio desafia tejido realidad dalton basilius ultimo jinete temido emperador gobierna imponente dragon embargo imperio desprovisto compañia seres antiguos poderosos habitan territorio aguardando momento encontrarse jinetes ira peligrosa oculta buen corazon,https://ww3.lectulandia.co/book/imperio-de-fuego-azul/,Aventuras,2026-09-10T17:11:24
67,tapiz tiempo,"['barbara montes', 'juan gomezjurado']","['aventuras', 'infantil', 'intriga', 'juvenil', 'novela']",amanda black,final principio caemos segundos esperaba fin estrello suelo eric cae gritando miro empujon suave quite suponia mision sencilla aburrida colarme museo robar reliquia magica pan comido debe salido edificio encontramos plena naturaleza noche anocheciendo posible fuerte creo pasado eric ojos abiertos viajado tiempo,https://ww3.lectulandia.co/book/el-tapiz-del-tiempo/,Aventuras,2026-09-10T17:11:26
68,lujuria libro 1,['eva muñoz'],"['aventuras', 'erotico', 'novela', 'policiaco']",pecados placenteros,llama vuelve encenderse vez quemara rachel james dejar vida salvar ama renunciando importaba colegas carrera familia largos años pasado destino toca puerta quiere enfrente depara importante cargo juego teniente debe prepararse nuevo duelo coronel morgan hombre pecar lider mafia italiana antoni mascherano unicas amenazas tercera carta cae mesa caos empieza despertarse nuevos peligros salen luz pasiones creian sepultadas nuevos amores conflictos complots jugarretas poner vilo mafia milicia saga pecados placenteros continua candente nueva entrega lascivia paso latente lujuria demuestra tiempo cura amores insanos perjudiciales intensos,https://ww3.lectulandia.co/book/lujuria-libro-1/,Aventuras,2026-09-10T17:11:28
69,biblioteca niebla,['kai meyer'],"['aventuras', 'historico', 'novela', 'romantico']",,epoca convulsa manuscrito secreto historia amor trasciende tiempo maravillosa novela historica evoca magia libros san petersburgo 1917 joven bibliotecario artur schneider huye revolucion llevando manuscrito poner peligro vidas personas destino leipzig ciudad libros legendario barrio grafico quiere volver gran amor mara prometida hijo rico editor costa azul niza 1928 pequeña liette encuentra atico hotel chateau trois graces polvorientas maletas olvidadas familias rusas visitaban verano hotel asesinadas revolucion interior descubre antiguo libro misterioso candado treinta años piezas pasado volveran encajar vez descubren rastro bibliotecario llego leipzig años villa abandonada mar misteriosa biblioteca envuelta niebla,https://ww3.lectulandia.co/book/la-biblioteca-de-la-niebla/,Aventuras,2026-09-10T17:11:31
70,zafiro,['w mason'],"['aventuras', 'novela']",biblioteca oro azul,novela zafiro the sapphire w mason aventura exotica trata capitan britanico michael crowther abandona esposa birmana valiosa joya zafiro arrepentirse regresar encuentra familia alcance monje budista zafiro termina adornando templo robado pone marcha aventura encontrarlo resumen novela aventuras ambientada oriente centrada busqueda gema robada clave historia personal protagonista mezclando romance desercion misterio exotico escenario colonial,https://ww3.lectulandia.co/book/el-zafiro/,Aventuras,2026-09-10T17:11:32
71,templo olvidado,"['barbara montes', 'juan gomezjurado']","['aventuras', 'infantil', 'intriga', 'juvenil', 'novela']",amanda black,final principio encontrar eric necesito saber dejarlo modos esperanzas vivo imaginabamos mision peligrosa lord thomsing aviso hombres irma dagon movimientoy acercandose peligrosisimo espiritu escondido medio jungla protegido tribus ancestrales poderosas embargo advertencia benson presentimiento separabamos preocupo amigo buena razon instantes sabiamos planes salir,https://ww3.lectulandia.co/book/el-templo-olvidado/,Aventuras,2026-09-10T17:11:34
72,carmen sandiego,['rebecca tinker'],"['aventuras', 'infantil', 'novela']",carmen sandiego,crees conocerla equivocas emocionante aventura basada serie animada netflix carmen cuenta primera vez propia historia fascinante llena accion mundo entero lleva años preguntandose carmen sandiego criminal infame ladrona escurridiza vestida rojo astuta especializada misiones imposibles carmen paso eternos perseguidores agencia detectives acme interpol emocionante aventura dama gabardina sombrero carmesi descubrira fin trepidantes origenes identidad misteriosa ladrona descubierto,https://ww3.lectulandia.co/book/quien-es-carmen-sandiego/,Aventuras,2026-09-10T17:11:36
73,regreso estrellas,"['edmond hamilton', 'leigh brackett']","['aventuras', 'ciencia ficcion', 'novela']",barsoom recopilatorio,recopilatorio 4 historias edmond hamilton reyes estrellas orillas infinito estrellas rotas horror magallanes contunuacion novela reyes estrellas ofrece ultima historia vez escrita matrimonio edmond brackett leigh brackett stark reyes estrellas inusual escribieron juntos salvo excepcion,https://ww3.lectulandia.co/book/regreso-a-las-estrellas/,Aventuras,2026-09-10T17:11:38
74,hija capitan ed b oro,['aleksandr pushkin'],"['aventuras', 'historico', 'novela']",,hija capitan pushkin narra historia joven oficial piotr griniov enviado fortaleza tiempos rebelion pugachov enamora maria hija capitan viendose envueltos guerra traicion shvabrin clemencia inesperada pugachov salva griniov debe rescatar maria matrimonio forzado traidor culminando intercesion maria zarina salvar griniov ejecucion explorando temas honor amor lealtad medio agitacion historica,https://ww3.lectulandia.co/book/la-hija-del-capitan-ed-b-oro/,Aventuras,2026-09-10T17:11:39
75,game over,['javier ikaz'],"['aventuras', 'ciencia ficcion', 'intriga', 'novela']",,año 1984 afueras bilbao ava amigos pasan aburridos verano planes emocionantes vacaciones vuelco noche san juan grupo niños descubre bunker abandonado guerra civil artefacto extraño identificar saben telefono movil existiran siglo xxi hallazgo imposible desata serie acontecimientos extraños comenzaran investigar alternando yoes niños adultos ava amigos enfrentaran lucha salvar mundo amenaza oculta realidad espera decadas sueños infancia quedado dado juego vida terminado,https://ww3.lectulandia.co/book/game-over/,Aventuras,2026-09-10T17:11:41
76,hija capitan tr ricardo san vicente,['aleksandr pushkin'],"['aventuras', 'historico', 'novela']",,piotr andreyevich llega fiel criado savelich fortaleza belogorskaya enamora maria ivanovna hija capitan culpa interpretacion poema piotr bate duelo alexei ivanich shvabrin sale parado amenaza posible incursion pugachov fortaleza prepara militarmente asalto piotr libra suerte horca pugachov queda fortaleza joven andreyevich recibe aviso servir militarmente oremburgo vez entera maria hecha prisionera obligarla casarse shvabrin piotr liberarla juzgaran abandonar puesto apoyar supuestamente traidor final moderadamente feliz interviene hija capitan propia emperatriz,https://ww3.lectulandia.co/book/la-hija-del-capitan-tr-ricardo-san-vicente/,Aventuras,2026-09-10T17:11:43
77,cristalian españa,['beatriz bernal'],"['aventuras', 'novela']",,don cristalian españa historia invitos magnanimos cavalleros don cristalian españa principe trapisonda infante luzescanio hermano hijos famosissimo emperador lindedel trapisonda publicada primera vez 1545 constituye primera novela caballerias publicada mujer españa convirtiendo autora beatriz bernal primera novelista española conocida dividida cuatro partes narra aventuras caballeros cristalian luzescanio hijos lindedel caballeros multiples personajes novela coral,https://ww3.lectulandia.co/book/cristalian-de-espana/,Aventuras,2026-09-10T17:11:46
78,hechicero,['h rider haggard'],"['aventuras', 'novela']",,relato apasionante fe embates supersticion profundo misteriosa selva africana encuentra tribu permitido presencia hombre blanco tierras joven clerigo seguro inspirado dios traslada remota aldea llevar palabra salvador feroces salvajes fe presencia animo llevan terrible prueba ayudandole obtener victoria deseada manera consigue forma tema central interesante novela debemos pluma autor aventuras allan quatermain,https://ww3.lectulandia.co/book/el-hechicero-h-rider-haggard/,Aventuras,2026-09-10T17:11:48
79,leon petra,['talbot mundy'],"['aventuras', 'novela']",,desierto pie guerra unica esperanza autoridades britanicas james grim carismatico oficial servicio secreto celebre cosas manera aventurero reune equipo peculiar falso derviche pasar medico sij joven beduina aficionada venenos cuatro guardias lealtad fluctuante espia arabe sueldo bandos famoso ali baba celebre banda ladrones leon petra novela aventuras antigua usanza emocion raudales personajes inolvidables vidas limite enredos fin entornos naturales fascinantes,https://ww3.lectulandia.co/book/el-leon-de-petra/,Aventuras,2026-09-10T17:11:50
80,minas rey salomon ed ilustrada,['h rider haggard'],"['aventuras', 'novela']",allan quatermain,fines siglo xix tierra africa parte inexploradas ofrecian escenario ideal situar aventuras exoticas coloco henry rider haggard allan quatermain cazador elefantes enrolado viaje erizado peligros dificultades busca portentosas minas rey salomon sucesion peligros ocasionados naturaleza fieras nativos entienden idolatria blancos piedras interpondran camino surge pregunta esencial civilizacion materialista obsesionada dinero fondo salvaje tribus belicosas perdidas corazon naturaleza,https://ww3.lectulandia.co/book/las-minas-del-rey-salomon-ed-ilustrada/,Aventuras,2026-09-10T17:11:52
81,canoa fantasma,['william byron mowery'],"['aventuras', 'novela']",biblioteca oro azul,canoa fantasma william byron mowery novela aventuras ambientada bosques rios salvajes norteamerica centrada lucha personajes jim padre sobrevivir defender territorio misteriosa canoa fantasma aparece desaparece movida presencia espectral convierte leyenda local aterroriza tramperos comerciantes desatando trama peligro engaño enfrentamientos tribus indigenas enemigos codiciosos busca verdad espectro agua defiende hogar naturaleza indomita mowery usando conocimiento entorno crear atmosfera tension misterio,https://ww3.lectulandia.co/book/la-canoa-fantasma/,Aventuras,2026-09-10T17:11:54
82,mil aventuras,"['ambrose bierce', 'arthur conan doyle', 'bram stoker', 'daniel defoe', 'edgar allan poe', 'gilbert keith chesterton', 'h g wells', 'herman melville', 'howard pyle', 'jack london', 'joseph conrad', 'mark twain', 'robert howard', 'robert louis stevenson', 'rudyard kipling', 'autores', 'william hope hodgson']","['aventuras', 'relato']",,mejores relatos aventuras aparecidos valdemar 19872003 narrativa aventuras diferencia literatura fantastica terror abunda relatos breves preferido origenes homericos extension novela narrar diferentes menudo insolitas exoticas peripecias heroe vuelta viaje iniciatico volvera crecera interiormente obstante preferencia relato largo determinados autores escritores anglosajones aventuras vivieron caballo xix xx sirvieron cuento novela corta contar modo prolijo puntual andanzas heroe mil aventuras reune mejores relatos aventuras publicados largo dieciseis años diferentes colecciones valdemar particular club diogenes avatares antologia recoge cuentos autores kipling stevenson conrad melville ampliamente reconocidos literatura general relatos autores conocidos valorados dedicacion literatura popular conan doyle wells bierce recopilacion incluye narraciones billy budd melville gaspar ruiz conrad hombre reinar kipling extension considerarse novelas breves debido tension argumenta habitualmente leen tiron resto relatos contiene rey piratas daniel defoe trad francisco torres oliver escarabajo oro edgar allan poe mauro armiño billy budd herman melville jr hernandez arias extraña experiencia mark twain rafael santervas caso zanja coulter ambrose bierce jose luis morenoruiz empalizada roja bram stoker oscar palmer yañez historia joven pasteles crema r l stevenson jose luis morenoruiz rubi kishmoor howard pyle jose maria nebreda gaspar ruiz joseph conrad fernando jadraque brigadier gano medalla arthur conan doyle amando lazaro ros hombre reinar rudyard kipling fernando jadraque discreto contrabando capitan bierce g k chesterton jose luis morenoruiz descubrimiento graiken william hope hogson jose maria nebreda silencio blanco jack london jimmy goggles dios h g wells rafael diaz santander hombre oscuro robert howard santiago garcia,https://ww3.lectulandia.co/book/mil-y-una-aventuras/,Aventuras,2026-09-10T17:11:57
83,silencios atlantico,['elias meana'],"['aventuras', 'historico', 'novela']",narrativa maritima,silencios atlantico novela recoge encubierta cooperacion connivencia regimen franco determinados buques mercantes españoles mantuvieron marina guerra alemana kriegsmarine largo segunda guerra mundial suministrando combustible avituallamientos submarinos alemanes operaban atlantico hechos relatan vividos capitan español emilio ballvona refugiado unidos mando mercante estadounidense galveston bay participo atlantic silences operacion secreta aliados desarrollaron fin hacerse maquinas marina hitler utilizaba encriptacion radiocomunicaciones famosas enigma,https://ww3.lectulandia.co/book/los-silencios-del-atlantico/,Aventuras,2026-09-10T17:11:59
84,tifon historias,['joseph conrad'],"['aventuras', 'drama', 'relato']",,acababa escribir ultimas intentaba algun argumento pudiera desarrollado mayor brevedad vino memoria incidente vapor navegaba atestado culis singapur algun puerto china septentrional capitan macwhirr protagonista tifon adquisicion horas semanas meses fruto veinte años vida propia vida confieso preciso tifon relato tifon vivido persona identico comentario extender historias volumen experiencia lienzo cuadro aspiraba pintar alberga multiples intenciones escritas escrupulosa fidelidad verdad propias sensaciones escrito intencion invariable cautivar atencion lector fronteras mundo visible limites humanas emociones tema falk tentativa protagonista contraer matrimonio involucra inopinadamente narrador amy foster prepublico illustrated london news mañana llamo atencion adaptabilidad teatro inducido llevarla escenario titulo dia joseph conrad,https://ww3.lectulandia.co/book/tifon-y-otras-historias/,Aventuras,2026-09-10T17:12:01
85,aventuras profesor challenger introd alfredo lara,['arthur conan doyle'],"['aventuras', 'relato']",,modo creacion genial detective sherlock holmes conan doyle inspiro aspecto caracter profesor universidad edimburgo joseph bell profesor fisiologo william rutherford sirvio modelo singular profesor challenger cerebro genio cuerpo hombre cavernas confesion autor volumen reune aventuras profesor challenger salvedad viene tradicion excluido recopilacion novela pais bruma 1926 challenger convertido mera excusa conan doyle propaganda espiritismo autor escoces aficionado dejando lado talante aventurero lugar incluido novela abismo maracot 1929 protagonizada profesor maracot colega challenger procedente reputados ambientes cientificos razon sustitucion simple profesor maracot challenger challenger pais bruma introduccion alfredo lara contiene mundo perdido zona ponzoñosa abismo maracot tierra lanzo alaridos maquina desintegradora,https://ww3.lectulandia.co/book/aventuras-del-profesor-challenger-introd-alfredo-lara/,Aventuras,2026-09-10T17:12:04
86,nuevas mil noches trad loayza badiola,['robert louis stevenson'],"['aventuras', 'relato']",,edicion original publicada 1882 r l stevenson nuevas mil noches recogia pesar posterior costumbre editorial unicamente relatos club suicidas diamante raja dado celebridad titulo narraciones atribuidas improbable autor arabe recordaban mil noches estructura episodios entretejidos indudable atmosfera fantastica parte verdadera atmosfera londres noche parte irreal atmosfera bagdad chesterton volumen incluia piezas stevenson conocidas costas escocesas escenario pabellon marismas antiguos amigos reencuentran disputan mujer turbia atmosfera deshonor relatos ocurren francia edad media giran personajes busca refugio ocasional acaban viviendo experiencias imprevistas lugar pasar noche recrea episodio sangriento vida poeta ladron francois villon denso algun modo cortes puerta señor maletroit joven abocado boda inesperada finalmente providencia guitarra narra accidentada noche musico ambulante esposa localidad precisamente bienvenidos edicion restaura recopilacion original volumen constituye ocasion inedita redescubrir obra escritores imaginativos historia literatura,https://ww3.lectulandia.co/book/las-nuevas-mil-y-una-noches-trad-loayza-badiola/,Aventuras,2026-09-10T17:12:06
87,barco escuela tobermory,['alexander mccall smith'],"['aventuras', 'juvenil', 'novela']",,ben fee gemelos crecido submarino trece años iran colegio original barco escuela llamado tobermory isla escocesa mull alumnos mundo aprender navegar empezar clases equipo rodaje desembarca mull invitan ben extra pelicula principio parece emocionante amigos empezaran notar cosas extrañas comienzan trepidante aventura altamar pondra prueba valor,https://ww3.lectulandia.co/book/el-barco-escuela-tobermory/,Aventuras,2026-09-10T17:12:08
88,incursores,['mary norton'],"['aventuras', 'fantastico', 'infantil', 'juvenil', 'novela']",,arrietty diminuta terron azucar valiente aguja espada debera salvar familia vive suelo viejo caseron incursores poseen deben vivir peligrosas aventuras vez quieren tomar prestada pertenencias dueños casa enormes serumanos arrietty conoce niño especial vidas cambian volumen contiene libro i incursores libro ii incursores campo serie incursores,https://ww3.lectulandia.co/book/los-incursores/,Aventuras,2026-09-10T17:12:11
89,tierra sol luna,['concha lopez narvaez'],"['aventuras', 'historico', 'juvenil', 'novela']",,novela fondo historico fascinara lectores informa traves original trama ficcion personajes novelescos hechos reales acontecimientos importantes historia españa relacion cristianos musulmanes siglos convirtieron alandalus religiones diferentes costumbres tierra sol luna desarrolla siglo xvi hermosa vega granada paz imposible bella historia amor amistad fidelidad jovenes maria hernando representan razas culturas,https://ww3.lectulandia.co/book/la-tierra-del-sol-y-la-luna/,Aventuras,2026-09-10T17:12:13
90,vampiro,['hanns heinz ewers'],"['aventuras', 'novela', 'terror']",,catastrofica derrota alemana primera guerra mundial paises habla germana vivieron renacimiento cultural freud viena kafka praga cine murnau fritz lang caldo cultivo surge generacion escritores gustav meyrink hh ewers karl hans strobl reivindican tradicion romanticismo negro hoffmann tieck poe hanns heinz ewers autor inmortal mandragora dandi viajero impenitente recorrio globo obras destacadas novelas dedicadas alter ego frank braun escritor filosofo viajero vividor aprendiz brujo mandragora vampiro vampiro 1920 ewers lleva cabo recreacion simbolica mito tratando entender terrible masacre ocurrida guerra europea embarcar crucero viajara mundo frank braun llegan noticias estallido guerra europa tiempo desata epidemia fiebre amarilla bordo braun logra escapar indemne desembarca san francisco decide atravesar unidos llegar nueva york encontrara antigua amante lotte lewi seductora judia alemana adora piedras preciosas noticias guerra vuelan hordas emigrantes alemanes tratan desesperados encontrar pasaje vuelta pais lotte bohemia patriota convence amante comprometa causa germana convertido activista recorre pais arengando masas braun contraido misteriosa enfermedad sufre constante fatiga frecuentes lapsus mentales sumergen profundos trances seguidos amnesia,https://ww3.lectulandia.co/book/vampiro-hanns-heinz-ewers/,Aventuras,2026-09-10T17:12:15
91,historia valientes,['vardis fisher'],"['aventuras', 'novela']",frontera,expedicion lewis clark rio missouri supuso unidos gesta equiparable primer viaje cristobal colon continente americano enero 1803 presidente unidos thomas jefferson solicita congreso fondos enviar expedicion partiendo san luis remonte rio missouri atraviese norte continente americano alcanzar costas pacifico idea exacta kilometros recorrer expedicion cruzar territorios hombre blanco pisado historia valientes narra azarosa expedicion lewis clark oficiales ejercito partio aventura 1804 acabaria completando itinerario trece mil kilometros persistiendo avance traves tipo penalidades invirtiendo años accidentado tortuoso recorrido gesta equiparable punto vista historia estadounidense primer viaje cristobal colon continente americano proposito conquista reivindicacion territorial primer lugar trataba explorar enorme region luisiana unidos acababa adquirir francia incorporar territorios nueva republica extendiera atlantico pacifico novela sigue minuciosos diarios viaje capitan lewis presenta personajes inolvidables sacajawea muchacha shoshone igual pocahontas malinche presta ayuda sirve guia exploradores historia valientes considerarse western novela historica relato aventuras cronica viajes,https://ww3.lectulandia.co/book/historia-de-valientes/,Aventuras,2026-09-10T17:12:17
92,busto ojos esmeralda,['gustave rouge'],"['aventuras', 'fantastico', 'intriga', 'novela']",misterioso doctor cornelius,aventuras misterioso doctor cornelius duda obras maestras novela negra popular belle epoque rouge mezcla intriga vision cientifica universo novelistico gran originalidad nueva york bretaña gran oeste americano isla ahorcados pluma rouge lleva lector lugares asombrosos misteriosos enigmaticos chocan concepciones antagonicas mundo encarnada cientifico frances prosper bondonnat investigaciones centran unicamente añadir piedra radiante edificio modernidad malvado doctor cornelius kramm cirujano plastico estadounidense escultor carne humana inventor carnoplastia obsesion esencialmente dinero,https://ww3.lectulandia.co/book/el-busto-con-ojos-de-esmeralda/,Aventuras,2026-09-10T17:12:18
93,benito cereno cuentos mar,['herman melville'],"['aventuras', 'relato']",,ocurre frecuencia escritor norteamericano herman melville 18191891 alcanzo fama vida novela popular moby dick publicada escritor contaba treinta años paso inadvertida mayor parte libros mar escenario genio melville trasciende simple relato maritimo utilizar mundo mar ahondar enigma existencia obstante accion fluye agil relato capta lector fuerza irresistible trama pierde apice realismo credibilidad relatos seleccionados ofrecen amplio espectro temas obsesionaron melville benito cereno inmersion insondable esencia escenificacion hundimiento mundo esclavitud resurgimiento nuevo billy budd gravita atmosfera sombria fruto dominio triunfa tierra inocencia relato adquiere caracter tragico aura auto sacramental daniel orme john marr gees pertenecen sketches maritimos ejercicios estilo gestan grandes temas obras ambiciosas,https://ww3.lectulandia.co/book/benito-cereno-y-otros-cuentos-del-mar/,Aventuras,2026-09-10T17:12:21
94,ultimatum tierra,['jorge zaragoza gomez'],"['aventuras', 'fantastico', 'intriga', 'juvenil', 'novela']",,años abusos medioambientales llevados cabo mano hombre cambio climatico alcanzado punto retorno gaia madre tierra debe tomar drastica decision juan joven adolescente cansado peregrinar ciudad ciudad acaba instalarse alicante consciente misterioso libro regalar abuela cambiar vida completo convirtiendose pieza clave resolucion misterio amenaza humanidad conocera yodan chica especial dragon vera envuelto espiral dificultades peligrosas aventuras coincidira capitan ejercito español banda mafiosa ubicada costa blanca historias diferentes iran entremezclando configurar sorprendente desenlace,https://ww3.lectulandia.co/book/el-ultimatum-de-la-tierra/,Aventuras,2026-09-10T17:12:23
95,bordo taimyr,['emilio salgari'],"['aventuras', 'novela']",,relata aventura corren valientes cazadores nutrias tierras bañan aguas articas extraño azar bordo submarino taymir dotado perfecciones adelantos cientificos huespedes obligados nave cazadores sorpresa sorpresa conocer bajos fondos mares realizan pesca arenque naral ballena vueltos superficie luchan focas osos animales lugar episodios emocionante interes culmina hallarse enormes profundidades restos expedicion franklin inglaterra perdida incalculable dada valia genial hombre ciencias novela pierde interes momento obras valido salgari destacado exito,https://ww3.lectulandia.co/book/a-bordo-del-taimyr/,Aventuras,2026-09-10T17:12:25
96,carrera,['victor san juan'],"['aventuras', 'novela']",narrativa maritima,pleno apogeo carrera regatas transoceanicas cliperes buscarlo corazon china crucero majestad cordelia recibe ordenes secretas interceptar caso destruir veleros regata año seguridad transporta metropoli mercancia envenenada sabe regata regata diferente muerte literalmente talones largo 15000 millas recorrido capitanes oficiales marineros pasajeros barcos increibles imposible escapar cruel destino,https://ww3.lectulandia.co/book/la-carrera-del-te/,Aventuras,2026-09-10T17:12:27
97,andes cielo,['coronel ignotus'],"['aventuras', 'ciencia ficcion', 'novela']",,amanecer siglo xxii ciencia ambicion humanas enfrentan mayor desafio conquistar espacio andes cielo inaugura biblioteca novelescocientifica abre tiempo trilogia visionaria concebida coronel ignotus paginas imaginacion tecnica espiritu aventura funden relato pionero ciencia ficcion lengua española invita lector acompañar protagonistas sueño vertigo abrir rutas mundos,https://ww3.lectulandia.co/book/de-los-andes-al-cielo/,Aventuras,2026-09-10T17:12:28
98,saracen,['douglas reeman'],"['aventuras', 'novela']",,malta 1941 mayoria gente hms saracen barco feo obsoleto pasado reciente igualmente desagradable ultimo comandante enfrenta consejo guerra bombardear tropas enviado proteger capitan richard chesnaye trae recuerdos recuerdos primera guerra mundial viejo buque monitor campaña gallipoli juntos parecer comandante barco momento guerra entra nueva fase chesnaye presiente posibilidad nuevo importante papel saracen,https://ww3.lectulandia.co/book/el-saracen/,Aventuras,2026-09-10T17:12:31
99,resurreccionista,['lucas barrera'],"['aventuras', 'historico', 'intriga', 'novela', 'terror']",,tiempo persona valia muerta viva londres 1831 noche vane blackwood compañeros salen busca cadaveres recientes robar vender anatomistas cuantiosas sumas dinero llaman resurreccionistas mayor escoria londres peores reputacion asesino llevan cabo trabajos infames desagradables ejercido permite escrupulos temidos odiados asumido sueldo punto descubrir veinte años leon ravenscroft hijo humilde estibador entra marina real britanica pura casualidad momento idea vida dara giro radical sucesion eventos extraordinarios funesta oscuridad parece empeñada acompañarle resurreccionista ladrones tumbas punta lanza complejo mercado negro empieza muelles tamesis pasa adinerada burguesia termina casas distinguidos nobles supervivencia aventura venganza amor historia leyendas ingredientes cita historia epica inglaterra previctoriana nuevo mundo africa ignota epopeya cuenta historia real lugar ley anatomia 1832 reino unido,https://ww3.lectulandia.co/book/el-resurreccionista/,Aventuras,2026-09-10T17:12:34
100,capitanes intrepidos ed clasicos medida,['rudyard kipling'],"['aventuras', 'juvenil', 'novela']",clasicos medida,harvey niño malcriado impertinente maleducado hijo multimillonario dia cambia lujoso viaje barco cae mar recogido pescadores nueva vida barco pesquero obligara aprender oficio comer enseñara convivir gentes muestran valores apreciado,https://ww3.lectulandia.co/book/capitanes-intrepidos-ed-clasicos-a-medida/,Aventuras,2026-09-10T17:12:36
101,diario enano,['eduardo liendo'],"['aventuras', 'fantastico', 'novela', '']",,hombre hombres confluye diversos puntos espacio tiempo figura poderosa jose niebla personaje salta intemporal teatro ambulante realidad absolutismo cruel total cronica llevada enano diario enano ultima novela eduardo liendo registra itinerario fantastico inicia carpa circo llevara burdel venecia visitado casanova españa goya paris inicios billar fortin guaira miranda encarcelado espera retorno españa muerte liendo desarrolla aventura fantastico atroz traves prosa clara exenta lirismo humor,https://ww3.lectulandia.co/book/diario-del-enano/,Aventuras,2026-09-10T17:12:39
102,damas vaqueros serie completa,['veronica mengual'],"['aventuras', 'historico', 'novela', 'romantico']",destino v mengual,libro contiene serie completa destino v mengual libros esposo inconveniente amor inconveniente matrimonio inconveniente sarah lee foster muchacha hereda rancho sarah love texas administra ayuda travis hutson jeremy andrews grandes amigos primer libro historia propia sarah segundo libro historia capataz travis hutson mestizo nombre indio aguila negra tercer libro historia jeremy andrews vaquero toma broma,https://ww3.lectulandia.co/book/damas-y-vaqueros-serie-completa/,Aventuras,2026-09-10T17:12:42
103,peces corona,['juan carlos arbex'],"['aventuras', 'historico', 'intriga', 'novela']",narrativa maritima,europa finales siglo xviii ilustracion revolucion incuba francia punto alumbrar nueva forma gobernar mundo caballo reinados carlos iii carlos iv españas asisten asombradas huracan sacude francia conde floridablanca continua guiando reino impulsando nuevo modelo politica pesquera aporte marinos experimentados cubiertas navios real armada basada documentos conservados archivo historico nacional novela peces corona adentra años discurren 1787 1789 alto funcionario antonio sañez reguart artista miguel cros ana maria resto personajes protagonizaron novela dibujante peces veran envueltos nueva aventura ocasion llevara lado mar oceano tierra indias,https://ww3.lectulandia.co/book/los-peces-de-la-corona/,Aventuras,2026-09-10T17:12:43
104,crimenes reales,['samantha kolesnik'],"['aventuras', 'fantastico', 'novela']",,suzy vivido infancia amenaza violencia madre abuso dejado huella dificil erradicar dia cansada humillacion someterse designios actua partir momento suzy hermano lim embarcan frenesi violento mortal llevara joven viaje autodescubrimiento oscuro interior,https://ww3.lectulandia.co/book/crimenes-reales/,Aventuras,2026-09-10T17:12:45
105,alicia pais maravillas lado espejo,['lewis carroll'],"['aventuras', 'fantastico', 'infantil', 'juvenil', 'novela']",,dialogos insolitos situaciones extrañas aire magia absolutamente real impregnan aventuras alicia alicia pais maravillas nacio causalidad relatos fantasticos lewis carroll improvisaba niñas lado espejo narra viaje pais modo tablero ajedrez llega alicia cruzar espejo adaptar mundo mente infantil hermanitas liddell alicia lorina edith carroll prescinde prejuicios utiliza humor cruel lleno ingenio burlarse convencionalismos tradiciones sociedad inglesa postre sociedad elementos juega narracion apartan alicia vida cotidiana libros imaginacion eleva emblema irracional logica convirtiendo aventuras alicia primeros ejemplos libertad absoluta mente encadena logica partir presupuestos mostrando enves valores aceptados carroll adentra territorio sueños fantasmas verdad desnuda apariencias mentiras,https://ww3.lectulandia.co/book/alicia-en-el-pais-de-las-maravillas-al-otro-lado-del-espejo/,Aventuras,2026-09-10T17:12:48
106,cuentos completos,['h g wells'],"['aventuras', 'ciencia ficcion', 'fantastico', 'relato']",,pionero moderna ciencia ficcion h g wells 1866 1946 diferencia verne autores genero entretiene ofrecer lector complejas descripciones cientificas tecnicas limita plantearnos situacion imposible invasion alienigena formula lograr invisibilidad maquina permite viajar tiempo presenta contexto cotidiano salon casa bar parque barrio vez lector acepta imposible wells arrastra increibles aventuras lenguaje llano directo pasando normal deben obras maestras origen genero ciencia ficcion maquina tiempo 1895 hombre invisible 1897 guerra mundos 1898 primeros hombres luna 1901 h g wells dotado excepcional talento creacion historias cortas volumen reune ochenta relatos publico incluye novela corta maquina tiempo relato guionizado cine nuevo fausto lector encontrara historias agrupadas colecciones originales seccion final relatos aparecidos revistas incluidos wells libro,https://ww3.lectulandia.co/book/cuentos-completos-h-g-wells/,Aventuras,2026-09-10T17:12:50
107,historia apolonio rey tiro,['anonimo'],"['aventuras', 'relato']",,historia apolonio rey tiro relato anonimo siglo v principios siglo vi redactado latin narran separaciones peripecias sufrimientos afrontar apolonio familia reencuentro finalmente reune historia curiosa mezcla elementos paganos cristianos medio camino novela cuento popular oscuro origen siguen debatiendo filologos gozo difusion popularidad edad media renacimiento obras latinas conocieron figura protagonista apolonio intereso atrajo publico europeo diez siglos alimento decenas versiones relato latin numerosas lenguas vernaculas europeas,https://ww3.lectulandia.co/book/historia-de-apolonio-rey-de-tiro/,Aventuras,2026-09-10T17:12:52
108,dibujante peces,['juan carlos arbex'],"['aventuras', 'historico', 'intriga', 'novela']",narrativa maritima,ultimos años reinado carlos iii alto funcionario renta correos comisionado directamente conde floridablanca indagar mayor discrecion decadencia pesca españa destinado santander comisionado inicia investigaciones 1780 contrata acuarelista dibujar coleccion animales marinos viven aguas reino juntos emprenderan viaje años duracion costas españolas permanentemente acosados agentes servicio intereses britanicos prusianos trama novelada dibujante peces basa hechos reales acaecidos 1783 1787 protagonizados comisario real marina antonio sañez reguart pintor miguel cros,https://ww3.lectulandia.co/book/el-dibujante-de-peces/,Aventuras,2026-09-10T17:12:54
109,herencia salvaje,['megan maxwell'],"['aventuras', 'erotico', 'novela', 'romantico']",guerreras maxwell,adentrate decima entrega guerreras maxwell descubriras amor capaz desafiar destino unir corazones latido amanda mcrae hija pequeña duncan megan joven apasionada fuerte caracter conocida franqueza amor niños soñado misteriosos ojos grises cree pertenecen hombre vida descarta pretendiente posea mirada enigmatica brodrick fraser conde aviemore acaba quedar viudo matrimonio amor termino tragedia pequeños cargo destino reune amanda padres visitan castillo conde presentarle condolencias estancia conexion sintieron meses castillo eilean donan resurge fuerza inesperada comienza mera obligacion convertira apasionada emotiva historia amor amanda brodrick descubriran veces amor surge situaciones inesperadas complicadas vale pena luchar realmente importa sueños cumplen soñandolos trabajando,https://ww3.lectulandia.co/book/una-herencia-salvaje/,Aventuras,2026-09-10T17:12:57
110,mobydick,['herman melville'],"['aventuras', 'novela']",,llamadme ismael personajes literarios conocidos ballena blanca ismael capitan ajab probablemente inicio novela famoso mobydick concebida herman melville respuesta norteamericana gran literatura europea finales siglo xviii principios xix mobydick recoge tradicion romantica gotica dando forma epico poema llegado ocupar unidos puesto gran novela nacional considerada gran epopeya prosa mundo occidental contemporaneo,https://ww3.lectulandia.co/book/moby-dick-herman-melville/,Aventuras,2026-09-10T17:12:59
111,veinte mil leguas viaje submarino,['julio verne'],"['aventuras', 'novela']",viajes extraordinarios,obra narrada primera persona profesor frances pierre aronnax notable biologo prisionero capitan nemo conducido oceanos bordo submarino nautilus compañia criado conseil arponero canadiense ned land historia comienza expedicion bordo buque marina guerra estadounidense busca caza extraño cetaceo ocasionado desaparicion misteriosa diversas embarcaciones expedicion protagonistas lanzados borda buque resultado embestida animal rescatados logran llegar nado lugar seguro vez salvo descubren encuentran realmente isla estructura metalica submarino interior misterioso artefacto conocen capitan nemo personaje desgraciado brillante oscuro pasado grandes aptitudes cientificas artisticas muestra nave nautilus notables explicaciones ingenieria capitan informa conocido existencia dejarlos volver superficie largo viaje revelados secretos recorren diversos lugares menciona mitica atlantida islas polinesia mar rojo costas lejano oriente mediterraneo etc traves personaje aronnax jules verne señala posibles inventos escafandras autonomas buceo fusiles balas electricas maquinas producir aire respirable etc,https://ww3.lectulandia.co/book/veinte-mil-leguas-de-viaje-submarino/,Aventuras,2026-09-10T17:13:02
112,romantico,['william boyd'],"['aventuras', 'novela']",,nacido 1799 cashel greville ross oportunidad vivir vidas años alegres devastadores años suerte perdidas inesperadas trasladandose condado cork londres waterloo zanzibar cashel desafia destino continentes vivira extravagantes aventuras frenetica busqueda verdadero enfrentara terrible eleccion moral pueblo sri lanka parte ejercito indias orientales viajara pisa entrara mundo poetas romanticos ravena ciudad romeo julieta conocera amor vida soldado amante padre amigo celebres poetas propio lord byron criminal agricultor explorador escritor metodico cashel encontrara lugar momento siglo acelera inevitablemente curso dejar interrogarse sentido errancia pluma escritores britanicos queridos tiempos novela centelleante extraordinarias aventuras hombre corriente tiempo vivido retrato epoca convulsa fascinante,https://ww3.lectulandia.co/book/el-romantico/,Aventuras,2026-09-10T17:13:04
113,hermandad buena suerte,['fernando savater'],"['aventuras', 'novela']",,caballo invencible vencido jockey desaparece misteriosamente busca secreto buena suerte magnates escrupulos pretenden zanjar rivalidades pista hipodromo acerca fecha gran copa carrera internacional desata pasiones cuatro aventureros deben encontrar desaparecido tiempo montar prueba crucial lucha fantasmas pasado busqueda enfrentarse enigmas peligros desenlace isla mediterraneo encontraran traicion acecho leones novela aventuras aliñada gotas metafisica ambientada fascinante mundo carreras caballos,https://ww3.lectulandia.co/book/la-hermandad-de-la-buena-suerte/,Aventuras,2026-09-10T17:13:06
114,oscuridad noche,['alissa bronte'],"['aventuras', 'novela', 'romantico']",bandoleros,historia arrastrara suaves acordes guitarra mundo bandoleros lealtad necesaria permanecer salvo grandes historias amor suceden oscuridad noche valor lealtad mezclan amor llega oscuridad noche alejandro cansado capitan guardia civil abusa posicion une banda famoso bandolero conocido caballero esperanza desenmascarar superior asentamiento temibles forajidos destino carmen ocultando verdadera identidad topa huida matrimonio conveniencia preparado padres encuentra libertad ansia coincide lola joven marcada escapado destino corazon busca paz historias valentia lealtad confluyen campamento bandoleros jaque fuerzas orden comarca,https://ww3.lectulandia.co/book/en-la-oscuridad-de-la-noche/,Aventuras,2026-09-10T17:13:08
115,vagabundos profundidades,['guillermo rances'],"['aventuras', 'intriga', 'novela']",narrativa maritima,entretenida novela autor muestra libertad pensamiento relata divertidas fantasias verdades imaginaciones obra pretende abrir puertas escape monotona realidad diaria cree conveniente matizar relata historia imaginado sucede largo fantasia punto personajes ficticios salvo reales lugares reales cree verdaderamente importante cuenta divertido creible capaz vivir lector aventura enraizada verdades historicas literarias aventura mitos creencias ancestrales barcos legendarios hechos cientificamente correctos llegar fabuloso escenario misteriosas profundidades oceanicas protagonistas encontrar libertad anhelaban corazones,https://ww3.lectulandia.co/book/los-vagabundos-de-las-profundidades/,Aventuras,2026-09-10T17:13:09
116,regreso,['emily rodda'],"['aventuras', 'fantastico', 'juvenil', 'novela']",deltora,heredero deltora pasado mil aventuras haberse enfrentado siete monstruos temidos reino lief barda jasmine recuperado siete gemas cinturon pista encontrarse heredero indicaciones padre lief escondia tora embargo habitantes negaron ayudarlo saben lief barda jasmine queda superar ultima prueba enfrentara señor sombra descubriran legitimo rey paz volvera reino deltora,https://ww3.lectulandia.co/book/regreso-a-del/,Aventuras,2026-09-10T17:13:11
117,libro tierras virgenes ilustrado,['rudyard kipling'],"['aventuras', 'novela']",club joven,leer fabulosa recreacion universo humano espejo mundo animal advertimos personajes realidad vida propia autonomia respecto sociedades conocemos habitante selva humanizado kipling encuentra relatos lenguaje particularmente poetico lleno extraño encanto sensibilidad gran escritor ingles sabe otorgarle acertada combinacion sencillez exotismo hechos apariencia triviales mezclados maravillosas aventuras unida estilo dotado perspectiva cercana niño principales claves impetuosa creacion,https://ww3.lectulandia.co/book/el-libro-de-las-tierras-virgenes-ilustrado/,Aventuras,2026-09-10T17:13:14
118,atolon,['carlos thomas'],"['aventuras', 'historico', 'novela']",narrativa maritima,obra entrecruzan historias marinos españoles epocas distintas visitan minusculo atolon islas kiribati lugar escenario sangrientos combates segunda guerra mundial capitan uribe unico superviviente barco mercante español hundido submarino japones subsistir naufrago azar vera inmerso voragine belica contienda viendose obligado luchar defender propia vida vengar muerte compañeros segunda historia joven capitan español decide disfrutar cortas vacaciones casualidad llevara atolon llego años capitan uribe azar vinculara descendientes capitan despertara interes conocer detalles vida razones habitantes kiribati erigieron mausoleo honor reposan restos venerados actual poblacion,https://ww3.lectulandia.co/book/atolon/,Aventuras,2026-09-10T17:13:16
119,travesia,['maja lunde'],"['aventuras', 'drama', 'juvenil', 'novela']",,noruega otoño 1942 cuatro niños dirigen suecia cruzar frontera cuestion vida muerte sarah daniel judios deportaran tiempo logrado huir nazis escondiendose sotano embargo arrestan salvadores queda marcharse libertad extienden kilometros bosques nevados innumerables peligros suerte camino encontraran personas dispuestas ayudarlos confiar realmente,https://ww3.lectulandia.co/book/la-travesia-maja-lunde/,Aventuras,2026-09-10T17:13:19
120,heredera vikinga,['joan clark'],"['aventuras', 'historico', 'novela']",,heroina leyenda confines mundo año 1015 barcos vikingos salen busqueda mitica vinlandia tierra años conocida norteamerica mando expedicion enigmatica temeraria mujer freydis hija ilegitima legendario erik rojo,https://ww3.lectulandia.co/book/la-heredera-vikinga/,Aventuras,2026-09-10T17:13:21
121,pioneras,['larry mcmurtry'],"['aventuras', 'novela']",,estilo brillante profundo conocimiento historia oeste americano dado cumplida muestra numerosas obras larry mcmurtry desfilar escenarios miticos little bighorn colinas negras dodge city rio grande galeria personajes noticia cronicas aspecto humano desvela lectura pioneras traves entrañables discusiones montañeses jim ragg bartle bone sabremos inhospitas cumbres montana quedan castores cazar pensamientos desorejado ultimos supervivientes tribu ayudan reflexionar papel desempeñaron gentes generales custer sheridan cartas escribe calamity jane hija soledad montañas llenas recuerdos recorrer vida mujer pionera tierra cambiando paulatinamente hilarante episodio aventura europea emprende buffalo bill convertido titiritero reune primero barco surge ballena actuacion reina inglaterra montañeses desorejado toro sentado completamente alcoholizado calamity jane propio bill cody inolvidables personajes manera viaje forma mcmurtry plasmarlo simboliza fin sueño sueño salvaje oeste,https://ww3.lectulandia.co/book/las-pioneras/,Aventuras,2026-09-10T17:13:23
122,sherlock holmes anotado iii,['arthur conan doyle'],"['aventuras', 'intriga', 'policiaco', 'relato']",sherlock holmes anotado,lector manos punto culminante publicacion sherlock holmes importante ultimas cuatro decadas editada maximas autoridades sherlockianas mundo leslie s klinger obra atraera lectores aficionados grandes libros paginas contienen cuatro relatos largos sherlock holmes publicados 1887 1915 estudio escarlata signo cuatro sabueso baskerville valle miedo conozcan famoso detective apreciaran clara presentacion klinger novelas orden original publicadas sherlockianos experimentados quedaran cautivados 1000 notas cuidadosamente investigadas ofrecen amplia precisa informacion historica inglaterra victoriana eduardiana detalladas explicaciones teorias sherlockianas importantes klinger recopilado 400 ilustraciones contemporaneas fotografias epoca incluyen trabajo primeros ilustradores norteamericanos inmerecidamente olvidado artista aleman richard gutschmidt legendarios dibujos sidney paget strand magazine volumen final sherlock holmes anotado incluye extensa bibliografia tabla cronologica presenta sencillas referencias fechas destacadas vidas holmes watson conan doyle,https://ww3.lectulandia.co/book/sherlock-holmes-anotado-iii/,Aventuras,2026-09-10T17:13:26
123,valle perdidos,['emily rodda'],"['aventuras', 'fantastico', 'juvenil', 'novela']",deltora,tiempo agota lief barda jasmine deben recuperar siete gemas cinturon deltora fin tirania malvado señor sombra queda diamante simbolo pureza fortaleza grande poderoso visto saben encuentra valle perdidos lugar envuelto niebla custodiado temible guardian salido vivo,https://ww3.lectulandia.co/book/el-valle-de-los-perdidos/,Aventuras,2026-09-10T17:13:27
124,cuentos populares ingleses,['flora annie steel'],"['aventuras', 'fantastico', 'infantil', 'juvenil', 'relato']",,presente volumen reune cuarenta cuentos fantasticos pertenecientes acervo popular encontramos relatos tradicionales lugar mitos universales caperucita roja cerditos pulgarcito cenicienta version inglesa sorprendera lector hispanohablante espiritu forma diferentes cuentos britanicos san jorge feliz inglaterra jack mata alubias incluye autentica coleccion historias gigantes divertida inquietante flora annie steel introduce pequeños detalles cosecha color cuentos respetando trama conclusiones originales concesiones sensibleria habitual cuentos infantiles steel narra veces crudeza historias traiciones venganzas monstruos hunden raices folcloristas miedos inconsciente colectivo subliman gracias rica imaginacion popular edicion enriquece inolvidables ilustraciones color negro arthur rackham clasico literatura infantil juvenil,https://ww3.lectulandia.co/book/cuentos-populares-ingleses/,Aventuras,2026-09-10T17:13:30
125,memorias cienfuegos,['alberto vazquezfigueroa'],"['aventuras', 'historico', 'novela']",cienfuegos,extraordinario pelirrojo mil peripecias recorriera nuevo mundo cruzara oceano tenebroso embarcado naves cristobal colon convertido personaje viejo continente conocimiento acumula derroteros nuevo continente desconocido sabe juega papel crucial futuro naciones disputan tratado tordesillas firmado 1494 reyes catolicos juan ii portugal pasara posteridad sensatos historia fijo reglas juego españoles portugueses reparto rutas derroteros navegacion nuevo continente informacion deseada secreta epoca consecuencias inimaginables definitivas curso acontecimientos posteriores historia interrogado marques peñagrande enviado especial carlos v universal gomero transportara memorias hitos imprescindibles descubrimiento america cultura gente alimentacion prodigios peligros viaje igual duda representa obra cumbre brillante carrera literaria alberto vazquezfigueroa,https://ww3.lectulandia.co/book/memorias-de-cienfuegos/,Aventuras,2026-09-10T17:13:32
126,viajero resplandor luna,['antal szerb'],"['aventuras', 'novela']",,mihaly vastago inadaptado familia burguesa budapest treinta seis años llega italia luna miel querer abandona flamante esposa estacion ferrocarril comienza itinerario disparatado onirico novela aventuras pasion viajes europa entreguerras clasico literatura hungara,https://ww3.lectulandia.co/book/el-viajero-bajo-el-resplandor-de-la-luna/,Aventuras,2026-09-10T17:13:35
127,carthago nova,['claudio rossi'],"['aventuras', 'historico', 'novela']",quintilio vida republica imperio,batalla filipos derrota bruto casio suficientes restaurar paz roma oficiales bando perdedor trasladan nuevos destinos urbe proscripciones siembran muerte patricios apoyado sueño republicano cesaricidas desarrollan juegos triunviros quintilio agrimensor civil sirve cuerpo ingenieros ejercito secretario griego hicesio enviado hispania guarnicion carthago nova ricas minas viene plata ceca romana acuña monedas pagar legiones carthago nova ciudad tranquila trabajo minas exento riesgos vetas explotadas siglos encierran trampas mortales entregar roma lingotes obtenidos mineral plata resulta cosa sencillo,https://ww3.lectulandia.co/book/carthago-nova/,Aventuras,2026-09-10T17:13:37
128,sherlock holmes anotado ii,['arthur conan doyle'],"['aventuras', 'intriga', 'policiaco', 'relato']",sherlock holmes anotado,lector manos punto culminante publicacion sherlock holmes importante ultimas cuatro decadas editada maximas autoridades sherlockianas mundo leslie s klinger obra atraera lectores aficionados grandes libros paginas contienen cuatro relatos largos sherlock holmes publicados 1887 1915 estudio escarlata signo cuatro sabueso baskerville valle miedo conozcan famoso detective apreciaran clara presentacion klinger novelas orden original publicadas sherlockianos experimentados quedaran cautivados 1000 notas cuidadosamente investigadas ofrecen amplia precisa informacion historica inglaterra victoriana eduardiana detalladas explicaciones teorias sherlockianas importantes klinger recopilado 400 ilustraciones contemporaneas fotografias epoca incluyen trabajo primeros ilustradores norteamericanos inmerecidamente olvidado artista aleman richard gutschmidt legendarios dibujos sidney paget strand magazine volumen final sherlock holmes anotado incluye extensa bibliografia tabla cronologica presenta sencillas referencias fechas destacadas vidas holmes watson conan doyle,https://ww3.lectulandia.co/book/sherlock-holmes-anotado-ii/,Aventuras,2026-09-10T17:13:39
129,mision ii guerra mundial,"['marc kornblatt', 'susan nanus']","['aventuras', 'interactivo', 'juvenil', 'novela']",maquina tiempo,año 1940 viajado europa retrocediendo tiempo ii guerra mundial ocultas soldados alemanes desvan casa varsovia chico judio movimiento resistencia ofrece ayuda huir actuar deprisa arriesgas vida calles ghetto varsovia amigo emprendes camino cuenta decision llevarte seguridad dejarte perdido tiempo dispuesto plantar cara peligro,https://ww3.lectulandia.co/book/mision-en-la-ii-guerra-mundial/,Aventuras,2026-09-10T17:13:41
130,fin,['leigh brackett'],"['aventuras', 'ciencia ficcion', 'novela']",,presente volumen incluye obras leigh brackett versan mundo destruccion final primera largo mañana novela larga enfoque atipico intimista respecto resto produccion autora pasado 80 años guerra final supervivientes regresado campo viven condiciones similares preindustrial tecnologia prohibida poblaciones gran extension aldeas dispersas presa oscuro fanatismo religioso marco jovenes ansian embarcaran busqueda lugar mitico cree pervive conocimiento antiguo clave futuro humanidad segunda pieza novelita ciudadela edades perdidas desarrolla mil años gran cataclismo trata historia pulp propia brackett serviria inspiracion comic kamandi primera version cinematografica planeta simios trata suma piezas singulares produccion leigh brackett apartadas cronologia general vuelven tristemente actualidad tiempos,https://ww3.lectulandia.co/book/despues-del-fin/,Aventuras,2026-09-10T17:13:44
131,montaña oro,['karl may'],"['aventuras', 'historico', 'novela']",,joven aleman marcha vivir aventuras salvaje oeste finales siglo xix conocera veterano westman sam hawkins tomara tutela emprendera primera aventura partiendo topografo expedicion territorio indio tardara labrarse nombre old shatterhand conocera noble winnetou enemigos blancos rojos lidiara viajes,https://ww3.lectulandia.co/book/la-montana-de-oro-karl-may/,Aventuras,2026-09-10T17:13:47
132,aventuras completas charlie willy wonka ilus joseph schindelman,['roald dahl'],"['aventuras', 'fantastico', 'infantil', 'novela']",,aventuras completas charlie willy wonka libro recopila famosas novelas roald dahl charlie fabrica chocolate charlie gran ascensor cristal edicion ilustrada joseph schindelman estilo blanco negro aporta toque clasico magico historia,https://ww3.lectulandia.co/book/las-aventuras-completas-de-charlie-y-willy-wonka-ilus-por-joseph-schindelman/,Aventuras,2026-09-10T17:13:48
133,lobos invierno,['jones'],"['aventuras', 'belico', 'historico', 'novela']",perros essex,1347 banda hermanos forman perros guerra cien años empezar asedian calais guerra ceba hombres brutalidad poderosos parecen querer guerra larga arrojados torbellino batalla perros preguntas luchan realmente importa rey pequeña ciudad,https://ww3.lectulandia.co/book/los-lobos-de-invierno/,Aventuras,2026-09-10T17:13:50
134,caida dragon,['juan miguel zunzunegui'],"['aventuras', 'historico', 'novela']",trilogia independencia,imperio español desmorona guerras napoleonicas desertor realista miguel montellano inmerso serie intrigas llevan carcel san juan ulua veracruz sevilla habana nueva orleans envuelto medio conspiraciones naciente imperio mexicano tiempo trata luchar destino vaticinado santero cubano gitana española logias masonicas espias norteamericanos agentes simon bolivar fantasma guadalupe victoria involucrados conjuras vida libertador mexico sofia guillen trata sobrevivir nuevo encuentro alejandra gandara ayuda misteriosa extraña llamar leonor moctezuma cortes distanciados años miles kilometros medio sofia miguel intentaran terminar embonar piezas misterio abarca linajes cortes moctezuma herencia historica secreto oculto restos mortales conquistador caida dragon inmejorable final vertiginosa trilogia historica cuenta historia conquista independencia mexico,https://ww3.lectulandia.co/book/la-caida-del-dragon-juan-miguel-zunzunegui/,Aventuras,2026-09-10T17:13:52
135,ejecucion,['sven hassel'],"['aventuras', 'belico', 'novela']",biblioteca sven hassel,legionario gira cañon metralleta pistas humo devoran barrigas oficiales tumban bruscamente nieve tiñe purpura bosque escucha gritos bestiales avanzar ola soldados vestidos pieles encuentran frente rusofinlandes metralletas regañan vaciarse cargadores peloton viejo gigante hermanito porta papeles principales lucha salvajemente lineas rusas sven hassel mandado batallon castigo soldado raso ejercito aleman realismo cercano brutal narra atrocidades guerra crimenes nazis humor cinico tosco soldados ventas superiores 50 millones ejemplares libros guerra vendidos mundo,https://ww3.lectulandia.co/book/ejecucion/,Aventuras,2026-09-10T17:13:54
136,fiesta,['ernest hemingway'],"['aventuras', 'drama', 'novela']",,escrita 1926 fiesta considerada primera obra importancia hemingway describe historia serie personajes pertenecientes llamada generacion perdida periodo entreguerras viaje francia españa primera guerra mundial jake barnes periodista norteamericano incapacitado sexualmente herida guerra brett ashley enfermera contienda mantuvieron relacion reencuentran paris periodo entreguerras relacionaran comunidad norteamericana gran parte ambientacion parte inicial novela girara torno colectivo lugares frecuentadesde jake brett compañeros cohn bill mike dirigen españa pescar asistir sanfermines pamplona fiestas descritas detalle sucederan serie problemas amorosos protagonizados brett intervienen michael prometido cohn mantenido romance semanas pedro romero torero prometedor remarcara posicion barnes simple espectador acabar fiestas grupo disolvera terminando historia madrid fiesta obra lanzo ernest hemingway principales escritores tiempo exito novela 1957 llevada cine henry king,https://ww3.lectulandia.co/book/fiesta/,Aventuras,2026-09-10T17:13:56
137,mision attica,['claudio rossi'],"['aventuras', 'historico', 'novela']",quintilio vida republica imperio,año 47 ac republica roma trata salir guerra civil cesar pompeyo joven agrimensor quintilio enfrascado unidad ingenieros ejercito reordenacion terrenos agricolas sur eporedia fortuna oficiales alto rango faccion cesar libran aburrimiento involucran insolita investigacion pretende esclarecer repentino sospechoso enriquecimiento origen desconocido parte generales destinados provincia macedonia investigacion centra antiguas minas abandonadas siglos attica rumorea existencia tesoro abandonado filipo ii padre alejandro magno viaje acompaña liberto hicesio literato experto calculos matematicos viaje provincia macedonia llevara quintilio acalorados encuentros tiempos dificiles guerra civil traiciones corrupcion desenfrenada oficiales sedientos dinero gloria sinfin intrigas politicas complican vida agrimensor encontrar solucion intrincada investigacion,https://ww3.lectulandia.co/book/mision-en-attica/,Aventuras,2026-09-10T17:13:58
138,laberinto bestia,['emily rodda'],"['aventuras', 'fantastico', 'juvenil', 'novela']",deltora,lief barda jasmine siguen buscando siete piedras cinturon deltora alejar reino temible señor sombra encontrado cinco adentrarse lugares inhospitos reino luchar odiados enemigos fuerzas señor sombra persiguiendolos deben proseguir mision indicaciones padre lief sexta piedra amatista simbolo verdad esconde algun lugar laberinto bestia viven temibles ols criaturas servicio señor sombra capaces adoptar forma humana vigilante piedra glus descomunal bestia horriblemente palida parecida oruga,https://ww3.lectulandia.co/book/el-laberinto-de-la-bestia/,Aventuras,2026-09-10T17:14:00
139,iader,['claudio rossi'],"['aventuras', 'historico', 'novela']",quintilio vida republica imperio,guerra civil cesar pompeyo año 49 ac quintilio joven principiante agrimensor civil adscrito unidad cuerpo ingenieros militares trabaja centuriacion tierras baldias alrededores mantua llanura po recientemente librado injusta acusacion homicidio colaborar oficiales faccion cesar preparando venganza parte adversarios quintilio queda solucion huir intentando dejar eliminar sicarios pisan talones acompaña huida liberto hicesio erudito secretario origen griego edad pende sentencia muerte motivos insolita pareja fugitivos obligada realizar malabarismos moviendose clandestinamente vias consulares galia cisalpina intento salvar vidas acaban inexploradas paludes rio padusa delta po prosiguiendo huida encuentran proteccion destacamento cuerpo ingenieros trazando centuriacion tierras incultas iader dalmacia cuentas pendientes saldarse simplemente recurriendo tribunales inventar novedosa solucion,https://ww3.lectulandia.co/book/iader/,Aventuras,2026-09-10T17:14:03
140,aventuras arsene lupin ladron caballero,['maurice leblanc'],"['aventuras', 'juvenil', 'novela']",clasicos medida,adaptacion peripecias arsene lupin ladron elegante tiempos peligroso ladron francia atrapado policia rejas impedimento caballero ladron siga aventuras encandilar ricas herederas asaltar castillo inexpugnable vengar infamia pasado enfrentarse mismisimo sherlock holmes peripecias vera envuelto celebre arsene lupin tomo recogidas nueve primeras narraciones ayudaran conocer personaje creo maurice leblanc fama proporciono,https://ww3.lectulandia.co/book/las-aventuras-de-arsene-lupin-ladron-y-caballero/,Aventuras,2026-09-10T17:14:06
141,sherlock holmes anotado i,"['arthur conan doyle', 'leslie s klinger']","['aventuras', 'intriga', 'policiaco', 'relato']",sherlock holmes anotado,lector manos punto culminante publicacion sherlock holmes importante ultimas cuatro decadas editada maximas autoridades sherlockianas mundo leslie s klinger obra atraera lectores aficionados grandes libros paginas contienen cuatro relatos largos sherlock holmes publicados 1887 1915 estudio escarlata signo cuatro sabueso baskerville valle miedo conozcan famoso detective apreciaran clara presentacion klinger novelas orden original publicadas sherlockianos experimentados quedaran cautivados 1000 notas cuidadosamente investigadas ofrecen amplia precisa informacion historica inglaterra victoriana eduardiana detalladas explicaciones teorias sherlockianas importantes klinger recopilado 400 ilustraciones contemporaneas fotografias epoca incluyen trabajo primeros ilustradores norteamericanos inmerecidamente olvidado artista aleman richard gutschmidt legendarios dibujos sidney paget strand magazine volumen final sherlock holmes anotado incluye extensa bibliografia tabla cronologica presenta sencillas referencias fechas destacadas vidas holmes watson conan doyle,https://ww3.lectulandia.co/book/sherlock-holmes-anotado-i/,Aventuras,2026-09-10T17:14:07
142,venenos tebas,['claudio rossi'],"['aventuras', 'historico', 'novela']",suetonio medico egipto romano,aulo suetonio entregado medico año 106 dc sirve xxii legion acuartelada alejandria debido desavenencias irreconciliables oficiales corte prefecto obligado aceptar traslado guarnicion tebas lejano alto egipto acompaña ayudante honoracio joven egipcio perpetua busqueda ocupacion acorde dificil caracter somnolienta ciudad tebas parece alejada guerras asolan imperio conspiraciones palaciegas corte alejandrina medico lugar adecuado crearse nueva vida ciudad polvo trae viento desierto flota espiritu antiguos faraones egipto corren rumores tesoros legendarios conquistarse astucia audacia tesoros visto precisamente parecen reales alcance mano suetonio anhela serenidad vida tranquila polvoriento enrarecido calor tebas tejen perversas ambiguas intrigas dificil escapar,https://ww3.lectulandia.co/book/los-venenos-de-tebas/,Aventuras,2026-09-10T17:14:09
143,estaciones nilo,['claudio rossi'],"['aventuras', 'historico', 'novela']",suetonio medico egipto romano,año 105 d c trajano emperador provincia imperial egipto medico suetonio sirve xxii legion asentada nicopolis afueras alexandria habil trabajo naturaleza tiende simplificar cosas ocasion presenta duda utilizar triquiñuela conseguir quiere verdad unico quiere medrar rapidamente alexandria oficiales intentan mejorar situacion ciudad posicion ocupa valor parte imperio vano egipto rica provincia permite emperador mantener abastece roma trigo embargo egipto oportunistas traidores posible oficiales medicos llegar arriesgar vida busqueda oportunidades resultan engañosas suetonio brillante capaz encontrar soluciones sucesos inesperados interponen camino veces soluciones abren puerta nuevos mayores problemas,https://ww3.lectulandia.co/book/tres-estaciones-en-el-nilo/,Aventuras,2026-09-10T17:14:11
144,cefalox cibercalamar,['adam blade'],"['aventuras', 'ciencia ficcion', 'infantil', 'novela']",aqua fieras,padre secuestrado cefalox cibercalamar max sigue max suficientemente valiente listo sobrevivir descubrira controla aquafieras,https://ww3.lectulandia.co/book/cefalox-el-cibercalamar/,Aventuras,2026-09-10T17:14:13
145,charlie gran ascensor cristal ilus quentin blake,['roald dahl'],"['aventuras', 'fantastico', 'infantil', 'relato']",,señor wonka dueño magnifica fabrica chocolate escondido cinco billetes oro chocolatinas encuentren elegidos visitar fabrica charlie fortuna encontrar billetes partir momento vida cambiara,https://ww3.lectulandia.co/book/charlie-y-el-gran-ascensor-de-cristal-ilus-por-quentin-blake/,Aventuras,2026-09-10T17:14:16
146,hombre trasladaba ciudades,['carlos droguett'],"['aventuras', 'novela']",,historia loca españa siglo xvi loco desmesurado profundamente practico soñador vagabundo extraordinariamente lirico llena tipos trashumantes lazarillo tormes francisco pizarro cuidador puercos conquista america pertenece modo novela picaresca tragicomica fantastica real quijote cervantes escribio hospital podridos hospital españa comienza conquista envia podridos convalecer america sanan pudren,https://ww3.lectulandia.co/book/el-hombre-que-trasladaba-las-ciudades/,Aventuras,2026-09-10T17:14:18
147,horizontes perdidos ilustrado,['james hilton'],"['aventuras', 'novela']",biblioteca oro azul,tierra ningun valle shangrila situado reconditas montañas blue moon lugar magico envejece piensa muerte horizontes perdidos marca capitulo aparte obra autor tema implicaciones filosoficas trascienden idea novela hilton cuenta aventura seres empujados shangrila voluntad destaca hugh conway sugestionado fascinacion vida eterna novela concepcion extremadamente original horizontes perdidos alterna situaciones fuerte tension dramatica sosegada belleza delicado humorismo obra lugar dia inolvidable filme titulo dirigido frank capra interpretado ronald colman,https://ww3.lectulandia.co/book/horizontes-perdidos-ilustrado/,Aventuras,2026-09-10T17:14:20
148,paso reyes parte i,['pedro j alcantara'],"['aventuras', 'fantastico', 'novela']",erol,erol movido incansable curiosidad deseo asegurar paz duradera rinhenduris velkra adentra espina esperanza hallar proceso explicacion vuelta vida incursion shamaros kalahar vez cordillera rodeado miticos lagartos gigantes rinhenduris guerreros habilidades sobrehumanas profecias propias sueños febriles comprendera mundo reserva destino proporciones poderosas tumbar cimientos conoce unico interpone destino palido enemigo antiguo imperios hombres ciudad velkra ambiciones reyes zural buscara manera alcanzar objetivos descubre parte pasado amenaza cambiar forma entender futuro,https://ww3.lectulandia.co/book/el-paso-de-los-reyes-parte-i/,Aventuras,2026-09-10T17:14:22
149,motin caine,['herman wouk'],"['aventuras', 'belico', 'historico', 'novela', 'psicologico']",,novela escrita herman wouk publicada 1951 novela gano premio pulitzer año 1952 motin caine baso experiencia autor bordo barco guerra pacifico segunda guerra mundial novela centra willie keith neoyorquino adinerado asignado barco llamado caine joven madurando gradualmente largo libro obra mayormente conocida retrato neurotico capitan queeg vuelve obsesionado infracciones situaciones minimas descuidando verdadero bienestar seguridad tripulacion intelectual veces cinico teniente tom keefer convence leal teniente steve maryk necesidad sacar queeg puesto preservar supervivencia barco,https://ww3.lectulandia.co/book/el-motin-del-caine/,Aventuras,2026-09-10T17:14:24
150,mundo perdido trad amando lazaro ros,['arthur conan doyle'],"['aventuras', 'ciencia ficcion', 'novela']",,imperecedero sherlock holmes primer detective consuitor mundo debemos conan doyle creacion gran personaje pintoresco profesor challenger mente privilegiada encerrada cuerpo pitecantropo opiniones cientificas desatan polemicas encarnizadas mundo perdido considerarse novela fundacional genero dinosaurios popular dia gracias michael crichton hollywood novela narra expedicion cientificos periodista aventurero inquietante tierra maple white demostrar incredulos compañeros ciencia profesor challenger pervivencia especies prehistoricas dias,https://ww3.lectulandia.co/book/el-mundo-perdido-trad-amando-lazaro-ros/,Aventuras,2026-09-10T17:14:27
151,tarzan monos trad enrique maldonado roldan,['edgar rice burroughs'],"['aventuras', 'novela']",tarzan,tarzan monos primera serie novelas escritas edgar rice burroughs acerca personaje ficticio tarzan historia publicada primera vez revista pulp all story magazine octubre 1912 editada libro primera vez 1914 historia inicia 1888 mision corona britanica encomienda john clayton lord greystoke visitar aldea africana freetown sierra leona resolver problemas habitantes nativos clayton decide viajar esposa embarazada alice rutherford nacimiento hijo embarcan fuwalda completar viaje,https://ww3.lectulandia.co/book/tarzan-de-los-monos-trad-enrique-maldonado-roldan/,Aventuras,2026-09-10T17:14:28
152,ultramarina,['malcolm lowry'],"['aventuras', 'novela']",,ultramarina narra peripecias dana hilliot joven burgues dieciocho años intento escapar entorno acomodado opresor enlista ayudante oedipus tyrannus buque destino bombay singapur publicada 1933 ultramarina marco debut literario malcolm lowry conocido volcan obra joven vislumbran fuerza genialidad obsesiones temas abordara autor largo obra literaria ultramarina novela emociones aventuras amores borrascosos fresca vez experimentada rodrigo fresan,https://ww3.lectulandia.co/book/ultramarina/,Aventuras,2026-09-10T17:14:30
153,ultima ola,['edgardo mackay'],"['aventuras', 'historico', 'novela']",narrativa maritima,novela historica protagonista principal buque cañonero marina estadounidense joven oficial navegacion teniente william c buchanan narra aventuras desventuras costas oceano pacifico sudamericano termino guerra secesion mediados año 1868 bordo uss wateree participamos bombardeo valparaiso combate callao 2 mayo vicisitudes primer submarino chileno culminando cataclismo asolo peruana ciudad arica agosto 1868 enmarcado magnetica atraccion magico valparaiso inspirador maduro tierno romance melancolico teniente buchanan hermosa viuda inglesa madre oficial armada chile ultima ola describe periodo historico involucro paises peru chile españa sabe publico español hispanoamericano dias constituye atractivo interesante relato epoca perdida memoria,https://ww3.lectulandia.co/book/la-ultima-ola/,Aventuras,2026-09-10T17:14:33
154,mercenarios diamantes,['john carter'],"['aventuras', 'intriga', 'novela']",,historia fabulosa operacion protagonizada grupo exmercenarios objetivo robo mina diamantes situada sudeste africano botin resultar inmenso entraña enormes riesgos frente maquiavelico plan pone marcha accion defensiva sindicato internacional diamante 1976 llevada cine titulo director val guest protagonizada telly savalas peter fonda hugh obrian oj simpson maud adams,https://ww3.lectulandia.co/book/los-mercenarios-de-los-diamantes/,Aventuras,2026-09-10T17:14:35
155,desafio,['jesus berrocalrangel'],"['aventuras', 'novela']",narrativa maritima,quedo inutil vestigio ultima epoca hombre sentirse libre tiempos orgullosos cliperes surcaban caribe pacifico miles islas terra incognita potencias europeas colonizaban medio mundo siento necesidad contar parte vida comienzan memorias martin zuñiga capitan cliper desafio zarpa habana 1888 realizar viaje esconde oscuro negocio acontecimientos llevaran capitan bregar ciclones caribe atravesar selvas belice luchar vida compañia peligrosos aventureros,https://ww3.lectulandia.co/book/el-desafio-jesus-berrocal-rangel/,Aventuras,2026-09-10T17:14:36
156,gran libro rey arturo caballeros mesa redonda,['john matthews'],"['aventuras', 'novela']",,edicion coleccionista leyendas influyentes primera autoridad mundo materia arturica reimagina historia rey arturo caballeros leyendas queridas influyentes nuevo siglo bella edicion coleccionistas acompañada magnificas ilustraciones color dibujos mano john howe mundialmente aclamado artista tolkien historias rey arturo merlin lancelot ginebra galahad gawain tristan resto caballeros mesa redonda busqueda santo grial dejado apreciarse largo siglos inspiracion novelas fantasia modernas peliculas series leyendas comenzaron misterioso heroe celta llamado arturo entro escenario historia algun momento siglo vi genero gran cantidad relatos orales 900 años thomas malory recogeria obra clasica morte darthur muerte arturo gran libro rey arturo trae leyendas epoca moderna recurriendo primera vez prosa accesible lectores contemporaneos historias incluidas muerte arturo john matthews incluye numerosos relatos arturo caballeros malory desconocia escritos idiomas historia avenable muchacha pasar hombre convirtio caballero famoso morien aventuras fantasticas emocionantes encontramos obra malory version vida gawain caballero favorito mesa redonda extraño nacimiento infancia pobreza ascension cargo importante emperador roma encontramos relatos tempranos arturo derivados tradicion celtica heroe epico aparece representado historias poderosas aventuras niño aguila llegada merlin basada texto medieval vida merlin cuenta version totalmente nueva historia gran hechicero,https://ww3.lectulandia.co/book/el-gran-libro-del-rey-arturo-y-los-caballeros-de-la-mesa-redonda/,Aventuras,2026-09-10T17:14:38
157,espada atila,['michael curtis ford'],"['aventuras', 'novela']",,hunos romanos aliados sellar pacto rey barbaros envio joven atila roma romanos pusieron garante aetius flavius hijo general creceria guerreros nomadas norte destino quiso atila flavius naciera gran amistad años enfrentaran muerte batalla decidir suerte maltrecho imperio romano pondria mundo manos atila rey hunos,https://ww3.lectulandia.co/book/la-espada-de-atila-michael-curtis-ford/,Aventuras,2026-09-10T17:14:40
158,sinfonia monstruos,['marc levy'],"['aventuras', 'drama', 'intriga', 'novela']",,veronika mujeres rinden peores momentos elige enfermera acepta derrota domesticado soledad domar miedo cosa noche volver casa veronika descubre hijo nueve años desaparecido desamparadas hija adolescente lilya tratan entender llevado valentyn moveran cielo tierra paradero niño animada temeridad adolescente determinacion madre enemigo acecha lilya veronika podran fiarse juntas trataran desbaratar sinfonia monstruos proyecto terrorifico ficcion largo aventura poblada personajes inolvidables madre hija aprenderan nuevo conocerse quererse traves poderoso estilo literario marc levy ofrece novela magistral gran aventura humana pleno corazon tumultuosa historia narrando dia ojos novela inspirada hechos reales estimacion conservadora numero niños ucranianos secuestrados invasion gran escala ucrania actualmente 20 000 reseñas simplemente magico new york post aventura llena suspense mundo apasionante stampa novelas levy cautivadoras lector queda completamente prendado bild am sonntag novelas marc levy entretenidas magnificas vanguardia grandes escritores logran crear excelentes historias partir vida cotidiana experiencias sentimientos dia dia resultan dificiles explicar marc levy realmente gran escritor beijing youth daily,https://ww3.lectulandia.co/book/la-sinfonia-de-los-monstruos/,Aventuras,2026-09-10T17:14:42
159,bufalo blanco,['richard sale'],"['aventuras', 'novela']",,centro relato ocupan heroes distintos nervioso elegante mortifero maestro gatillo llegado territorio wyoming siguiendo general custer wild salvaje bill hickok batidor pistolero leyenda viviente busca ultima aventura indio gusano nadonaissioux mieyebo conocido caballo loco lucharia little big horn hombres comparten sueño matar muertos ultimo grandes bufalos blancos mistica presencia obsesiona busqueda criatura fabulosa real conduce solitarias tierras altas oeste postrera epoca selvatica pequeñas localidades llenas buscadores oro arruinados prostitutas asesinos campamentos ejercito elevadas montañas llanos cubiertos hierba poblados indios finalmente figuras legendarias oeste hickok caballo loco encuentran aterrador asombroso climax enfurecido ataque mismisimo bufalo blanco lleno fascinantes personajes figuras historicas escenas dramaticas leyenda hechos veridicos oeste agonizantes dias salvaje gloria,https://ww3.lectulandia.co/book/el-bufalo-blanco/,Aventuras,2026-09-10T17:14:45
160,james,['percival everett'],"['aventuras', 'humor', 'novela', 'satira']",,james libro fascinante reescritura aventuras huckleberry finn mark twain punto vista jim esclavocon humor tipico percival everett inteligencia sobrecogedora lector vive gran aventura libertad james nombre dignidad esclavo visitado forma clandestina biblioteca amo aprendido leer escribir entera vendido separar mujer hija decide escaparse aventura trepidante acompana huck convierten pareja personajes necesitan mutuamente sobrevivir conocerse saber verdadera conexion lenguaje fundamental libro lectura trepidante construido enteramente dialogos inteligentes criticas excepcionales grandes medios comunicacion unidos reino unido considerada forma generalizada obra arte encumbrado percival everett cima autores literarios contemporaneos pais fascinante conmovedora lectura edades,https://ww3.lectulandia.co/book/james/,Aventuras,2026-09-10T17:14:47
161,guarida diablo,"['douglas preston', 'lincoln child']","['aventuras', 'intriga', 'novela']",nora kelly,fulminante despido instituto arqueologico santa fe nora kelly acepta hacerse cargo proyecto financiado filantropo millonario investigar famoso incidente roswell años cuarenta teorico contacto alienigena posteriormente encubierto gobierno unidos examen pormenorizado imagenes realizadas radar penetracion terrestre revela escenario crimen lugar cadaveres sometidos accion algun tipo acido dificultar identificacion orificio bala craneos extraño artefacto metal plateado hallazgo terreno federal supone entrada escena fbi llegada agente especial corrie swanson tardara descubrir victimas agentes antigua union sovietica operaban territorio americano medida nora corrie profundizan investigacion surgen preguntas respuestas conspiracion poderosa parece dispuesta proteger verdad,https://ww3.lectulandia.co/book/la-guarida-del-diablo-lincoln-child/,Aventuras,2026-09-10T17:14:50
162,aventuras completas charlie willy wonka,['roald dahl'],"['aventuras', 'fantastico', 'infantil', 'novela']",,aventuras completas charlie willy wonka reune charlie fabrica chocolate charlie gran ascensor cristal primera historia charlie bucket gana billete dorado visitar magica fabrica willy wonka demuestra heredero ideal segunda viaja espacio familia wonka ascensor magico enfrentando peligros viviendo nuevas aventuras,https://ww3.lectulandia.co/book/las-aventuras-completas-de-charlie-y-willy-wonka/,Aventuras,2026-09-10T17:14:52
163,paz cruel,['theodor kallifatides'],"['aventuras', 'historico', 'novela', '']",,paz cruel guerra civil terminado partisanos aniquilados llegado momento reeducar griegos viejas tradiciones fieles cristianos verdaderos patriotas familia minos mudado atenas padre ejercer maestro pasado socialista familia vive penuria castigada hermanos participaron lucha antifascista vida sigue minos despertara adolescencia recuerdo rebeca permanece vivo nuevas experiencias amorosas apoderan atenas postguerra telon fondo escenas crueles tiernas burlescas conmovedoras alternan ofrecernos fresco vivacidad cautivadora cierra trilogia palabras propio kallifatides quise grecia griegos pueblo gente,https://ww3.lectulandia.co/book/una-paz-cruel/,Aventuras,2026-09-10T17:14:55
164,lineas rojas,['fernando rueda'],"['aventuras', 'novela', 'policiaco']",,relato agente mikel lejarza lobo infiltro banda mafiosa acabo busqueda 2000 millones euros sacados españa historia espias escalofriante inspirada real ocurrido 2002 trafico divisas miles millones pesetas banco israel posteriormente regresaban convertidas euros beneficiar true crime coral recupera figura matizada prestigiosos infiltrados infiltradas españoles historia conspiracion mundial organizada gobiernos poderosos ejecutada servicios inteligencia aparecen grupo mejores agentes infiltrados rebeldes inadaptados influjo trastorno estres postraumatico,https://ww3.lectulandia.co/book/lineas-rojas/,Aventuras,2026-09-10T17:14:56
165,diosa serpiente,['juan miguel zunzunegui'],"['aventuras', 'historico', 'novela']",trilogia independencia,muerte matamoros galeana morelos deja insurgencia destruida antiguos aliados luchando unen guerra independencia nueva españa fraile desterrado guerrillero español corsario estadounidense complejos pasado traiciones amenazan destruir libertad amor sofia guillen miguel montellano conflictos ancestrales jesuitas franciscanos secretos divinidades prehispanicas conspiraciones masonicas antigua pugna iglesia corona española dominio america medio guerra red mentiras emboscadas miguel sofia deben desenredar acontecimientos potencias europeas vuelven fundamentales conflicto historia abarca 300 años mitos conspiraciones estrategias persona pensada logra resolver unica luz esperanza,https://ww3.lectulandia.co/book/la-diosa-y-la-serpiente/,Aventuras,2026-09-10T17:14:58
166,monte terrible,['emily rodda'],"['aventuras', 'fantastico', 'juvenil', 'novela']",deltora,lief barda jasmine deben seguir mision recuperar siete gemas cinturon deltora unica forma garantizar paz reino recuperado rubi topacio dorado opalo lapislazuli quinta piedra esmeralda simbolo honor encuentra monte terrible lugar apacible habitado temibles serpientes vraals odiados gnomos malvado gellick sapo inmundo podido vencer,https://ww3.lectulandia.co/book/el-monte-terrible/,Aventuras,2026-09-10T17:15:00
167,arado espada,['theodor kallifatides'],"['aventuras', 'historico', 'novela']",,arado espada habitantes yalos parecen respirar tranquilos llegada ejercito britanico fin segunda guerra mundial resuena nuevo estruendo armas vacio postguerra fascistas toman grupos partisanos resistentes combatieron nazis enfrentan familia minos niño protagonista trilogia emerge primer plano tio stelios contador historias anecdotas fin maestro liberado carceles nazis fin reunirse familia minos primer amor niña judia rebeca hermanos mayores huyen montañas unirse resistencia fascismo madre valor fortaleza soporte,https://ww3.lectulandia.co/book/el-arado-y-la-espada/,Aventuras,2026-09-10T17:15:03
168,aurora esplendida,['jack london'],"['aventuras', 'novela']",,aurora esplendida jack london cuenta historia grupo mineros alaska fiebre oro klondike novela explora temas ambicion supervivencia naturaleza humana entorno hostil historia sigue personajes protagonista hombre busca fortuna relacion aventureros incluyendo mujer busca propio camino novela ambientada norte alaska lugar inhospito vida dura competencia brutal aurora esplendida novela ofrece vision realista menudo cruda vida fiebre oro personajes complejos trama llena accion drama,https://ww3.lectulandia.co/book/aurora-esplendida/,Aventuras,2026-09-10T17:15:06
169,isla mujer dormida,['arturo perezreverte'],"['aventuras', 'belico', 'historico', 'novela']",,novela mar amor aventuras egeo años guerra civil española abril 1937 españa transcurre guerra civil marino mercante miguel jordan kyriazis enviado bando sublevado atacar modo clandestino trafico naval union sovietica transporta ayuda militar republica base operaciones pequeña isla mar egeo vida corsario español cruzara turbio triangulo propietarios baron katelios esposa seductora mujer madura busca fria desesperacion modo escapar destino critica dicho gusta perezreverte recuerda dumas salgari umberto eco novelista perfecto literatura española tiempo pais perezreverte sabe retener lector vuelta pagina the new york times book review arturo perezreverte elabora novelas viejo barman español refinado elegante emborrachase vez corto maltes minute perezreverte inventado novelas generos existian españa alexis grohmann etapa creativa atravesando arturo perezreverte resulta asombrosa sergio vilasanjuan vanguardia,https://ww3.lectulandia.co/book/la-isla-de-la-mujer-dormida/,Aventuras,2026-09-10T17:15:08
170,origenes,['alfonso zamora llorente'],"['aventuras', 'fantastico', 'novela', 'terror']",madrid zielo,teniente iker salvatierra oficiales respetados bripac servir afganistan libano mali fin vive tranquilo destacamento madrid apocalipsis desata planeta ayuda equipo confianza tratara sobrevivir muertos traicion acumular 100000 lectores paises alfonso zamora llorente pone punto final saga zombi vendida españa unes equipo teniente salvatierra,https://ww3.lectulandia.co/book/origenes-alfonso-zamora-llorente/,Aventuras,2026-09-10T17:15:10
171,don quijote mancha ilust jose luis zazo,['miguel cervantes'],"['aventuras', 'drama', 'juvenil', 'novela']",clasicos medida,locura dejarse llevar sentimiento don quijote guiado amor puso disfraz salvador debiles armado lanza ideales entro batalla loco llene mundo quijotes presente adaptacion quijote dirigida publico infantil recoge episodios representativos obra reescritos forma clara sencilla respetando momento estilo texto universal cervantes,https://ww3.lectulandia.co/book/don-quijote-de-la-mancha-ilust-jose-luis-zazo/,Aventuras,2026-09-10T17:15:12
172,misterio aguila,['juan miguel zunzunegui'],"['aventuras', 'historico', 'novela']",trilogia independencia,novela aventuras amor arrebatadora tierna epica misterio aguila narra apasionada historia amor sofia miguel plena guerra independencia rivales idealismos origenes viven separados contienda develacion antigua conspiracion jesuita cambia enigmaticos linajes moctezuma hernan cortes quedan descubierto unira capitan realista miguel montellano hermosa mestiza sofia guillen infiltrada tropas insurgentes deberan superar obstaculos separan confrontacion rencor historico social pasado oculto jefes ejercito realista dispuestos matar siglo xvii guerra independencia historia aventuras misterio amor lucha ideales conspiracion traiciones devela secreto relacionado origen mexico protagonistas deberan descubrir lograr unirse vez poner fin conflicto,https://ww3.lectulandia.co/book/el-misterio-del-aguila/,Aventuras,2026-09-10T17:15:14
173,charlie fabrica chocolate ilus quentin blake,['roald dahl'],"['aventuras', 'fantastico', 'infantil', 'relato']",,señor wonka dueño magnifica fabrica chocolate escondido cinco billetes oro chocolatinas encuentren elegidos visitar fabrica charlie fortuna encontrar billetes partir momento vida cambiara,https://ww3.lectulandia.co/book/charlie-y-la-fabrica-de-chocolate-ilus-por-quentin-blake/,Aventuras,2026-09-10T17:15:16
174,historias ring,['arthur conan doyle'],"['aventuras', 'relato']",,extensa obra arthur conan doyle brillan luz propia sherlock holmes doctor watson profesor challenger sir nigel conviene olvidar produccion cuentos abarca temas diversos terror misterio aventura tiempos antiguos piratas etc habitual maestria versatilidad acertar generos sir arthur recrea cuentos integran presente volumen tiempos heroicos boxeo turbio mundo hampones vividores giraba trata coleccion relatos insolita sorprendente lectura deparara lector sabio combinado misterio aventura humana,https://ww3.lectulandia.co/book/historias-del-ring/,Aventuras,2026-09-10T17:15:18
175,marino españa,['alfonso romero'],"['aventuras', 'historico', 'novela']",narrativa maritima,españa siglo xvi tiempo conflictos europeos arriesgadas aventuras coloniales inacabable guerra turco frentes frentes subditos majestad catolica deslumbrados fulgor gloria vacilan cubrir cambio misera paga esperanza buen nombramiento acudiendo solicito llamada armas encontramos jose talavera capitan mar rey españa heroe posee virtudes españa epoca defectos llamados atraer sombrias nubes decadencia espiritu marino valiente leal vez exceso apasionado punto embarcarle ultima lucha cruenta dificil ganar propio corazon enemigo batir,https://ww3.lectulandia.co/book/marino-de-espana/,Aventuras,2026-09-10T17:15:21
176,corazones,['jack london'],"['aventuras', 'novela']",,joven descendiente pirata henry morgan dejo rica herencia quiere encontrar tesoro antepasado camino encuentra primo lejano henry morgan juntos encontraran peligrosas aventuras tierras desconocidas amor,https://ww3.lectulandia.co/book/tres-corazones/,Aventuras,2026-09-10T17:15:23
177,asesino sharpe,['bernard cornwell'],"['aventuras', 'belico', 'historico', 'novela']",richard sharpe,hombre imposible richard sharpe teniente coronel sharpe hombre reputacion nacido alcantarilla criado hospicio unio joven ejercito hogar hombre bala perdida convencionales metodos convierten pieza valiosa asentando polvo causado batalla waterloo duque wellington plenamente consciente fin guerra comienzo prepara nueva amenaza ejercito napoleon derrotado nuevo enemigo acecha sombras grupo secreto fanaticos revolucionarios empeñados vengar emperador wellington ocurre recurrir sharpe ocasion campo batalla completamente diferente laberinto calles componen ciudad paris lineas amigos enemigos difuminan facilidad encrucijada busqueda espia depende sharpe derrotar asesino letal decidido matar objetivo morir intento,https://ww3.lectulandia.co/book/el-asesino-de-sharpe/,Aventuras,2026-09-10T17:15:26
178,abominable hombre nieves,['r montgomery'],"['aventuras', 'fantastico', 'interactivo', 'novela']",elige propia aventura,abominable hombre nieves real leyenda amigo carlos dispuestos arriesgar vidas encontrarle escalareis altas montañas conseguir primeras fotografias peludo misterioso animal busqueda llevarte resplandeciente paraiso shangrila perecer enterrado toneladas nieve ocurra himalaya depende elijas leer releer historia veces quieras vivir arriesgadas aventuras,https://ww3.lectulandia.co/book/el-abominable-hombre-de-las-nieves-2/,Aventuras,2026-09-10T17:15:28
179,resistencia,['alfonso zamora llorente'],"['aventuras', 'fantastico', 'novela', 'terror']",madrid zielo,comenzo informacion ciudad respiraba aire tranquilidad rota dudosas noticias llegaban alemania reparo apacible compras centro comercial gavia barrio madrileño vallecas convertira pesadillas vez humano demostrara llegar sobrevivir grupos diferentes formas actuar destino,https://ww3.lectulandia.co/book/resistencia-alfonso-zamora-llorente/,Aventuras,2026-09-10T17:15:30
180,ultima batalla,['alfonso zamora llorente'],"['aventuras', 'fantastico', 'novela', 'terror']",madrid zielo,precipitada huida capital alfonso compañeros llegan ciudad alicante establecerse supervivientes viven castillo santa barbara vez comprobaran convivencia nuevo grupo facil sitiados infectados abarrotan costa tirania lider fortaleza ruano acabaran partiendo pequeña isla tabarca entablara batalla cambiara,https://ww3.lectulandia.co/book/ultima-batalla/,Aventuras,2026-09-10T17:15:32
181,arenas movedizas,['emily rodda'],"['aventuras', 'fantastico', 'juvenil', 'novela']",deltora,lief visto gracias opalo cuarta piedra encuentra arenas movedizas lugar inhospito dunas rojizas nubes amarillas camino pasaran ciudad rithmere poblacion parece feliz excitada punto celebrarse acontecimiento esperado juegos premio gran campeon mil monedas oro lief barda jasmine descubriran oro reluce,https://ww3.lectulandia.co/book/arenas-movedizas-emily-rodda/,Aventuras,2026-09-10T17:15:35
182,hija nieves,['jack london'],"['aventuras', 'novela']",,rocas nieves eternas alaska surge nacion nueva ritmo incesante martilleo buscadores oro acuden decenas millares atraidos quimera precioso metal ley ferrea ley gran ruta escrita ningun codigo otorga fuertes vida triunfo castiga debiles muerte figuras frona jacob welse magnates inmenso emporio vance corliss bishop aventureros parecen destacarse relato estatuas talladas granito,https://ww3.lectulandia.co/book/una-hija-de-las-nieves/,Aventuras,2026-09-10T17:15:37
183,trono destrozado,['victoria aveyard'],"['aventuras', 'fantastico', 'relato']",reina roja,rey corona busca sentido mundo turbado guerra princesa plateada confia vida capitan rojo caos tierra desconocida hermanos enemigos encuentran ultima vez monarca renuncia reino perseguir amor heroina chispa inicio revolucion descubre descansar paz adentrate oscuro peligroso mundo norta reinos contiguos volumen imprescindible incluye cuentos ineditos numerosos mapas arboles genealogicos epilogos coleccion magistral ofrece mirada completamente nueva queridos personajes iconica serie reina roja juego peligroso unica certeza traicion,https://ww3.lectulandia.co/book/trono-destrozado/,Aventuras,2026-09-10T17:15:39
184,tormenta guerra,['victoria aveyard'],"['aventuras', 'fantastico', 'novela']",reina roja,mare barrow aprendio victoria precio traicionada cal decidida proteger corazon asegurar libertad rojos nuevasangre mare resuelve derrocar reino norta vez comenzando nuevo monarca rey maven corona conquista sola rojos levanten mare debe unirse muchacho rompio corazon vencer joven acaba guerra punto estallar mare dado vida encuentra juego suficiente lograr victoria destronar reinos plateados acallara niña relampago,https://ww3.lectulandia.co/book/tormenta-de-guerra/,Aventuras,2026-09-10T17:15:41
185,matamonstruos,['jon bilbao'],"['aventuras', 'novela', '']",john dunbar basilisco,culminacion sagas western celebradas ultimos años novela definitiva escritores clave actual panorama narrativo español john dunbar conocido basilisco quiere espalda pasado brutalidad errancia vivir fin paz familia asienta lucrecia hija felicidad inhospito valle rocas pleno territorio navajo embargo perseguiran enemigos aterradores conocido enemigos parecen proceder mundo parte jon escritor creador aventuras basilisco regresa pueblo natal pretende rehabilitar vieja casa familiar instalarse lejano oeste dunbar acoge hijo antiguo enemigo duda amor lucrecia dificultades experiencia pistolero preparado jon topa rival punto arruinarle vida parece dispuesta intentarlo nuevo vidas personaje autor aproximan confundirse matamonstruos concluye exitosa saga iniciada basilisco continuada araña retoma personajes libros anteriores nouvelle extraños cierre epico redondo magistral juego espejos realidad ficcion,https://ww3.lectulandia.co/book/matamonstruos/,Aventuras,2026-09-10T17:15:43
186,poema gilgamesh trad rafael jimenez zamudio,['anonimo'],"['aventuras', '', 'poesia']",,comparado poemas epicos antiguedad frente eneida poemas homericos poema gilgamesh existen guerras enfrentamientos heroes pueblos enfrentamientos individuales hombres monstruos lucha apasionante inexorabilidad muerte muestra alma desnuda hombre alegrias tristezas desvelos fracasos ansias penurias asistimos oposicion hombre mortal frente dios inmortal definitiva obra epica nacional poema desafia barreras tiempo fijando exclusivamente atencion humano importante recomendamos descargar libros poesia formato epub dado pdf problemas visualizacion,https://ww3.lectulandia.co/book/el-poema-de-gilgamesh-trad-rafael-jimenez-zamudio/,Aventuras,2026-09-10T17:15:44
187,aventuras capitan hatteras,['julio verne'],"['aventuras', 'novela']",viajes extraordinarios,segunda novela viajes extraordinarios primera obra maestra julio verne aventuras capitan hatteras cronica descubrimiento polo norte paradigmaticos ejemplos concepto literatura aventuras autor novela verne vida grandes criaturas capitan hatteras compañeros entrañable doctor clawbonny hatteras primero sucesion hombres bastan voluntad inasequible desaliento animado unico norte vida verne complace presentarlo rasgos fisicos sobrehumanos unico expedicionario frio parece afectar organismo parece animado fuego interno exclusivo clawbonny parte supone creaciones humanas inolvidables universo verniano hatteras fulminante anima participan aventura sabio doctor necesario aglutinante confluyen voluntades gracias irrenunciable capacidad concordia novela historia obsesion obsesion polo norte obsesiones concluir modo absolutamente feliz,https://ww3.lectulandia.co/book/aventuras-del-capitan-hatteras/,Aventuras,2026-09-10T17:15:46
188,vuelo libelula,['gabriela exilart'],"['aventuras', 'historico', 'novela']",,secreto familiar llevara clara fin mundo cree halla principio historia madre vive plano caja guarda secreto nombre impulsan clara buscar pasado buque monte cervantes lleva fin mundo hallar anarquista preso ideales penal ushuaia naufragio crimen encuentro hombre ascendencia yagan pondran prueba facil señalaran dedo acusaran delitos sufrira humillaciones demostrar inocencia geografia hermosa gelida clara descubrira origen amor vuelo libelula poderosa novela historica romantica fascinantes toques realismo magico narra fortaleza mujer hundimiento crucero monte cervantes aguas heladas canal beagle,https://ww3.lectulandia.co/book/el-vuelo-de-la-libelula-gabriela-exilart/,Aventuras,2026-09-10T17:15:48
189,viaje san brandan,['benedeit'],"['aventuras', 'fantastico', '', 'relato']",,texto presente edicion primera version castellano escrito poeta corte anglonormanda enrique i beauclerc hijo guillermo conquistador 1106 refleja sociedad refinada expresion literaria culminaria medio siglo novelas tipo cortes repertorio juglares figuraba viaje san brandan compañia aventuras merlin tristan rey arturo relatos cantado recitado leido europa edad media españa alcanzo popularidad leyenda santo irlandes descubridor paraisos siglo xviii dudaron cartografos dibujar mapas afortunada isla san borondon octava parte archipielago canario pintoresco avatar leyenda brandaniana partir siglo xix dias caeria despropositos nacionalistas eruditos celtistas convirtieron brandan descubridor america precolombina eirik rojo resulta claro embargo texto siglo xii diario bordo libro navegacion peregrinaje iniciatico aventura circular ciclica siete años busca paraiso añorado finalmente hallado infierno constituye largo episodio relata detalladas descripciones suplicios tormentos padecidos judas caso escenas infernales teatro medieval despertarian maximo interes publico impedir placer horresco referens contraposicion tinieblas infernales mundo luz eterno sol islas visitadas destellante tesoro abadia albea grial oro lleva abad prenda penetrar monjes barco columna cristal mar piedras preciosas entrega doncel brandan final paseo jardin delicias textos unico mundo recorrido literatura viaje san brandan engarza red contextual nave eneas edad oro ovidiana trasplantada jardin edenico tradicion cuentos arabes purgatorio dante obligada lectura quiera conocer claves herencia cultural,https://ww3.lectulandia.co/book/el-viaje-de-san-brandan/,Aventuras,2026-09-10T17:15:49
190,hijo virrey,['pedro zarraluki'],"['aventuras', 'juvenil', 'novela']",,novela aventuras recuerda emocionantes historias twain salgari stevenson combina humor accion inolvidable alegato guerra anton dario jovenes 15 años viven inmersos actividad comercial puerto cartagena indias importantes epoca colonial anton hijo virrey muchacho reflexivo pacifico timido temeroso distante padre amigo dario joven mestizo cartagenero inquieto avido aventuras cree poseer poderes adivinatorios juntos pierden ciudad interminables correrias cabalgan traves selva pesca observan chicas preguntan besar despreocupada rutina cambiara primavera 1741 comience asedio britanico desembocara sangrienta batalla cartagena indias,https://ww3.lectulandia.co/book/el-hijo-del-virrey/,Aventuras,2026-09-10T17:15:51
191,mimpins ilustrado patrick benson,['roald dahl'],"['aventuras', 'fantastico', 'infantil', 'relato']",,pequeño billy cree historias madre monstruos viven bosque descubre gaznatehediondoabrasotrañaszampavivientes criatura escupe humo ardiente real igual diminutos mimpins mundo miniatura peligro relato aventuras elementos magicos trasfondo cuestion basica lucha,https://ww3.lectulandia.co/book/los-mimpins-ilustrado-por-patrick-benson/,Aventuras,2026-09-10T17:15:53
192,james melocoton gigante ilustrado nancy burkert,['roald dahl'],"['aventuras', 'infantil', 'relato']",,james niño huerfano vive horribles tias casa destartalada misteriosa pocion cambiar vida completo montado melocoton gigante james inicia fantastico viaje mundo entero,https://ww3.lectulandia.co/book/james-y-el-melocoton-gigante-ilustrado-por-nancy-burkert/,Aventuras,2026-09-10T17:15:54
193,sueño espada,['manuel sanchez g'],"['aventuras', 'historico', 'novela']",,alonso yañez tipo soldado quieren luchar tercios flandes ganado reputacion espadachin toledo capricho destino otorga ocasion proteger consejero corte pesar algun malentendido andanzas buenas maneras llaman atencion valido rey felipe iv condeduque olivares encomendara misiones delicadas ambiente cortesano mundo apariencias intenciones reales suelen ocultas peligros acechan cesar alonso vera abocado sucesivas aventuras faltaran acusaciones traicion misiones secretas peligros amor novela aventura corte clasico intrigas palaciegas lances amorosos disputas apasionadas sueño espada presenta siglo xvii creemos conocer sorprende gracias prosa templada emana frescura agilidad manuel sanchez g adentra punto vista protagonista escribe andanzas corte parece lugares toledo madrid barcelona tiempos querido conocer,https://ww3.lectulandia.co/book/el-sueno-de-la-espada/,Aventuras,2026-09-10T17:15:57
194,gran sequia,['alberto vazquezfigueroa'],"['aventuras', 'novela']",,espacio ocupa mujer corazon esposo ocupa cama tradicion aislados campamentos seminomadas profundo desierto mauritano pese gorda mujer beneficio significara familia dote podran casar leblouh llaman practica ancestral siglos sigue ceban pienso ganado laila cumple quince años descubrir existen mundos mujeres delgadas vida decide escapar inicia viaje inaudito joven pueblo gracias ayuda menelik comienza lucha sueños libertad mujeres fascinante huida descubrira paisajes fascinantes personajes increibles mayor problema enfrentado enfrenta seguira enfrentando humanidad falta agua alberto vazquez figueroa autores vendidos siglo xx lengua española reconocido critica lectores grandes novelas aventuras vez trae historia auna grandes temas maxima actualidad sequia feminismo leblouh tradicion pueblos africa engordar mujeres reventar ganar dinero sigue dia derecho humano,https://ww3.lectulandia.co/book/la-gran-sequia/,Aventuras,2026-09-10T17:16:00
195,assassins creed odyssey,['gordon doherty'],"['aventuras', 'historico', 'novela']",assassins creed,grecia siglo v ac kassandra mercenaria sangre espartana condenada muerte familia exilio embarcara viaje epico convertirse heroina legendaria descubrir verdad misterioso linaje embarcate aventura grecia clasica descubre secretos assassins,https://ww3.lectulandia.co/book/assassins-creed-odyssey/,Aventuras,2026-09-10T17:16:02
196,momo ed original,['michael ende'],"['aventuras', 'fantastico', 'juvenil', 'novela']",,momo niña especial posee maravillosa cualidad sentir escucha llegada hombres grises pretenden apoderarse tiempo personas cambiar vida unica dejarse engañar ayuda tortuga casiopea maestro hora emprendera aventura fantastica ladrones tiempo,https://ww3.lectulandia.co/book/momo-ed-original/,Aventuras,2026-09-10T17:16:05
197,pentameron,['giambattista basile'],"['aventuras', 'fantastico', 'juvenil', 'relato', 'satira']",,lectores saben hermosas fabulas mundo cenicienta gato botas acabar paginas perrault hermanos grimm descubrimos niños recogidas tradiciones orales napolitano giambattista basile publico comienzos siglo xvii dialecto barroco napolitano pentameron definida benedetto croce antiguo rico artistico libros fabulas populares italo calvino sueño shakespeare napolitano mayor parte paginas integrado mitologia intima libro amable brutal tierno plebeyo sabio popular sigue obra maestra desconocida,https://ww3.lectulandia.co/book/pentameron/,Aventuras,2026-09-10T17:16:08
198,allan egipto antiguo allan,['h rider haggard'],"['aventuras', 'ciencia ficcion', 'novela', '']",allan quatermain,proverbial maestria reconocen h rider haggard autor obras famosas ayesha desarrolla fecundo escritor maravillosas aventuras allan quatermain egipto personaje espiritu aventurero multiples facetas creacion rider haggard presenta episodio vida nuevo aspecto personalidad deslumbrante pompa legendario sugestivo oriente luchas ambiciones ritos misteriosos llenos poesia tratados novela estupenda habilidad mago pluma primeras paginas relato apodera lector traves vicisitudes amada sacerdotisa isis cazador shabaka quatermain bes rey enano interes decaiga momento emocion suspenso ofrece lector actuacion personajes encarando enconada lucha hombres bestias conquista amor uniendose maravilloso fantastico pasiones real emocion humana probando facundia autor confirma novela indiscutible dominio genero literario,https://ww3.lectulandia.co/book/allan-en-egipto-o-el-antiguo-allan/,Aventuras,2026-09-10T17:16:09
199,historia gillion trazegnies,['anonimo'],"['aventuras', 'relato']",,gillion hijos marie esposa rogar dios conceda finalmente descendencia gillion parte jerusalen prisionero salvado muerte graciana hija sultan cairo enamora hainaut marie gemelos jean gerard pasan catorce años gillion regresa creyendose viudo casa graciana hija sultan gemelos buscarle oriente finalmente encuentran madre viva regresa pais hijos graciana convertidos cristianismo mujeres entraron convento permanecieron ultimos dias gillion llamado sultan regresaba oriente moria batalla corazon enterrado hainaut esposas historia gillion trazegnies dama marie mujer obra anonima literatura belga conoce forma novela s xv escrita corte borgoña honor gran familia hainaut trazegnies dedicado felipe bueno origen parece pieza narrada teatralmente primeras noticias s xiv personaje central novela gillion trazegnies existido personaje ficcion novela biografia alabanza persona historica obra creacion literaria pleno sentido termino constituye hito evolucion literatura francesa figura central inspirada manera gilles trazegnies medio oriente esposas embargo lee texto novela advertira diferencias novelescas notables verdadero gilles trazegnies acompaño rey san luis francia cruzadas nombrado condestable francia tierra santa cargo ocupo final vida parte mujeres simultaneas enviudo volvio casar enterraron esposas egipcia,https://ww3.lectulandia.co/book/la-historia-de-gillion-de-trazegnies/,Aventuras,2026-09-10T17:16:11
200,hijos sombras,['fernando gamboa gonzalez'],"['aventuras', 'novela']",capitan riley,hijos sombras transcurre inmediatamente hechos narrados novela tinieblas embargo recomendable disfrutar perfectamente novela corta leido precedentes nueva aventura totalmente independiente anteriores espero disfrutes fernando gamboa julio 1943 arlington virginia llama urgencia puerta capitan alex riley plena madrugada adormilado levanta cama baja escaleras trata abrir encuentra hombres uniformados ordenan acompañen riley queda remedio obedecer sospechar remotamente partir momento vera arrastrado aventura oscura perturbadora vida meses regreso mision corazon africa recuperado heridas oficina inteligencia naval vuelve encargarle trabajo apariencia sencillo sabe vez debera enfrentarse enemigo imaginable enemigo ancestral ocasiones revela sombras mostrarnos realidad enemigo habita lado oscuro corazones aparece lleva dudar propia humanidad nueva mision resultara parece operacion espionaje militar pasara convertirse rapidamente espantosa pesadilla podra escapar ocasion alex riley sumergirse profundo tinieblas dejame advertirte unes nueva aventura puedas regresar,https://ww3.lectulandia.co/book/hijos-de-las-sombras/,Aventuras,2026-09-10T17:16:14
1,largo camino miedo,['karl von vereiter'],"['aventuras', 'belico', 'novela']",,junio 1941 hitler luz verde provecto barbarrosa potente maquina guerra tiempos inicio invasion rusia sovietica primer momento resultados parecieron demostrar vez genialidad militar fuhrer tercer reich vez guerra relampago encendio llanuras europa tanques avanzaron velozmente corazon pais bolcheviques calles berlin ciudades alemanas frenetico gentio alzaba brazo gritaba enronquecer sieg sieg sieg grito victoria parecia justificado frios invierno pintaron blanco paisaje victoria kiev tanques apuntaban moscu poderosa maquina germana empezo frenar vertiginoso impulso comienzo campaña ocurria hitler intimos colaboradores seguian afirmando ejercito rojo carecia espiritu combativo cuadros minados antisovietismo corazon mayoria soldados rusos alentaba incoercible odio regimen stalin bruscamente frente poderoso ejercito reich rusos lanzaron formidable ofensiva mundo incredulo vencedores cien batallas replegarse velozmente posible abandonando helado terreno hombres material cuartel general hitler frenetico sufria primeras coleras enloquecidas posible ejercito miserables harapientos ignorantes esclavos combatian amenaza pistola comisarios politicos pudiese frente wehrmacht rabia fuhrer recayo generales coroneles comandantes aniversion altos cargos ejercito patente destituciones fulminantes cayeron granizo unidades retiraban hombres helados hambrientos insuficientemente vestidos hitler esperaba penetrar moscu navidad retrocedian traves llanura helada mil veces horrible retirada fuerzas napoleon repliegue wehrmacht constituyo alucinante triste aventuras belicas tiempo,https://ww3.lectulandia.co/book/el-largo-camino-del-miedo/,Aventuras,2026-10-03T17:16:57
2,imperio ruinas,['lucia cerezo'],"['aventuras', 'fantastico', 'novela']",fenix dragon,veces guerra gana espadas veces gana mano extendida sombra compartida verdad susurrada oido tormentas eternas almas fuertes atravesarlas eda llego mundo skylar ohara volvio sentir latidos propio corazon permanecido inerte siglos embargo jinete corre peligro dama vuelto parara hacerse magia eda imperio guerra punto comenzar alianzas imposibles bestias ancestrales secretos enterrados podran salvar imperio destino imperio fuego azul imperio llamas lucia cerezo vuelve poner prueba reglas magia fantasia tercera entrega saga fenix dragon atreves arriesgar corazon,https://ww3.lectulandia.co/book/imperio-en-ruinas/,Aventuras,2026-10-03T17:16:59
3,dejame sombras,['oscar beltran otalora'],"['aventuras', 'intriga', 'novela']",,alejado antigua vida frenetica juan lecuona exguerrillero exespia exiliado ladron guante blanco vive niza casinos yates lujo desmedido francia 1963 enfrenta guerra civil encubierta independencia argelia robo joyeria perpiñan saca juan placido sueño acaba asaltar saberlo mafia marsellesa quiere cabeza servicios secretos franceses ofrecen salida suicida cambio trato mafia costa azul juan debera robar organization larmee francaise oas grupo terrorista formado militares opuestos independencia argelina obsesionados matar general gaulle antiguo espia debera regresar españa robar dinero oas infiltrarse grupo clandestino asesinos protegen policias misteriosa mujer controla capital organizacion peligrosa europa novela espias basada hechos reales recorre guerra guerra españa argelia francia dejame sombras ejercicio apasionante historia accion,https://ww3.lectulandia.co/book/dejame-en-las-sombras/,Aventuras,2026-10-03T17:17:00
4,terradraga,['arden montag'],"['aventuras', 'fantastico', 'novela']",,ciclo 984 argia ultima cruenta guerra hombres bandos recurrio prohibido dragones traves argia maga poderosa pisado planeta soles destruccion ultima guerra maga luz primero dragos mitad humano mitad dragon ciclos insolita peninsula terradraga kortodos suargos dracknodones bograx dragos huerfanos iran encajando piezas historia une viviran trepidante aventura magia amor coraje convertiran llama alimente fuego libertad relato epico descubriremos secretos forja olvidada escuela dragos azules oculto albergar misterioso libro forma musica convierte simbolo resistencia union rebeldes llama ejercito desheredados unidos luchar dictadura reina teesha principe crimson drago fuego unidos incendio,https://ww3.lectulandia.co/book/terradraga/,Aventuras,2026-10-03T17:17:03
5,samurai errante,['carlos bassas'],"['aventuras', 'historico', 'novela']",aki monogatari,japon keicho año decimosexto emperador gomizunoo ogosho tokugawa ieyasu ordenado construccion secreto nao estilo occidental lugar recondito provincia mutsu norte objetivo establecer nueva ruta comercial virreinato nueva españa aprovechando corriente negra proyecto avanza buen ritmo llegada primera luna otoño muerte serie campesinas trabajadores nieguen continuar parece indicar responsable kodama espiritu bosque decidido proteger hogar dispuesto averiguar verdad daimyo date masamune señor tierras envia investigador asuntos especiales miyamoto tsunetomo hijo adoptivo discipulo aki lugar retraso fecha entrega barco shogun suponer clan caiga desgracia contratiempo inesperado obliga aki seguir unica ayuda contara shugyosha misterioso samurai errante conocido camino samurai errante novela aventuras fielmente ambientada japon principios siglo xvii cambiando nuevo sistema gobierno instaurado tokugawa unificacion pais funciones propia razon clase samurai sometida burocracia creciente nueva clase social chonin japon necesita vez guerreros comerciantes,https://ww3.lectulandia.co/book/el-samurai-errante/,Aventuras,2026-10-03T17:17:05
6,theodoros,['mircea cartarescu'],"['aventuras', 'drama', 'fantastico', 'novela']",,ejercicio pura libertad literaria obra torrencial liberrima exuberante inclasificable novela epica realista fantasmagorico tudor hijo menor sirvientes corte gran boyardo atrasada valaquia nacimiento ambicion parece guiar pasos arduo ascenso dudara dejar camino sembrado cadaveres historia cruzan rey salomon reina saba bisabuelo john lennon general napier reina victoria tudor theodoros bandido pirata pecador devoto terror mares helade vivira bosques monasterios presenciara batallas milagros finalmente convertira tewodros despiadado emperador emperadores soberano absoluto abisinia historias amor aventuras reales fantasticas voluptuosas crueles cartarescu entrelaza historico legendario filosofico pasajes prodigiosamente hermosos crear universo abarca creacion dias juicio final reseñas leer cartarescu experiencia evasion entretenimiento procura puro extasis alegria monde autores capaces andar fondo libro libro confirma aventuras literarias solidas letras contemporaneas francesc seres pais,https://ww3.lectulandia.co/book/theodoros/,Aventuras,2026-10-03T17:17:08
7,invencible trad abel murcia katarzyna mołoniewicz,['stanislaw lem'],"['aventuras', 'ciencia ficcion', 'novela']",,invencible nombre enorme nave interestelar parte encuentro gemela impresionante guerrera condor ultima perdida regis iii aislado deshabitado planeta provocara oleadas angustia vital sobrevivieron acuden ayuda manera abrupta devastadora violenta nanobots viajes espacio inteligencia enjambres evolucion artificial citan relato despiadado atroz supervivencia humana cosmos invencible centro pensamiento humano utopia hombre busqueda verdad importancia diferenciarnos seres universo punta iceberg gran desafio misterioso cruel proponen existencia incapacidad conquistarlo,https://ww3.lectulandia.co/book/el-invencible-trad-abel-murcia-y-katarzyna-moloniewicz/,Aventuras,2026-10-03T17:17:11
8,rey rojo,['victor kelleher'],"['aventuras', 'infantil', 'juvenil', 'novela']",,timkin jovencisima acrobata viaja territorios bosque pequeña troupe circense simple esclava destinada enfrentarse rey rojo mantiene subditos atemorizados amenaza ejercito miedo contagio terrible enfermedad consume fiebre contraen amo estimula deseos venganza ansias libertad ayudada monita oso amaestrados adentrara morada subterranea tirano objetivo acabar dominio liberarse vez esclavitud descubrir prision crea interior ilustraciones dionisio ridruejo,https://ww3.lectulandia.co/book/el-rey-rojo/,Aventuras,2026-10-03T17:17:12
9,mil noches,['anonimo'],"['aventuras', 'relato']",,edicion completa clasico premiada traduccion salvador peña,https://ww3.lectulandia.co/book/mil-y-una-noches/,Aventuras,2026-10-03T17:17:14
10,lorenzo ferrer maldonado misterio paso noroeste,['carlos alonso mendizabal'],"['aventuras', 'historico', 'novela']",narrativa maritima,lorenzo ferrer maldonado misterio paso noroeste novela historica trata apasionante biografia capitan mar descubrio paso oceano atlantico oceano glacial artico dispone continuidad cronologica datos historicos autor suplido carencias hechos imaginados terminan configurar vida apasionante verdadero hombre renacimiento arte ciencia adornaron andaluz notoriedad gestas apoyo entusiasmo gentes politicamente correcto envidia desprecio considerarse clase dirigente guadix mesina lepanto flandes sevilla granada cartagena indias filipinas cuba cadiz aveiro mares escenarios escribio paginas azarosa emocionante vida llena aventuras murio madrid año señor 1625,https://ww3.lectulandia.co/book/lorenzo-ferrer-maldonado-el-misterio-del-paso-del-noroeste/,Aventuras,2026-10-03T17:17:17
11,llamada salvaje ed clasicos medida,['jack london'],"['aventuras', 'juvenil', 'novela']",,alabada critica publico publicacion 1903 dejado reimpresa lectura obligatoria escuelas estadounidenses relato supervivencia retorno salvaje buck enriquecido sueños generaciones lectores fantaseaban tierras norte esconde significado profundo london avisa frontera civilizacion salvaje delgada fragil hombres perros incluye finis relato breve lugar tierras inhospitas llamada salvaje,https://ww3.lectulandia.co/book/la-llamada-de-lo-salvaje-ed-clasicos-a-medida/,Aventuras,2026-10-03T17:17:19
12,oscuro capitan blackdawn,['ivana von retteg'],"['aventuras', 'novela']",blackdawn,johnny blackdawn adolescente debatia pirata servir marina real britanica camino llevado convertirse capitan capitanes habilidades alta mar valido mote hazañas frente espectro letal barco pirata golpeado vez compañia indias exito frente revolucion bucaneros johnny dejado grandes enemigos esperan pacientemente momento vengarse particular hermanos perdido dispuestos arriesgar queda verlo humillado vencido querer robarle tesoro cortes recurriran tacticas bajas mundo johnny podra considerarse salvo esposa hijos batallas epicas dilemas oscura espiral locura violencia esperan johnny podra hacerle frente embate venganza costo,https://ww3.lectulandia.co/book/el-oscuro-capitan-blackdawn/,Aventuras,2026-10-03T17:17:22
13,precioso testamento,['h rider haggard'],"['aventuras', 'novela']",,colision ballenero mr meeson redacta testamento conduce interesante batalla judicial,https://ww3.lectulandia.co/book/un-precioso-testamento/,Aventuras,2026-10-03T17:17:24
14,oliver twist ed alba,['charles dickens'],"['aventuras', 'drama', 'novela']",,oliver twist publicada entregas 1837 consolido fama charles dickens duda novelas conocidas proponia demostrar servir moral historia personajes elegidos criminal degradado poblacion londres embargo sobrevivieran candidez fragilidad historia pequeño oliver criado hospicio empleado maltratado funeraria fugitivo londres reclutado panda ladrones reconoce magnifico relato inocencia acosada distintos protectores encontrando camino descubren dickens idilico sentimental bando corruptores asoman inquietantes creaciones fagin genio crimen ladronzuelo jack dawkins asesino sikes misterioso monks inspiran repulsion atraccion faltan novela efectos causticos vez reparadores sentido humor anna grigorievna segunda mujer dostoievski recordaba peores momentos entraba formar parte vida sobrellevabamos gracias pobreza resignacion veces irresponsablemente,https://ww3.lectulandia.co/book/oliver-twist-ed-alba/,Aventuras,2026-10-03T17:17:26
15,flor sagrada,['h rider haggard'],"['aventuras', 'novela']",allan quatermain,flor sagrada 1915 rider haggard abandona momento reservaria final trilogia zikali hechicero intenso relato guerras zulues desenlace producido volver escenarios viajes aventuras reinos africanos desconocidos crei flor libraria suerte peripecias allan quatermain heroe personal preferido rider haggard flor misteriosa orquidea origen desconoce custodiada tribu costumbres barbaras creen pertenencia ligada flor volvemos encontrar inseparable servidor hans despotas jefes tribus hechos semifantasticos gigantesco gorila asesino romance vez protagonizado joven stephen somers figura evoca muerto hijo haggard joven misteriosa diosa blanca madre custodia flor,https://ww3.lectulandia.co/book/la-flor-sagrada/,Aventuras,2026-10-03T17:17:28
16,capitan,['victor san juan'],"['aventuras', 'historico', 'humor', 'novela']",narrativa maritima,costa chilena pacifico 1821 guerra independencia gran imperio derrumba victima contradicciones joven nacion sustituira surge mano audaces romanticos marinos capitan balandra liebre navega reunirse escuadra refuerzo enviada españa encuentra gran sorpresa terribles capitanes enemigos complices traidor navega bordo tesoro inesperada compañera huida obra homenaje antitesis novelas nauticas clasicas verdadero fondo valentia mujer busca respuesta exige afrontada pesar encontrara,https://ww3.lectulandia.co/book/soy-capitan/,Aventuras,2026-10-03T17:17:31
17,caballero carmesi,['carlos arroyo gonzalez'],"['aventuras', 'fantastico', 'novela']",cronicas astarca,esperado final trilogia epico enfrentamiento decidira futuro astarca valan prisionero ciudadela circulo recuperar hijo atsorin debera derrotar magnus aurum embargo sabe abismal posibilidad lograrlo unica esperanza atravesar laberinto sargon lugar olvidado capaz regresar laberinto creado primero poderoso unari caido espiral locura mitico reino nueva lubecia despertado frontera nirvenia punto estallar batalla formidable tiempos antigua hermandad asegura caballero carmesi legendario personaje devolvera paz astarca punto aparecer,https://ww3.lectulandia.co/book/el-caballero-carmesi/,Aventuras,2026-10-03T17:17:34
18,ruta sangrienta,['sven hassel'],"['aventuras', 'belico', 'novela']",biblioteca sven hassel,ruta sangrienta duda novelas logradas sven hassel famoso autor bestsellers centrados torno actividad tropas alemanas segunda guerra mundial reaparecen personajes conocidos numerosos lectores sven hassel viejo hermanito porta legionario unen nuevos tango bufalo unidad mando halla viejo enfrenta partisanos griegos 500 encontrando doquier marcha ruta sangrienta asisten escenas verdaderamente desgarradoras niño enloquece desertores matan jovenes padres fusilamiento previo juicio robado adolescentes niños apocalipticas dantescas escenas desgracia producto imaginacion autor,https://ww3.lectulandia.co/book/la-ruta-sangrienta/,Aventuras,2026-10-03T17:17:36
19,cielo sangre,['carlos arroyo gonzalez'],"['aventuras', 'fantastico', 'novela']",cronicas astarca,fuente magia primordial agotado desaparecido esfera mantenia segura astarca turgen despiadados seres procedentes plano entrado astarca arrasarlo paso aldeas ciudades cayendo reino nirvenia intenta resistir atsorin envia mision ruinas antigua universidad arcana recuperar unico objeto vez cerrar nuevo plano astarca lider circulo regresado dispuesto vengarse sir desmond comienzo planes ultimos acontecimientos magnus aurum paladin supremo unari desbordado situacion batallas monstruos ruinas laberinticas traiciones encontraras paginas trepidante segunda parte serie iniciada cenizas astarca,https://ww3.lectulandia.co/book/cielo-de-sangre/,Aventuras,2026-10-03T17:17:39
20,cenizas astarca,['carlos arroyo gonzalez'],"['aventuras', 'fantastico', 'novela']",cronicas astarca,mutilaron desecharon regresado reclamar trono cuenta leyenda rey alas plateadas devolvera nirvenia esplendor antiguo reino andorico atsorin nacio alas plata cortaron niño trono ocupado eldar iniciado tirania anunciado recompensa cabeza atsorin derrotar eldar reclamar corona unica opcion recuperar alas debera embarcarse viaje lleno peligros traves astarca embargo contara ayuda magia primordial utilizando dados recogen fragmentos magicos existen dados poderosos responsables gran cataclismo tiempos rey magriel dados capaces destruir mundos cambiar curso tiempo vez dados ultima esperanza atsorin viaje debera enfrentarse monstruos legendarios atravesar lugares pesadilla visitar oscuras mazmorras encontrara heroes leyenda armas capaces derrotar miticas bestias objetos magicos inimaginable,https://ww3.lectulandia.co/book/cenizas-de-astarca/,Aventuras,2026-10-03T17:17:42
21,honesto mentiroso,['rafik schami'],"['aventuras', 'juvenil', 'novela']",,llegado circo morgana sadik joven ciudad extraordinaria imaginacion convencido noche noche funcion divierta fantasias grandes pequeños contando mordaces fabulas desfilaran animales inverosimiles risocuerna rinoorejas metijon magnifica obra deleita autor narradores noche,https://ww3.lectulandia.co/book/el-honesto-mentiroso/,Aventuras,2026-10-03T17:17:44
22,tren samarcanda,['guzel yajina'],"['aventuras', 'novela']",,otoño 1923 comandante deyev joven veterano guerra civil rusa debe llevar cabo tarea crucial evacuar convoy ferroviario quinientos niños orfanato kazan conducirlos ciudad sureña samarcanda atroz hambruna azota corazon pais acompaña supervisa tierno compasivo deyev belaya representante comision infancia bolchevique convencida caracter fuerte juntos deberan recorrer cuatro mil kilometros seis semanas unico proposito salvar vida niños peripecias viviran trayecto descritas gran realismo adquieren dimension mitica gracias magistral pluma yajina capaz convertir deyev ulises moderno largo periplo gran aventura tintes legendarios,https://ww3.lectulandia.co/book/tren-a-samarcanda/,Aventuras,2026-10-03T17:17:47
23,flor sueño,['gustave rouge'],"['aventuras', 'fantastico', 'intriga', 'novela']",misterioso doctor cornelius,aventuras misterioso doctor cornelius duda obras maestras novela negra popular belle epoque rouge mezcla intriga vision cientifica universo novelistico gran originalidad nueva york bretaña gran oeste americano isla ahorcados pluma rouge lleva lector lugares asombrosos misteriosos enigmaticos chocan concepciones antagonicas mundo encarnada cientifico frances prosper bondonnat investigaciones centran unicamente añadir piedra radiante edificio modernidad malvado doctor cornelius kramm cirujano plastico estadounidense escultor carne humana inventor carnoplastia obsesion esencialmente dinero,https://ww3.lectulandia.co/book/la-flor-del-sueno/,Aventuras,2026-10-03T17:17:49
24,siete casas francia,['bernardo atxaga'],"['aventuras', 'novela', 'satira']",,yangambi rio congo ejercito leopoldo ii belgica impone orden autoridad lalande biran poeta deseos amasar fortuna regresar tertulias cafes paris mueven disparatados esplendidos personajes convierten selva delirante circo ambicion absurdo humano ex legionario coco mujeriego brutal cabeza dividida gigante donatien servil perfido mandriles virgen leon deslumbrante nativa cosas comienzan diferentes llegada nuevo oficial chrysostome liege tirador infalible esconde enigmatica personalidad siete casas francia novela huye cronica sombria denuncia vehemente busca cambio traves humor aventura metafora habla lado siniestro mundo,https://ww3.lectulandia.co/book/siete-casas-en-francia/,Aventuras,2026-10-03T17:17:52
25,virada,['tomas salvador'],"['aventuras', 'drama', 'novela']",,libro describe lucha tenaz hombres llamados garimpeiros lograr cambiar curso rio buscar diamantes continuacion novela garimpo escrita 1952 leerse independientemente,https://ww3.lectulandia.co/book/la-virada/,Aventuras,2026-10-03T17:17:54
26,chancellor,['julio verne'],"['aventuras', 'novela', 'terror']",viajes extraordinarios,pasajeros chancellor descubren barco ardiendo capaces imaginar horrores aguardan verne gran admirador poe pretendio escribir relato crueldad recordara narracion arthur gordon pym llevare volumen realismo espantoso escribio editor creo balsa medusa producido terrible estilo cortado propio diario naufragos contando torturas padecen balsa perdida oceano habitual verne personajes abnegacion inocencia heroismo alcanzan limites insospechados,https://ww3.lectulandia.co/book/el-chancellor/,Aventuras,2026-10-03T17:17:57
27,tarzan hombre leon,['edgar rice burroughs'],"['aventuras', 'novela']",tarzan,tarzan descubre entrega cientifico loco logrado grupo gorilas comporten seres humanos recreado londres siglo xvii profundidades junglapor lado encuentra equipo cine intentando rodar pelicula condiciones propicias perdido estrellaspor primera vez serie burroughs alusion velada tratamiento hollywood obra narrativa ofrece mirada critica acerca mundo estrellas cinematograficas,https://ww3.lectulandia.co/book/tarzan-y-el-hombre-leon/,Aventuras,2026-10-03T17:17:59
28,nacimiento guerrero,['matthew harffy'],"['aventuras', 'historico', 'novela']",tiempo espadas,presagios anunciado hambruna vientos huracanados relampagos cielo despejado serpientes volando aire embargo sucedio preparado norte descendiendo lugar sagrado reino monasterio lindisfarne barcos dragon proa deslizaron niebla amanecer 8 junio año 793 llego caos sangre saqueo vikingos monjes huyen resguardan joven novicio mantiene firme educado caridad templanza matanza hermanos profanacion pagana iglesia perdon resulta imposible vivido cambia existencia joven hunlaf descubre repente tiempo fe oracion espadas,https://ww3.lectulandia.co/book/el-nacimiento-de-un-guerrero/,Aventuras,2026-10-03T17:18:01
29,busqueda tarzan,['edgar rice burroughs'],"['aventuras', 'novela']",tarzan,tarzan escuchado rumores extraña raza kavuru salvajes blancos roban hija muviro jefe waziri señor jungla parte busca pueblo rescatarla necesario vengarla imaginar rastro correra extraño grupo supervivientes accidente aereo incluye amada jane destino deparara cita sangre fuego temido templo kavuru,https://ww3.lectulandia.co/book/la-busqueda-de-tarzan/,Aventuras,2026-10-03T17:18:03
30,tarzan ciudad oro,['edgar rice burroughs'],"['aventuras', 'novela']",tarzan,tarzan salva tortura desconocido hombre blanco sorprende descubrir procede pais noticia tierra onthar escenario lucha encarnizada habitantes athne ciudad marfil cathne ciudad oro emplean leones entrenados matar conocera tarzan lasciva reina nemore parece decidida convertirlo consorte echarlo leones intrepido tarzan enfrenta situacion sirve experiencia selva debido contenido erotico tarzan ciudad oro victima censura recientemente publicado version integra español,https://ww3.lectulandia.co/book/tarzan-y-la-ciudad-de-oro/,Aventuras,2026-10-03T17:18:05
31,cabo hornos vela,['bernard moitessier'],"['aventuras', 'novela', '']",,libro bernard moitessier relata legendaria travesia 14216 millas traves ruta cabo hornos rutas penosas arriesgadas atraviesa zona maritima altas latitudes grandes veleros dedicados transporte comercial desaparecieron dejar rastro escritor sensible inteligente participes lectores tipo navegacion corriente embriagadora arriesgada revivimos temibles seis dias temporal joshua huyendo palo seco recorrio 600 millas amenazador cabo hornos doblarlo lector vivido tortugas iguanas galapagos deslizado atolones coral islas tuamotu naturalmente visitado tahiti ultima escala gran desafio,https://ww3.lectulandia.co/book/cabo-de-hornos-a-la-vela/,Aventuras,2026-10-03T17:18:08
32,tarzan ciudad prohibida,['edgar rice burroughs'],"['aventuras', 'novela']",tarzan,suerte correr expedicion destinada hallar mitica ciudad ashair importarle tarzan aseguran rumores encuentra gema valor incalculable padre diamantes estimulado leyenda aventurero brian gregory perdido espesura dejar rastro embargo paul darnot buen amigo tarzan pide guie expedicion encabezada padre hermana gregory hombre mono negarse conducirlos ciudad prohibida saber conduce muerte enigmatico atan thome oido hablar mitico diamante seguira pasos,https://ww3.lectulandia.co/book/tarzan-y-la-ciudad-prohibida/,Aventuras,2026-10-03T17:18:10
33,espada katham,['lem ryan'],"['aventuras', 'ciencia ficcion', 'fantastico', 'novela']",katham,katham guerrero marcado oscuro pasado atrapado lucha espada aceptar trabajo aparentemente simple encuentra fuerzas poderosas peligrosas imagino mundo magia violencia entrelazan destino katham cambiar,https://ww3.lectulandia.co/book/la-espada-de-katham/,Aventuras,2026-10-03T17:18:12
34,collar hombre errante,['h rider haggard'],"['aventuras', 'historico', 'novela']",,vikingo olaf descubre saquear tumba llaman hombre errante misterioso collar mujer viajado traves siglos dinamarca bizancio grecia egipto olaf debera viajar luchar destino misteriosa mujer aparece sueños vuelvan unirse obra inedita español dias autor minas rey salomon esboza fresco mundo medieval protagonista recorrera extremo buscando mujer conoce unido nacimiento tono evoca eddas nordicas amantes genero disfrutaran gran obra olvidada traducida primera vez español,https://ww3.lectulandia.co/book/el-collar-del-hombre-errante/,Aventuras,2026-10-03T17:18:15
35,lazo roto,['jin yong'],"['aventuras', 'novela']",leyendas heroes condor,china siglo xii zhongdu guo jing esperan importantes revelaciones descubre fin verdad muerte padre comprende debe dirigir venganza encuentra prometido voluntad shifus siete heroes sur padre adoptivo gengis kan mujeres diferentes amada huang loto luchando designios corazon deber filial guo jing emprende viaje tierra ancestros acompañado huang loto pasado cierne viuda guerrero cruel mato accidentalmente niño localizado pretende vengarse averiguar padre joven principe yang kang convierte hermano jurado guo jing debe elegir propio destino dotado escritura sencilla refinada combina precision historica hazañas imaginarias tramas complejas personajes entrañables lazo roto adictivo relato epico venganza amor traicion lealtad honor amistad componen contexto resistencia opresor extraordinario fresco atormentada historia china siglo xii,https://ww3.lectulandia.co/book/el-lazo-roto/,Aventuras,2026-10-03T17:18:17
36,mameena hija tempestad ed ilustrada,['h rider haggard'],"['aventuras', 'novela']",allan quatermain,haggard continua intenso relato guerras zulues presentandonos malvada fascinante mameena especie elena troya zulu autor amplia base historica relato describe sangriento conflicto principes cetewayo umbelazi sucesion trono zululandia hija tempestad 1913 sexta historia saga allan quatermain tercera orden cronologico cuenta hechos relatados guerra zulu 1912 seguido esposa allan 1889 gran cazador narra historia muerte segunda esposa stella carson asesinada hendrika temible mujermandril,https://ww3.lectulandia.co/book/mameena-hija-de-la-tempestad-ed-ilustrada/,Aventuras,2026-10-03T17:18:19
37,tarzan invencible,['edgar rice burroughs'],"['aventuras', 'novela']",tarzan,suma sacerdotisa antigua ciudad opar vilmente traicionada gente encerrada mazmorra tarzan rescatarla ocasion tarzan debera enfrentarse propios sentimientos intentar herir parte debera plantar cara partida extraños hombres invadido tierra encabezados loco perversas intenciones embargo hombre mono logra salir airoso situaciones contar colaboracion amigos,https://ww3.lectulandia.co/book/tarzan-el-invencible/,Aventuras,2026-10-03T17:18:21
38,leyendas caucaso estepa,['alexandre dumas'],"['aventuras', 'juvenil', 'relato']",,incansable recopilador relatos anecdotas legendarias alexandre dumas 18021870 autor mosqueteros conde montecristo escribio cuentos niños inspirados brumosas tierras alemanas 1858 realiza viaje rusia montañas caucaso mar caspio descubre pueblo aspero referira indistintamente checheno lesguio tartaro enfrentado ocupantes rusos delicado estilo oriental exento humor cuenta historia joven principe tartaro iskander ayuda cabecillas hostigan invasores rusos consigue casarse amada volga kazan aguerridos heroes dejan paso personajes entregadas excesos imaginables ejemplo siervo fiel jacquot relata historia realidad siniestro señor macabra intriga broche cierre historia boyardo arquetipo desenfrenos imaginables antiguo regimen romantico irredento dumas fascinado pasiones maldades zarandean espiritu humano presta genio narrativo cuentos desvelan faceta conocida asombrosa monstruo inspiracion literaria sabia cautivar lectores edades principio final,https://ww3.lectulandia.co/book/leyendas-del-caucaso-y-de-la-estepa/,Aventuras,2026-10-03T17:18:24
39,tarzan triunfante,['edgar rice burroughs'],"['aventuras', 'novela']",tarzan,gangster huye deuda joven inexperto lider expedicion cientifica secta fanaticos religiosos raptado joven inglesa banda dedicada captura nativos destinados esclavitud protagonistas cuatro lineas argumentales burroughs desarrolla nueva entrega serie habitual confluyen final trepidante tarzan pone nuevo manifiesto sagacidad valor enfrentarse,https://ww3.lectulandia.co/book/tarzan-triunfante/,Aventuras,2026-10-03T17:18:26
40,guerra zulu,['h rider haggard'],"['aventuras', 'novela']",allan quatermain,guerra zulu quinta obra orden aparicion saga allan quatermain inicia trilogia completa hija tempestad zikali historia great trek gran migracion boers norte rio orange tragico destino pueblo zulu infligido ingleses primera gran derrota aventuras colonialistas primera historia orden cronologico allan gran cazador blanco allan lleno ilusiones llega africa mano padre pastor protestante sudafrica mundo primigenio grandes potencias colonialistas inglaterra holanda portugal extendian codiciosos dedos trilogia historia primer amor allan criticos obra maestra rider haggard obra sobresale personaje temible zilaki iniciador caminos viejo medicobrujo teje urdimbre historia,https://ww3.lectulandia.co/book/la-guerra-zulu/,Aventuras,2026-10-03T17:18:28
41,vuelta mundo prisas,['kurt schmidt'],"['aventuras', 'novela']",,kurt zarpo dia caña nicole belliure 40 singladura queria retorno decidio renunciar cosas gano libertad kurt lleva veinte años dando vuelta mundo prisa bordo nicole navega diez meses año vuelve altea par meses nietas hija toma copa amigos regresa barco navego años solitario 1998 comparte viajes elena mares aventuras amigos lugares dejado viajero mirar confiar destino permita volver reencontrarse vivio momentos felicidad unen lazos amistad quedan lugares maravillosos conocer fondeos paradisiacos amigos potenciales cantar comer reir compartir vivencias tormentas superar definitiva mar navegar sana envidia aventuras kurt schmidt arrancaran exclamacion admiracion sonrisa relato siente espiritu libre gusto siente feliz agradecido naturaleza mar brindan instante reconocer kurt vivido vive mayoria navegantes deseado vivir,https://ww3.lectulandia.co/book/la-vuelta-al-mundo-sin-prisas/,Aventuras,2026-10-03T17:18:30
42,allan dioses hielo,['h rider haggard'],"['aventuras', 'novela']",allan quatermain,allan dioses hielo autor h rider haggard fantasia conduzca hombre primitivo allan quatermain simpatico personaje conocido lectores relata experiencias ancestrales magico retroceso siglos dicha existencia anterior evocada influencia misteriosa hierba africana taduky legada allan amiga lady ragnall niño marfil efectos extraordinaria droga transforma cazador wi relata extraordinarias aventuras juntamente inseparable amigo capitan good lleno epoca prehistorica wi igual componentes tribu creianse unicos habitantes glaciar vivian ende mundo dia rescata mar mujer rubia extraordinaria belleza laeela luchara defenderla miembros tribu creen hechicera influido extraña mujer ideas elevadas abandona fetichismo abrazar culto puro serie peripecias luchas traiciones actos viles heroicos existido hombres creacion mundo produce deslizamiento glaciar destruccion dioses hielo hallaban aprisionados h rider haggard habitual maestria logra mantener latente atencion lector ultima palabra relato,https://ww3.lectulandia.co/book/allan-y-los-dioses-de-hielo/,Aventuras,2026-10-03T17:18:33
43,esposa allan,['h rider haggard'],"['aventuras', 'novela']",allan quatermain,esposa allan 1889 cuarto volumen orden aparicion saga allan quatermain continuacion venganza maiwa vol 3 narracion parte allan quatermain vol 2 muere heroe sucesivos diarios relatan aventuras previas muerte allan esposa allan historias antiguas saga pudiendo ubicarse años 18421869 historia comienza niñez allan inmediato traslada africa boers africa inexplorada aniquilamiento colonos boers manos guerreros zulues sirve punto partida busca kraals marmol vive extraño anciano blanco hija stella carson elemento interes presencia hendrika mujermandril especie contrafigura femenina salvaje tarzan monos,https://ww3.lectulandia.co/book/la-esposa-de-allan/,Aventuras,2026-10-03T17:18:35
44,isla tesoro il n c wyeth trad francisco torres oliver,['robert louis stevenson'],"['aventuras', 'novela']",,escrita inicialmente stevenson complacer entretener joven hijastro lloyd osbourne publicada entregas revista young folks 1881 1882 seudonimo capitan george north isla tesoro convertido largo siglo existencia clasico literatura aventuras excelencia cautivado millones lectores mundo largo cinco generaciones jim hawkins hijo adolescente dueño posada almirante benbow frente solitaria bahia cerro negro experimentar cambio radical rutinaria existencia viejo extraño marino hospeda posada confiesa borde delirium tremens provocado ron formo parte tripulacion mitico capitan pirata flint esconde baul codician antiguos camaradas muerto viejo bucanero jim descubre misterioso mapa isla pertenencias debe contar queda desear envidia lectores lean historia primera vez jovenes suponemos embarquen viento favorable bordo imaginacion pos impagable tesoro constituyen paginas tesoro buen seguro olvidaran edicion esplendidamente traducida francisco torres oliver incluye catorce laminas color ilustrador norteamericano nc wyeth,https://ww3.lectulandia.co/book/la-isla-del-tesoro-il-n-c-wyeth-trad-francisco-torres-oliver/,Aventuras,2026-10-03T17:18:38
45,seguro amor,['earl derr biggers'],"['aventuras', 'novela', 'romantico']",,lord harrowby directamente llegado londres presenta oficinas compañia seguros lloyds nueva york insolita peticion quiere hacerse seguro boda quiere suscribir poliza asegure inminente boda joven cynthia meyrick hija magnate neoyorquino llegara celebrarse caso contrario aseguradora compensarle economicamente compañia atendido propuestas inauditas acepta reto condicion claro propio novio poniendo impedimentos boda mayor seguridad encarga empleados joven apuesto dick minot vigilar pareja ocuparse acontecimiento llegue buen puerto permitia prever conocer novia bueno dick quedaria inmediatamente prendado seguro amor 1914 earl derr biggers conocido novelas charlie chan comedia amor aventuras transcurre san marco ciudad luna romanticismo costa florida disparatado ambiente lujo yates fiestas hoteles casinos excursiones tropicales millonarios nobles ladronzuelos publicistas escritor pagado escribir frases damas ingeniosas buena sociedad misterioso robo collar diamantes distintos planes chantaje trama identidades inciertas acaban perfilar novela parece anticipar jazz llena dialogos rapidos personajes memorables ingenio comun,https://ww3.lectulandia.co/book/seguro-de-amor/,Aventuras,2026-10-03T17:18:40
46,dia dragon,['richard knaak'],"['aventuras', 'fantastico', 'novela']",warcraft world of warcraft,pasado pertenece neblinas memoria gran variedad asombrosas criaturas tipo condicion habitaban mundo azeroth misteriosos elfos recios enanos compartian tierras tribus hombres medio relativa paz armonia llegada ejercito demoniaco conocido legion ardiente añicos tranquilidad reinaba mundo orcos dragones goblins trols rivalizan imponer influencia diversos fragmentados reinos azeroth disputas forman parte grandioso malevolo plan marcara destino mundo world of warcraft magos poderosos mundo intuyen aterrador amenaza futuro mundo encomiendan mago peculiar llamado rhonin peligrosa mision adentrarse khaz modan tierras controladas orcos rhonin obligara sellar peligrosa alianza antiguas criaturas aire fuego mundo azeroth quiere nuevo amanecer,https://ww3.lectulandia.co/book/el-dia-del-dragon-richard-a-knaak/,Aventuras,2026-10-03T17:18:42
47,armada dios,['julio alejandre'],"['aventuras', 'historico', 'novela']",,año 1585 inglaterra españa entran guerra abierta ataques corsarios ingleses caribe apoyo reina rebeldes holandeses colman paciencia felipe ii decide destronar enemiga restaurar catolicismo levantando flota formidable navegado atlantico armada invencible protagonista batallas fascinantes deformadas historia guerra cambia entrelaza destinos protagonistas gabriel puerto mercader oscuro pasado busca puertos media europa rastro hermana perdida ataque pirata sargento flandes recibe extraña orden enrolarse invencible filtrar informacion reservada exiliada portuguesa londres atrapada red espionaje pone prueba lealtades oficial ingles participa fundacion primera colonia inglesa nuevo mundo armada dios sumerge mundo politica guerra religion tejen trepidante historia aventuras intrigas amores ambiciones desmedidos personajes carismaticos audaz corsario francis drake victorioso general alejandro farnesio alvaro bazan curtido almirante felipe ii encomienda dirigir grande felicisima armada,https://ww3.lectulandia.co/book/la-armada-de-dios/,Aventuras,2026-10-03T17:18:44
48,hermanos dios,['jorge zaragoza gomez'],"['aventuras', 'intriga', 'novela']",,aurora delacroix mujer brillante especial cientifica empresaria exito revolucionado mercado criptomonedas embargo pensamientos suicidas atormentan menudo segundo 193 seres humanos dejan existir mundo sesenta millones año muerte cifra insignificante ocho mil millones habitantes planeta cambiado recientemente dejar dia jodio encontrado nuevo motivo feliz aurora delacroix desconoce tempestad terrible acerca detendra imparta justicia,https://ww3.lectulandia.co/book/hermanos-de-dios/,Aventuras,2026-10-03T17:18:47
49,pelicula maldita,"['barbara montes', 'juan gomezjurado']","['aventuras', 'infantil', 'intriga', 'juvenil', 'novela']",amanda black,final principio preguntando chica rodaje hollywood objeto peligroso perdido estudios cine famosos planeta justo pretendo descifrar serie desdichas amenaza rodaje nueva pelicula famosa rita turner guionistas desaparecen cuerdas seguridad rompen presupuesto produccion ultimas director pelicula hermano lord thomsing acudido busca ayuda sospecha catastrofes relacionadas llegar fondo asunto venido persona investigar claro pasar desapercibida idea convertirme doble riesgo momento entrar escena descubrir luces camara accion,https://ww3.lectulandia.co/book/la-pelicula-maldita/,Aventuras,2026-10-03T17:18:50
50,capitan fortuna,['elias meana'],"['aventuras', 'novela']",narrativa maritima,capitan fortuna comienza naufragio bergantin principios xix navegaba demanda famoso cabo hornos siquiera llego avistarlo relato naufragio pobres criaturas abandonadas suerte rincon inhospito vez hermoso globo tierra fuego morada indios onas yahganes alacalufes haus capitan fortuna partiendo desastres describe teson arrojo inquietud marinos rendia hombres conocer mundos pueblos costumbres gente mar bronca dura noble generosa,https://ww3.lectulandia.co/book/capitan-de-fortuna/,Aventuras,2026-10-03T17:18:52
51,cosa pequeña,['rafael reig'],"['aventuras', 'novela', 'policiaco']",,trepidante historia espias paraiso fiscal 1979 dragonera isla atlantico colonia inglesa pequeño pais decisivo posicion estrategica cosmopolita paraiso fiscal gines loyola dirige centro documentacion llaman casa desolada servicios inteligencia nacionales equipo cuatro personas funcion rutina informes reuniones vera zarandeado dia disparan candidato presidencia pais descubre desparecer archivos informacion comprometedora acciones calculadas premeditadas interviene factor humano cosa pequeña traste planes novela espias novela accion cosa pequeña participa ambientes intrigas mejores historias graham greene rafael reig añade ironia brillantez estilo marca casa,https://ww3.lectulandia.co/book/cualquier-cosa-pequena/,Aventuras,2026-10-03T17:18:54
52,kali kali,['indiana james'],"['aventuras', 'novela']",indiana james,reconocer encanta buena vida lechos confortables coches lujo hoteles caros ropa marca buen whisky puros habanos caviar ruso yates creo dispusiera dinero abundancia ansias aventureras adormecidas cuenta corriente soportase verdad nace aventurero vive muere creen permitanme cuente paso sharon helton,https://ww3.lectulandia.co/book/kali-no-es-kali/,Aventuras,2026-10-03T17:18:56
53,jornada muerto,['larry mcmurtry'],"['aventuras', 'novela']",frontera,jornada muerto forma parte saga lonesome dove conoceremos correrias juveniles gus call protagonistas inolvidable serie mcmurtry jornada muerto ambientada convulsos años guerras territoriales unidos mexico texas proclamado republica independiente 1836 gobierno mexicano reconocido nuevo tropas realizan incursiones frecuentes evitar consolide secesion jovenes reclutas recien incorporados rangers texas gus call embarcan expedicion arida frontera mexicana mision descubrir via practicable san antonio santa fe largo rio grande punto caer manos jefe comanche joroba bufalo gus call regresan sanos salvos san antonio seducidos leyenda oro santa fe unen pequeño ejercito liderado caleb cobb pirata mercenario propone liberar ciudad dominio mexicano grupo variopinto doscientos aventureros supervivientes superar multiples peligros veran enfrentados reto vidas atravesar jornada muerto paraje extremadamente desertico doscientas millas desolado nuevo mexico cruzado estrecho sendero reduce diez jornadas viaje paso santa fe tercera novela orden publicacion saga lonesome dove jornada muerto primera secuencia cronologica acontecimientos narrados saga leida disfrutada independientemente resto serie lector conocera novela correrias juveniles gus call protagonistas inolvidable lonesome dove,https://ww3.lectulandia.co/book/la-jornada-del-muerto/,Aventuras,2026-10-03T17:18:58
54,aventurero escritor,['indiana james'],"['aventuras', 'novela']",indiana james,conoci thelma tapper playa malibu muerto mar par grandes vitales razones sobresalian agua primer movimiento lance dispuesto rescatarla hacerle buena sesion respiracion boca boca media hora seguro perder vida pude darme cuenta ojos azules piernas perfectamente torneadas abundante cabellera rubia presente,https://ww3.lectulandia.co/book/aventurero-o-escritor/,Aventuras,2026-10-03T17:19:01
55,despertar bestia,['indiana james'],"['aventuras', 'novela']",indiana james,matadero rodeado abyectos criminales vigilado funcionarios sadicos condena treinta años dia matadero penal pais latinoamericano contar llegue convertirme huesped semejante lugar comprometer seguridad amigos pais obligado dejar blanco etapa vida esperanza algun dia circunstancias cambien relatarla debo confesar llegue penal cayo moral suelos suelos quedo semanas convertida parecido cagada perro,https://ww3.lectulandia.co/book/el-despertar-de-la-bestia/,Aventuras,2026-10-03T17:19:03
56,rally beirut muerte,['indiana james'],"['aventuras', 'novela']",indiana james,rally montecarlo famoso deportistas parisdakar aventureros conocido indy creyo contarlo enemigos querian matarle pretendian engañarle medio indiana james recordara rally beirut muerte,https://ww3.lectulandia.co/book/rally-beirut-muerte/,Aventuras,2026-10-03T17:19:07
57,doble sencillo,['indiana james'],"['aventuras', 'novela']",indiana james,maldicion pretendia escapar new york costa terribles veinticuatro horas agotadoras vivido ciudad perseguido gigantescos cocodrilos mutantes sadicos pelicula locos armados pandillas jovenes delincuentes,https://ww3.lectulandia.co/book/doble-o-sencillo-2/,Aventuras,2026-10-03T17:19:09
58,sueños sueños,['indiana james'],"['aventuras', 'novela']",indiana james,quedan paraisos pobre castigado mundo conozco dispuesto disfrutarlo manos llenas preciso llenas 100000 dolares proporcionado harry grant,https://ww3.lectulandia.co/book/y-los-suenos-suenos-son/,Aventuras,2026-10-03T17:19:12
59,infinitas horas mans,['indiana james'],"['aventuras', 'novela']",indiana james,hacias carreras coches tiempos verdad teresinha tumbados playa tierra portuguesa playas atlantico kilometros arena fina alma sol ensueño paraiso palabras llaman indiana respondi ganas hablar preferia seguir tumbado sol dispuesto hacerles competencia lagartijas milenios embargo dispuesta semejante,https://ww3.lectulandia.co/book/infinitas-horas-en-le-mans/,Aventuras,2026-10-03T17:19:15
60,muerte vegas,['pablo poveda'],"['aventuras', 'intriga', 'novela']",detective maldonado,sucede vegas acaba manchado sangre javier maldonado detective privado pasado oscuro oportunidad redencion viejo amigo mentor antonio laureano asesinado vegas meditarlo maldonado llega ciudad pecado rapidamente cuenta investigacion facil mundo mafia juego ilegal presentes sabueso cuidado quiere salir vivo investigacion medida acerca verdad comprendiendo andaba metido amigo enfrenta peligrosos enemigos posible impedir descubra secreto esconde muerte laureano podra maldonado descubrir sucedio ciudad ahogue lograra perdonarse errores pasado,https://ww3.lectulandia.co/book/muerte-en-las-vegas/,Aventuras,2026-10-03T17:19:17
61,vacaciones malditas vacaciones,['indiana james'],"['aventuras', 'novela']",indiana james,volvi new york canse vagar europa manera convirtiendo habitual llamada zenna davis new york times sablazo llame cobro revertido claro zenna davis pago pasajes pedir cambio vino buscar aeropuerto llevo casa,https://ww3.lectulandia.co/book/vacaciones-malditas-vacaciones/,Aventuras,2026-10-03T17:19:19
62,costa ardiente,['elleston trevor'],"['aventuras', 'novela']",,costa ardiente desarrolla malasia hugh copland nombrado director aeropuerto pasang situado jungla amenazada guerrillas comunistas vera involucrado peligrosamente lucha sultan tamara esquivos enemigos,https://ww3.lectulandia.co/book/la-costa-ardiente/,Aventuras,2026-10-03T17:19:22
63,siglos agua,['indiana james'],"['aventuras', 'novela']",indiana james,cairo tiempo suficiente jon stormbird asunto stark saben lios meti maureen hjortsberg blanca variar intentado conseguir credito spanish american bank capital egipcia conocia tipo indeseable,https://ww3.lectulandia.co/book/siglos-bajo-el-agua/,Aventuras,2026-10-03T17:19:24
64,beau geste trad leon arsenal,['percival christopher wren'],"['aventuras', 'novela']",trilogia legion francesa,percival christopher wren nacio devonshire inglaterra 1885 cursar estudios oxford alisto legion extranjera francesa busca aventuras vuelta inglaterra wren caso instalo casa campo llevaria vida caballero rural 1924 publica obra daria fama universal beau geste clasico novelas aventuras traducido numerosas lenguas adaptado cine ocasiones conocida dirigio 1939 william wellman protagonizada gary cooper novela seguirian año destacan wages of virtue 1916 beau sabreur 1926 beau ideal 1928 peripecias desarrollan india africa inglaterra beau geste comienza relato oficial legion extranjera extraño suceso vivio pasado acosado guerrillas nativas fuerte avanzada legion situado zinderneuf nigeria solicito refuerzos urgentemente tropas acercaron fuerte observaron numerosos legionarios apostados almenas movian respondian llamadas comprobaran muertos segunda parte novela narra modo flashback misteriosa desaparicion zafiro agua azul propiedad señora patricia brandon lleva sobrinos michael digby john geste alistarse legion extranjera hermanos destinados fuerte perdido norte nigeria cafard locura desierto debida inactividad expectante acaba mella destacamento,https://ww3.lectulandia.co/book/beau-geste-trad-leon-arsenal/,Aventuras,2026-10-03T17:19:27
65,libre viento,['megan maxwell'],"['aventuras', 'historico', 'novela', 'romantico']",guerreras maxwell,novena entrega guerreras maxwell saga romanticohistorica traslada escocia medieval lady johanna mcrae hija lady megan laird duncan mcrae joven intrepida hermana amanda trae padre cabeza gusta johanna disfrutar libertad ayudando especial retar enfrente alan mcgregor valeroso guerrero buen amigo familiar iver mcgregor beth esposa dedica compraventa caballos ovejas tierras fort william reciben invitacion asistir fiesta megan duncan celebran año castillo eilean donan johanna alan visto vez encuentren nuevo surgira magia especial incapaces obviar adentrate paginas libre viento descubre veces besos calidos ardientes mirada,https://ww3.lectulandia.co/book/libre-como-el-viento/,Aventuras,2026-10-03T17:19:30
66,viejo montaña,['indiana james'],"['aventuras', 'novela']",indiana james,tomado decisiones precipitadas minutos primera salir pitando nueva york segunda hacerlo primer vuelo consiguiera pasaje fuere destino modo vi aeropuerto hamburgo martes preguntandome diablos suponia,https://ww3.lectulandia.co/book/el-viejo-de-la-montana/,Aventuras,2026-10-03T17:19:32
67,negro narcissus,['joseph conrad'],"['aventuras', 'novela']",,velero narcissus inicia regreso casa bombay inglaterra gigante negro james wait incorpora enfermo tripulacion caprichoso tirano wait logra avasallar lecho agoniza resto marinos hechizados solicitos presencia ominosa oscura cuenta capitan allistoun severo justo viejo sabio lobo mar singleton inutil cizañero donkin cocinero pio iluminado grandes personajes barco adoran reservas mar gran presencia aisla marineros narcissus trasforma tripulacion sociedad cerrada sofocante conrad consigue envolver aura enrarecido misterio amalgama humana ebullicion surcando oceano acecho desatar furia llevar hombres limites fuerza moral fisica conrad gran talentoso creador atmosferas personajes utiliza simbolismo largo novela crear intensidad necesaria tema duro persecucion negros cuota justa intensidad drama adentra mundo representado barco mar poderosa historia interaccion humana espacio limitado conrad mezcla lenguaje tecnico prosa poetica estilo facil seguir trama interesante persecucion negro atrapa capaz reducir accionar humano caracteristicas grupo reducido personas deben luchar mar publicada 1897 obras cumbre joseph conrad considerada grandes novelas mar ingles,https://ww3.lectulandia.co/book/el-negro-del-narcissus/,Aventuras,2026-10-03T17:19:34
68,camelot,['indiana james'],"['aventuras', 'novela']",indiana james,niños inspiran amor ternura devocion niños despiertan mejores instintos proteccion cariño comprension niños llenos candor inocencia pureza resumen niños latazo quasi homonimo aventurero resuelto tenaz profesional duro codicioso excelencia termina dejandose enternecer ejercito sucios harapientos mocosos ultima aparicion cinematografica olvida inmenso tesoro manos sacrifica bienestar eterno cariada desnutrida sonrisa plaga chiquillos,https://ww3.lectulandia.co/book/camelo-t/,Aventuras,2026-10-03T17:19:37
69,desafio estrellas,['indiana james'],"['aventuras', 'novela']",indiana james,aventurero empedernido empeña paises exoticos selva vez encuentra sabe harto discutir zenna davis agotaba monotona conversacion gronk indio amigo practicamente sabe gronk zenna reprochaba vez veia imposibilitada publicar acerca hombresinsectos prueba documental creer noticia pruebas documentales,https://ww3.lectulandia.co/book/desafio-a-las-estrellas/,Aventuras,2026-10-03T17:19:39
70,lienzo sangre,['maria villamayor'],"['aventuras', 'novela']",,persecuciones sobornos venganza trepidante aventura autora dara hablar alejandra ferrer oculta identidad falsa millonaria argentina consigue adentrarse mundo arte indagar corrupcion esconde asociacion inacfa venganza motor alejandra hermana sara involucradas dificil mision pondra prueba relacion juntas tejeran plan astuto peligroso destruir augusto fonfria dueño asociacion responsable muerte padres hermanas lidiar persecuciones asesinatos sobornos depravacion trama llena intriga exito doce llaves maria villamayor regresa ciudad valencia escenario trepidante historia accion venganza salvo,https://ww3.lectulandia.co/book/lienzo-de-sangre/,Aventuras,2026-10-03T17:19:42
71,cabeza durmiente,['jose maria guelbenzu'],"['aventuras', 'fantastico', 'juvenil', 'novela']",,claudia despertara plena noche gritos hermano dormido entendio gritos llamadas auxilio escuchaba casa comprendio sucedia sueño hermano efecto historia extraordinaria transcurriendo cabeza durmiente debia acudir ayudarlo novela cuenta historia niña ayudo hermano cruzar umbral adolescencia descubrir fortaleza mayores cerrar ojos incomprensible indeseable iniciar encuentro destino miembro comunidad fuerte sabia feliz cabeza durmiente apasionante novela sigue interes libro aventuras mundo moderno imagineria fantastica clasica rivalizan contar historia hermanos luchar unidos empezar entender elegir quieren lugar mundo,https://ww3.lectulandia.co/book/la-cabeza-del-durmiente/,Aventuras,2026-10-03T17:19:44
72,septimo hijo hijo septimo,['indiana james'],"['aventuras', 'novela']",indiana james,episodio indiana james vivira noche cometa halley desencadenara tierra 777 años colgara helicoptero perseguido esqueleto luchara hijo amigo,https://ww3.lectulandia.co/book/septimo-hijo-de-hijo-septimo/,Aventuras,2026-10-03T17:19:47
73,electra cruel amante,['indiana james'],"['aventuras', 'novela']",indiana james,indiana encontrado vez organizacion criminal electra conseguido escapar suerte fortuna habilidad electra quiere revancha lanzara efectivos vez sobrevivira electra cruel amante,https://ww3.lectulandia.co/book/electra-es-una-cruel-amante/,Aventuras,2026-10-03T17:19:49
74,cosecha negra,['indiana james'],"['aventuras', 'novela']",indiana james,recuerdo angie brown chica trozo esparadrapo quitar cruzo camino pensando pelicula dibujos animados acababa salir hotel metropolitan londres frescos memoria escalofriantes acontecimientos vividos estambul conte anterior relato pienso insistir leido comprenderan necesitaba sumergirme oscuridad protectora algun cine barrio olvidara darle propina acomodador terrible sucederme,https://ww3.lectulandia.co/book/cosecha-negra/,Aventuras,2026-10-03T17:19:51
75,filo aullido,['indiana james'],"['aventuras', 'novela']",indiana james,cadaveres devorados marcas zarpas viejas historias contadas noches tormenta calor hogar indiana james descubrira historias esconde realidad mil veces aterradora propia leyenda historia tensa escalofriante filo aullido,https://ww3.lectulandia.co/book/el-filo-del-aullido/,Aventuras,2026-10-03T17:19:54
76,autobus espacial,['indiana james'],"['aventuras', 'novela']",indiana james,indiana james vera implicado pugna grandes potencias sufrira rigores vacio espacial luchara vida 15000 km superficie terrestre sucedera aborde autobus espacial,https://ww3.lectulandia.co/book/un-autobus-muy-espacial/,Aventuras,2026-10-03T17:19:57
77,judy esquis diamantes,['indiana james'],"['aventuras', 'novela']",indiana james,decididamente arreglo decididos propositos cambiar vida claro durarme ocasiones anteriores supuesto primera vez decidia convertirme bicho sedentario gozar tranquilidad fondo sabia funcionar,https://ww3.lectulandia.co/book/judy-con-esquis-en-los-diamantes/,Aventuras,2026-10-03T17:20:00
78,razones,['indiana james'],"['aventuras', 'novela']",indiana james,andaba brillante epoca refiero concretamente dia trataron secuestrar oscar atacaron seis equilibristas reconocer ultimamente bebiendo cuenta pasaba dia mirando infinito cosas interes movia labios mantuviera sesudas conversaciones fuero interno definitiva comportaba haria esposa persona maravillosa mundo dedicado frases despedida emprender viaje futuro peleado dinosaurio suele provocar trastorno mental,https://ww3.lectulandia.co/book/razones-de-estado/,Aventuras,2026-10-03T17:20:02
79,mil dachas,['indiana james'],"['aventuras', 'novela']",indiana james,sitio bueno aterrizar dejado caer bomba atomica oceano atlantico daño sitio bueno aterrizar llama marrakesh marrakesh ciudad suelen acudir turistas significa aceptable instalacion hotelera digamoslo claro camas chinches duchas agua fria caliente,https://ww3.lectulandia.co/book/las-mil-y-una-dachas/,Aventuras,2026-10-03T17:20:05
80,sueño perdido,['alfonso romero'],"['aventuras', 'historico', 'novela']",narrativa maritima,vida transcurria apacible pequeño pueblecito san antonio mar soleada costa andalucia dia pescadores salieron faenar ignorantes tragedia cernia vidas ausencia san antonio arrasado feroces piratas llegados bordo gran galeon negro supervivientes tremenda desesperacion pescadores muestra enseguida insoportable unico alivio decision tomar venganza hilo trama protagonistas historia viviendo extraordinaria odisea pesar quedara sitio oscuridad sueños perdidos amor esperanza largo ancho siete mares señuelo felicidad fin cobrando forma devolviendo luz habitaban sombras,https://ww3.lectulandia.co/book/el-sueno-perdido/,Aventuras,2026-10-03T17:20:07
81,duende aguas turbulentas,['indiana james'],"['aventuras', 'novela']",indiana james,nueva york verano infierno calor humedo pegajoso entra boca oidos narices ventanas abiertas desaprovechar minimo soplo raquitico viento ruido ventanas abiertas inunda casa poniendose competir equipo estereo alta fidelidad dinero conseguir huir parrilla asar,https://ww3.lectulandia.co/book/duende-sobre-aguas-turbulentas/,Aventuras,2026-10-03T17:20:09
82,hermano costa,['joseph conrad'],"['aventuras', 'novela']",,hermano costa constituye episodio rivalidad francobritanica primeros tiempos napoleon sirve marco extraordinaria aventura viejo marinero frances enfrentarse inclemencias oceanos dureza hombres relato sobrio honda dramatica belleza deja descubierto cualidades gran escritor,https://ww3.lectulandia.co/book/el-hermano-de-la-costa/,Aventuras,2026-10-03T17:20:12
83,hielos terranova,['edward rosset'],"['aventuras', 'historico', 'novela']",,historia nao san andres partio puerto guipuzcoano motrico adentrarse frias aguas terranova labrador caza ballenas año 1556 atenazada malas condiciones climaticas medio invierno adelantado docena buques balleneros quedaron bloqueados bahia red bay butus mes mar labrador convirtiera hielo noche aciaga parecia cambiado caso amenazado aplastarlos aumentaba fuerza ciento veinticinco supervivientes comandados capitan juan martinez desaparecidos honrados solemnes oficios funerarios viaje debia continuar golpe duro sencillo recuperarse historia supervivencia capitan juan martinez aro tripulacion odisea balleneros vascos mundo indomito gesta epica siglos xv xvi quedado enterrada olvido,https://ww3.lectulandia.co/book/los-hielos-de-terranova/,Aventuras,2026-10-03T17:20:14
84,acabar pesadilla,['indiana james'],"['aventuras', 'novela']",indiana james,pase paris claro lharmattan unica conexion arabe abdelatif dispuesto dejar pasar ocasion seguro misteriosos asuntos musulmanes ocupado europa vuelto pakistan olvidado cuenta pendiente,https://ww3.lectulandia.co/book/para-acabar-con-una-pesadilla/,Aventuras,2026-10-03T17:20:18
85,peste pasta,['indiana james'],"['aventuras', 'novela']",indiana james,miedo tiburones pirañas conoce moscas tambia juro pequeños vampiros insaciables voraces persistentes particular debia haberse enamorado brazo izquierdo acudia vez darme minimo descanso seguro especie lider compañeras vez insistia darme dentellada dentelladas bocados mordiscos buen enjambre colegas lanzaban,https://ww3.lectulandia.co/book/peste-de-pasta/,Aventuras,2026-10-03T17:20:19
86,ganando barlovento,['elias meana'],"['aventuras', 'historico', 'novela']",narrativa maritima,rodrigo carreño marino origen asturiano afincado cuba ama tierra acogida deja sentir raices encuentran lado oceano principios 1809 capturado ingleses momento fija metas volver libertad tomar venganza plantea conseguira ganar barlovento seguro conseguira regresara europa trasladado prisionero vientos propicios guerra asola buena parte continente especial pais nacer pueblo español levantado armas invasor frances rodrigo camino libertad involucra conflicto desarrollando mar popular guerrilla mando falucho armado corso pueblo costa asturiana nacio,https://ww3.lectulandia.co/book/ganando-barlovento/,Aventuras,2026-10-03T17:20:22
87,cuestion principios,['indiana james'],"['aventuras', 'novela']",indiana james,parecia dificil salimos antartida conseguir llegar vida algun sitio habitado facil abandonar vista peninsula helada par buques aparecieron trataba rompehielos marina argentina remolcador ejercito chileno hablaron radio mostraron felices hallarnos naufragos,https://ww3.lectulandia.co/book/cuestion-de-principios/,Aventuras,2026-10-03T17:20:25
88,mercader incienso,['salim alafenisch'],"['aventuras', 'juvenil', 'relato']",,magia fascinacion mundo oriental exuberancia imaginativa mil noches engarzan cuentas collar relatos maravillosos desierto hombres tradiciones cinco narraciones componen mercader incienso descubren fuerza revela autentico universo asombroso salim alafenisch hijo jeque beduino vivio catorce años,https://ww3.lectulandia.co/book/el-mercader-de-incienso/,Aventuras,2026-10-03T17:20:28
89,paloma caballo rey,['indiana james'],"['aventuras', 'novela']",indiana james,gustado estaciones aeropuertos lugares construidos emprender viaje sitio original mundo pasa parecido lugares respira aire distinto rincon vuelvas encrucijadas caminos indicaciones diferentes indican mundo alcance mano original gustado dinero toma vida lleva convertido habitual reconfortante sonido monedas bolsillo suave crujir billetes ropa contrario,https://ww3.lectulandia.co/book/paloma-caballo-y-rey/,Aventuras,2026-10-03T17:20:30
90,sabran nombre,['tony gratacos'],"['aventuras', 'historico', 'novela']",,apasionante aventura busqueda verdad destruir imperio edificar mundo nuevo palabras viejas envidia placer ambicion soberbia inocencia muerte caben nombre dios nombre diablo hernan cortes canarias 1525 joven cronista diego soto desilusionado cloacas incipiente imperio español decide embarcarse expedicion dejar vida corte inesperada tormenta obligara nave cambiar rumbo separarse resto refugiarse costas orientales continente acaba conquistar hernan cortes quinientos hombres noche mañana soto consigue realidad sueño conocer legendario conquistador imperio azteca embargo admiracion convertira sospecha serie asesinatos pretenden acallar ocurrio ocho años españoles obligados abandonar tenochtitlan perdieron famoso tesoro moctezuma sucedio tesoro diego soto dispuesto descubrir verdad saber encuentre conducira lugar querido huir inicio corazon imperio español,https://ww3.lectulandia.co/book/todos-sabran-mi-nombre/,Aventuras,2026-10-03T17:20:33
91,oceanos gloria,['alfonso romero'],"['aventuras', 'historico', 'novela']",narrativa maritima,año 1771 inglaterra lanzado desafio mares apoderandose menorca gibraltar amenazando seguridad inmenso imperio ultramarino ningun rincon monarquia española salvo cañones marco grandioso temible transcurre historia navio linea fenix ismael gutierrez cabos cañon forma involuntaria ismael erige espectador gran intriga sabe sospecha contexto protagonista lucha enamora tiempo adentra mundo america hispana familiar extraño unisono magico ebrio luces aromas exoticos final explota azar pone destino amor españa encallecidas manos,https://ww3.lectulandia.co/book/oceanos-de-gloria/,Aventuras,2026-10-03T17:20:35
92,libro fantasia,['gianni rodari'],"['aventuras', 'fantastico', 'infantil', 'juvenil', 'relato']",,sensato lector lea libro devuelvalo estanteria cosa trata recopilacion inocentes fabulas niños escribiera gianni rodari 19201980 ex seminarista cristiano convertido diabolico definio vaticano auto excomunion insensato pensaba objetos comunes encierran secretos cuentan sabe observar capaz afirmar falta principes hadas brujas castillos fabulas surgen realidad gris obviedad cotidiana problema social trivialidad vida familiar basta mirarlo punto ironia jugar juego infringir reglas traves invencion imaginacion basta deje libro encontrado querer saber suerte violeta polo norte ocurrio cangrejo decidio caminar verdad piensa algun interes acontecimientos planeta arboles navidad incumbe lista medicamentos dias engulle maniatica puntualidad baron lamberto erase veces siga loco bajito vez costo domesticar domesticado dormido despertarse proferir largo irreverente bostezo tomar control atengase consecuencias,https://ww3.lectulandia.co/book/libro-de-la-fantasia/,Aventuras,2026-10-03T17:20:37
93,herencia rickenbauer,['indiana james'],"['aventuras', 'novela']",indiana james,vez meti lio leer periodicos llevaba mes escondido innishgal irlanda madriguera perfecta siquiera distribuidores prensa parecian capaces encontrarla interes saber ocurria mundo ocupaba tiempo paseando campos acantilados absorto rememoracion emociones fuertes recientes torridos amores preteritos sobraba hora dedicaba leer unico podido encontrar bazar local novela harold robbins topica interes malsano proporciona asistir progreso miseria opulencia protagonista,https://ww3.lectulandia.co/book/la-herencia-de-rickenbauer/,Aventuras,2026-10-03T17:20:39
94,edad sol,['bernard torello'],"['aventuras', 'fantastico', 'novela']",,leyenda ciudad rodna versa tiempos remotos dios sol creo iracundas bestias peligrosas montañas bravos rios humanos dejo indefensos amenazas isla gaeraid bendijo poderes increibles ocho dones protegerse ocho clanes viviran paz embargo ningun dios regalos pedir cambio rodna eterno siquiera leyendas,https://ww3.lectulandia.co/book/la-edad-del-sol/,Aventuras,2026-10-03T17:20:42
95,hijos atomo,['indiana james'],"['aventuras', 'novela']",indiana james,maravilloso victoria victoria derrota final industrias corfort line haberse enterado haberse quedado espada pared hincado rodilla agachado testuz implorado misericordia bañadas mar lagrimas perfecto final feliz ensueño zenna davis echado mano,https://ww3.lectulandia.co/book/los-hijos-del-atomo/,Aventuras,2026-10-03T17:20:45
96,vuelo fenix,['elleston trevor'],"['aventuras', 'novela']",,avion aparato carga habilitado transporte pasajeros partido realizar habitual travesia sahara pasajeros catorce hombres mono produjo accidente obligaba efectuar aterrizaje emergencia perdian velocidad caer algun punto desierto central libia agua par dias aire espeso causa arena imposibilitaba visibilidad comienza relatos sugestivos emocionantes novelistica actual relato decision hombre sobrevivir parece imposible propio autor novela dedicada hombres morir realizar imposible escogen seguir viviendo,https://ww3.lectulandia.co/book/el-vuelo-del-fenix/,Aventuras,2026-10-03T17:20:46
97,engendro,['indiana james'],"['aventuras', 'novela']",indiana james,intentar original pienso coger vacaciones paraisos tropicales fotos brillantes agencias viajes persona habita rascacielos grises unico trepa calle humo escapes buses sonido bocinas motores cientos coches larga blanca playa golpeen verdiazules olas atlantico encontraba mañana cogiendo sol llevaba bañador buen libro alcance mano crimenes rue morgue edgar poe historia mejoraba paso años buenos vinos,https://ww3.lectulandia.co/book/el-engendro/,Aventuras,2026-10-03T17:20:49
98,conspiracion omnimental generic,['anacleto sinrazon'],"['aventuras', 'fantastico', 'humor', 'novela']",,bienvenido tecnotropolis ciudad gobernada fria logica omnimental creatividad exiliada ideas monitoreadas precision matematica rincones insolitos mentes inquietas palpita caos pensamiento libre max ludo excentrico dr nimbus nulo elenco personajes improbables geniales embarcan aventura desafia leyes logica coherencia narrativa laboratorio maquinas desafian razon laberinto logica ilogica grupo soñadores conspira subvertir sistema arma poderosa absurdo omnimental intenta anticipar movimientos juegan paradojas trastocan causalidad ocasionalmente toman veces capitulo confundir intente seguirles rastro podran ideas absurdas derrumbar logica perfecta humor pensamiento lateral suficiente liberar tecnotropolis quedaran atrapados propio enredo realidades depende querido leyente decides acompañarles ultima palabra homenaje surrealista imaginacion manifiesto favor sinsentido listo desafiar omnimental,https://ww3.lectulandia.co/book/la-conspiracion-del-omnimental-generic/,Aventuras,2026-10-03T17:20:52
99,risa difuntos,['indiana james'],"['aventuras', 'novela']",indiana james,jim tonic viejonuevo dakota querido planeta necesita volverse patas mercantes aire aventureros juerguistas tropezarse punto volver carga jim tonic profesor higgs regalado avion cesaba moverse parte busca trabajo,https://ww3.lectulandia.co/book/risa-de-difuntos/,Aventuras,2026-10-03T17:20:55
100,nombre ala zona caliente,['indiana james'],"['aventuras', 'novela']",indiana james,volaba montañas pakistan ah contado llegado bueno apetece meterme contarlo decia volando montes pakistanies justo despegar karachi,https://ww3.lectulandia.co/book/en-el-nombre-de-ala-por-zona-caliente/,Aventuras,2026-10-03T17:20:57
101,invierno infierno,['indiana james'],"['aventuras', 'novela']",indiana james,jim tonic compañero desear aventura descubri saco primero perdida ciudad africana civilizada ginebra dicho jim tonic parecia extraordinariamente lee marvin cavernosa voz comun aguante bebidas alcoholicas necesidad imperiosa encender cigarrillo apagar colilla anterior,https://ww3.lectulandia.co/book/invierno-en-el-infierno/,Aventuras,2026-10-03T17:20:59
102,viva siva,['indiana james'],"['aventuras', 'novela']",indiana james,luna recorria tranquilamente cumbres nubes aprovechando intersticio jungla teñir blanco paisajes nocturnos inquietando fieras aves sometiendo leyes desconocidas predicciones adivinos dibujo trazos claros estatuas repetidas templo sepultado vegetacion adentrarse tortuosos pasadizos conducian gigantesca nave central reunian ordenadamente centenares hombres turbante silenciosos semidesnudos,https://ww3.lectulandia.co/book/viva-siva/,Aventuras,2026-10-03T17:21:01
103,recuerde arma dormida,['indiana james'],"['aventuras', 'novela']",indiana james,problemas comenzaron indiana james recibe encargo buscar libro existia descubre prohibido mortal empezado frase recuerde arma dormida,https://ww3.lectulandia.co/book/recuerde-el-arma-dormida/,Aventuras,2026-10-03T17:21:03
104,dioses odio,['curtis garland'],"['aventuras', 'novela']",ranko,jerry ranko onemanarmy infalible masa muscular servicio usa llega tiempo frustrar solito secuestro avion twa infiltra mitad nube humo acaba 8 terroristas aereos bostezos justo dia anterior vacaciones gobierno comunica vacaciones presidente urss gobierno chino raptados misteriosa coalicion maligna sabe ranko viaja singapur reencuentra viejo colega vietnam bruce vincent tranquilamente par dias infiltrandose bajos fondos gracias informacion reina hampa jade blue desmantelara secta secreta llamada dioses odio abatira cientos soldados fanaticos pleno sacrificio ritual lideres mundiales dios kera mono asesino justo desencadene iii gm fumaderos opio mongoles lanzacohetes luchas helicopteros islas ocultas archipielago indonesio krakatoa redivivo viejos camaradas convertidos archivillanos detiene ranko desayuna ejercitos torso desnudo trepidante clima exploit maestro curtis garland parecido john rambo pura coincidencia,https://ww3.lectulandia.co/book/contra-los-dioses-del-odio/,Aventuras,2026-10-03T17:21:05
105,cuentos inquietud,['joseph conrad'],"['aventuras', '', 'relato']",,cinco historias volumen laguna ultima orden temprana fecha trata primer cuento escribi carrera creado disposicion animica produjo locura almayer sella valga expresion final primera etapa etapa malaya avanzadilla progreso parte liviana botin traje africa central botin porcion principal corazon tinieblas historia esencialmente verdadera sostenida invencion mentira realmente lograda exige facultades carezco sugerencia escribir idiotas indole mental visual idiotas persona karain recuerdo supuso retorno archipielago malayo limitado volver cabeza lanzarle postrera mirada reconozco vision lejana quede absorto regreso pese despliegue analitico consiste primordialmente impresiones fisicas impresiones visuales sonoras estacion ferrocarril metropolitano calles trote caballo reflejos espejos etc combinadas descripcion sublimada envidiable residencia urbana clase alta extrañamente logra infundir siniestra sensacion joseph conrad,https://ww3.lectulandia.co/book/cuentos-de-inquietud/,Aventuras,2026-10-03T17:21:07
106,ranko,['curtis garland'],"['aventuras', 'novela']",ranko,presidente eeuu secuestrado bunker secreto oculto inmensa propiedad secreta repleta soldados secretos armados dientes torturado comandante ejercito nehemiah siodmak traidor patria planes conquista mundial jerry ranko infiltra silbando miriadas soldados llega presi pelotas ensangrentado colgando techo elimina captores escapa lider mundo libre hombro ranko igual cadaver siodmak encontrado fin viernes empieza fin semana resulta emirato kuman pleno golfo persico acaban secuestrados 3 cientificos rusos 3 americanos llevar fuerza macabro plan fabricar docenas barriles combustible nuevo llaman gas vodka eter capaz envenenar pais gota ranko viajara kuman disfrazado vendedor alfombras conocera despampanante soldado nudista vania dubronski juntos desbarataran megalomano plan fugado siodmak,https://ww3.lectulandia.co/book/ranko/,Aventuras,2026-10-03T17:21:09
107,cine chico,['indiana james'],"['aventuras', 'novela']",indiana james,verdad vez quejara puro vicio conseguido sueños dorados ultimos tiempos merecidas vacaciones mejores condiciones posibles realmente necesitado tranquilidad pasarme dias semanas escribiendo poniendo orden pedazos vida ponen contacto vivir seguir metiendome lios vez,https://ww3.lectulandia.co/book/esto-no-es-el-cine-chico/,Aventuras,2026-10-03T17:21:12
108,lentas pasan horas rio,['indiana james'],"['aventuras', 'novela']",indiana james,decidi planes disfrutar vida vez aprovechando frecuente ocasion dinero cosas salido reves podido disfrutar dinero vida historia paloma divertida final vez manos bolsillos bolsillos vez fondos,https://ww3.lectulandia.co/book/lentas-pasan-las-horas-junto-al-rio/,Aventuras,2026-10-03T17:21:14
109,aniquilador,['curtis garland'],"['aventuras', 'novela']",,machete cayo violencia rasgando tupida cortina verde lianas espesura humeda vinieron golpe filo acero abriendo paso densa espesura selvatica llevo brazo hombre arrancado cuajo altura hombro corte poderoso machete brazo mutilado chorreando sangre reboto ojos abrian paso densa manigua,https://ww3.lectulandia.co/book/aniquilador/,Aventuras,2026-10-03T17:21:16
110,tesoro sol naciente,['curtis garland'],"['aventuras', 'novela']",cocodrilo dandi,enorme cocodrilo precipito gigantescas fauces abiertas cola saurio agito aire cuerpo escamoso golpeo figura musculosa prieta enjuta cazador gran cuchillo dentado plantaba cara animal hombre rodaron estanque volteretas dramaticas feroz lucha cuartel parecia posible terminase muerte poderio fisico cocodrilo tremendo fortaleza enemigo zaga agua salpicaba violencia vidas pendian debil hilo resultado final incierto inicialmente ventaja parecia decantarse lado saurio adversario ganando terreno acosando poderoso rival logro fin tumbar boca medio agua clavarle despiadadamente cuchillo vez forma implacable,https://ww3.lectulandia.co/book/el-tesoro-del-sol-naciente/,Aventuras,2026-10-03T17:21:18
111,flores,['curtis garland'],"['aventuras', 'novela']",cocodrilo dandi,historia protagonizada duncan cocodrilo dandi dandy portada cazador lagartos gigantes origen irlandes putero cinico queda locamente enamorada megaestrella hollywood rossanna angeli rossanna inmersa rodaje superproduccion rodada medio mundo peligrosas escenas accion alimañas dificultad lograra convencer dandi staff especialista escenas accion vez duncan descubrira rodaje excusa importar usa tipo drogas escondidas arcones atrezzo paises exoticos productor exmarido rossanna conspiran asesinarles malandrines,https://ww3.lectulandia.co/book/las-flores-del-mal-2/,Aventuras,2026-10-03T17:21:20
112,templo yunshatu,['robert howard'],"['aventuras', 'intriga', 'novela']",,primera vez horror tomo forma concreta medio inconcreta cosas pesadilla producida opio jornada tiempo espacio cruzando extrañas regiones sueños opiales regiones misteriosas distanciadas tierra terreno millon millas di cuenta acercaba atravesando obscuro vacio hallaba envuelto rasgo atraveso tupido velo ilusionados desvarios irrumpiendo campo verdadera vision,https://ww3.lectulandia.co/book/el-templo-de-yun-shatu/,Aventuras,2026-10-03T17:21:23
113,mañana,['indiana james'],"['aventuras', 'novela']",indiana james,queria nueva zelanda hacerlo concedido plazo doce horas abandonar australia alternativa conocer fondo delicias interioridades carceles autoctonas aeropuerto sidney teoria impedia tomar avion seychelles hawai kurdistan teoria maravillosa practica cruda dinero bolsillos escaso alcanzaba justo barato vuelo charter destino auckland nueva zelanda cansado cansado llevaba tiempo dando tumbos lado,https://ww3.lectulandia.co/book/ayer-hoy-y-manana/,Aventuras,2026-10-03T17:21:26
114,tren carretera,['indiana james'],"['aventuras', 'novela']",indiana james,cosa carecer necesitarlo imperiosamente enfermos envidian salud sanos casados vida libre solteros viceversa centavo logicamente envidiaba treinta dolares necesarios costearse pension mala muerte darwin ciudad norte isla gigantesca llamada australia isla grande eeuu europa pais coger avion norte sur supone vender hermanito pequeño mercaderes esclavos pagar billete,https://ww3.lectulandia.co/book/el-tren-de-carretera/,Aventuras,2026-10-03T17:21:28
115,expedicion gorillclub,['gustave rouge'],"['aventuras', 'fantastico', 'intriga', 'novela']",misterioso doctor cornelius,aventuras misterioso doctor cornelius duda obras maestras novela negra popular belle epoque rouge mezcla intriga vision cientifica universo novelistico gran originalidad nueva york bretaña gran oeste americano isla ahorcados pluma rouge lleva lector lugares asombrosos misteriosos enigmaticos chocan concepciones antagonicas mundo encarnada cientifico frances prosper bondonnat investigaciones centran unicamente añadir piedra radiante edificio modernidad malvado doctor cornelius kramm cirujano plastico estadounidense escultor carne humana inventor carnoplastia obsesion esencialmente dinero,https://ww3.lectulandia.co/book/la-expedicion-del-gorill-club/,Aventuras,2026-10-03T17:21:30
116,amenaza invisible,['indiana james'],"['aventuras', 'novela']",indiana james,norma maners persona caritativa conocido significado palabra amabilidad compadecido pobre enfermo postrado lecho dolor descubierto piramide egipcia ahorrado quebraderos cabeza tiroteos despiadados carreras enloquecidas luchas cocodrilos hambrientos bueno fin peripecias,https://ww3.lectulandia.co/book/la-amenaza-invisible/,Aventuras,2026-10-03T17:21:33
117,locos atacar,['indiana james'],"['aventuras', 'novela']",indiana james,indiana james asiste combate boxeo vegas invitado pugiles amigo pelea convierte salvaje sucio brutal ataque puñetazos parte contrincante parece hipnotizado raro febril concentrado unicamente matar adversario cosa consigue pese oposicion arbitro entrenadores resto personas presentes protagonista centra averiguar motivo causado extraño comportamiento asesino,https://ww3.lectulandia.co/book/locos-de-atacar/,Aventuras,2026-10-03T17:21:36
118,ojo diente,['indiana james'],"['aventuras', 'novela']",indiana james,ley talion curioso nombre infecto tugurio situado extremo norte bissau trata destartalada construccion madera rematada uralita medio playa artisticamente alfombrada cascotes botella vistas precioso mar residuos petroliferos disueltos cantidades infimas agua,https://ww3.lectulandia.co/book/ojo-por-diente/,Aventuras,2026-10-03T17:21:39
119,tesoro gardenfly,['indiana james'],"['aventuras', 'novela']",indiana james,ponga nervioso persona imita supongo llega momento sabe imita planteas dira vea pensaran imita imitas volverse loco indio descomunal sucio vestido chaqueta flecos greñas hombros cara inexpresiva pedazo basalto,https://ww3.lectulandia.co/book/el-tesoro-de-gardenfly/,Aventuras,2026-10-03T17:21:42
120,busca prehistoria,['indiana james'],"['aventuras', 'novela']",indiana james,isla desierta principio naufragado isla parece bendicion cielo ganas besar playa correr saltar cantar loco agradeciendo diablo oportunidad seguir viviendo brisa caricia perfumada sol mano calida piel arena oro polvo fin delicia,https://ww3.lectulandia.co/book/en-busca-de-la-prehistoria/,Aventuras,2026-10-03T17:21:45
121,panteon flotante,['indiana james'],"['aventuras', 'novela']",indiana james,aventura indiana james piruetas 2000 metros altura conocera harriford jones aventurero millonario alegres damas compañia metera mano nido ratas enfrentara tripulacion muertos vivientes,https://ww3.lectulandia.co/book/el-panteon-flotante/,Aventuras,2026-10-03T17:21:48
122,maldicion 1000 siglos,['indiana james'],"['aventuras', 'novela']",indiana james,zenna davis favores elegante enmoquetado despacho new york times llamo comisaria cannes hablar prefecto parmentier prefecto conocia zenna imaginar esperaba torbellino cayo sorpresa enmudecio asusto arraso,https://ww3.lectulandia.co/book/la-maldicion-de-1000-siglos/,Aventuras,2026-10-03T17:21:51
123,diente perro,['indiana james'],"['aventuras', 'novela']",indiana james,genial divertidisima 2ª entrega aventuras cazador tesoros gente confunde odiosa mediania hollywoodiense harriford jones historia comienza dejamos harto cochambre hotel hongkones indiana enrola petrolero lleno buscavidas pierde poker indiana posesion preciada colgante diente perro,https://ww3.lectulandia.co/book/el-diente-de-perro/,Aventuras,2026-10-03T17:21:54
124,hong kong rock,['indiana james'],"['aventuras', 'novela']",indiana james,primera aventura famoso reportero indiana james lleva excolonia inglesa siguiendo rastro antigua novia asombrosos poderes raptada extraños tipos vestidos blanco agentes cia,https://ww3.lectulandia.co/book/hong-kong-rock/,Aventuras,2026-10-03T17:21:56
125,monte analogo,['rene daumal'],"['aventuras', 'filosofico', 'novela', '']",,pierre sogol estrafalario personaje amplios conocimientos cientificos reune dia casa conjunto personas heterogeneas proposito preparar viaje barco buscar misteriosa montaña inaccesible materia curiosa propiedad curvar espacio rodea manera region halla montaña denominan monte analogo encuentra encerrada cascara invisible espacio curvo mundo paralelo expedicion consistira cruzar dimension novela explicarnos personajes viaje daumal pone libro subtitulo aventuras alpinas euclidianas simbolicamente autenticas logra crear obra caracter unico inspirada fuentes frecuentadas literatura vedas platon rene guenon g gurdjieff debido aguda tuberculosis muerte sorprendio daumal medio frase novela circunstancia limitado relato contribuido realzar halo imaginario grandes obras inacabadas gracias notas aclaratorias editores franceses 1952 epilogo clara janes quedamos suspenso accedemos plan literario novela perfil autor monte analogo daumal logro metafisica julio verne habla logrado fisica,https://ww3.lectulandia.co/book/el-monte-analogo/,Aventuras,2026-10-03T17:21:59
126,sombra sueños,['gonzalo giner'],"['aventuras', 'historico', 'novela']",,sueños cumplir historia repleta accion aventura conspiraciones torno figura historica saladino sarah ludwig sofisticada ladrona arte ultimo robo valioso manet contacta emir jalid bin ayub apasionado amante caballos conquistado talento pide ayuda llevar cabo objetivo increiblemente ambicioso arriesgado lograrlo jalid necesita emprender compleja excavacion convulsa siria reunir empeño hombre ciencia corto escrupulos escasos limites eticos hora proceder emir podra realidad larga obsesion pretende sorprender mundo reescribir pasado revivir shujae legendaria yegua heroe musulman grande historia saladino unicas intenciones jalid exito asombroso plan terminar pesadilla sueño sombra,https://ww3.lectulandia.co/book/la-sombra-de-los-suenos/,Aventuras,2026-10-03T17:22:00
127,fragilidad imperio,['pedro j alcantara'],"['aventuras', 'fantastico', 'novela']",erol,erol niño desvalido vivia faldas trenulk adversidades vida soldado convertido capaz decidido fuerte embargo acaba descubrir nuevo mundo batalla velkra kalahar ciudad padre comprendera vivido engañado niñez asesinato madre aleatorio ayuda familia tratara desentrañar motivos kraen tiempo leyenda rinhenduris legendaria tribu cabalga lomos lagartos gigantes vez real plan kraen pone marcha consiguiendo imperio tambalee amenaza rebelion clanes laebius pende hilo emperador dejara aparten trono facilidad,https://ww3.lectulandia.co/book/la-fragilidad-de-un-imperio/,Aventuras,2026-10-03T17:22:02
128,tragedia wilson cabezahueca ed sergio sainz,['mark twain'],"['aventuras', 'humor', 'novela']",,tema doble duplicidad disfraz parte obsesiones fabuladoras mark twain aunan relato subrayar ambiguedad encierra concepto identidad ficcion ley sociedaddavid wilson personaje nombre obra abogado detective frustrado veintitres años vive obsesionado ciencia finales siglo xix novedosa objetivo creacion archivo huellas dactilares identificar error posible individuos situarlos categorias raciales determinadas ley esclava roxy negra apariencia blanca aterrada posibilidad bebe blanco apariencia vendido amo cambia hijo vastago amo fin salvarlo muerte social representaba sistema esclavista,https://ww3.lectulandia.co/book/la-tragedia-de-wilson-cabezahueca-ed-sergio-sainz/,Aventuras,2026-10-03T17:22:05
129,robinson crusoe il n c wyeth trad julio cortazar,['daniel defoe'],"['aventuras', 'novela']",,daniel defoe 16601731 agente comercial espia periodista escritor publico primera novela vida extrañas sorprendentes aventuras robinson crusoe marinero york cincuenta nueve años forma anonima haciendolas pasar autenticas memorias naufrago libro exito inmediato año vendieron seis ediciones gran bretaña incontables ediciones pirata tradujo enseguida lenguas llegando convertirse paso tiempo obra maestra literatura aventuras clasico literatura universal epoca defoe existia intenso trafico maritimo unica via transporte continentes caso naufragos sobrevivido largo tiempo abandonados suerte isla desierta infrecuente parecer defoe baso relato autentica historia alexander selkirk marinero escoces enrolado 1704 galeon capitaneado celebre bucanero william dampier selkirk acalorada discusion dampier pidio abandonado pequeña isla juan fernandez 650 kilometros costa valparaiso chile sobrevivio cinco años presente edicion cuenta extraordinaria traduccion julio cortazar realizada especialmente lujosa edicion ilustrada carybe publicada buenos aires 1945 lector edicion podra disfrutar ilustraciones color llenas fuerza vida n c wyeth clasico aventuras ilustradas,https://ww3.lectulandia.co/book/robinson-crusoe-il-n-c-wyeth-trad-julio-cortazar/,Aventuras,2026-10-03T17:22:07
130,grandeza,['katherine kurtz'],"['aventuras', 'fantastico', 'novela']",deryni,excomunion interdicto joven rey kelson paladin duque alaric morgan deberan luchar warin grey fanatico religioso brazo armado obispos oponen resurgir deryni deberan afrontar amenaza guerra wencit torenth monarca hechicero deryni pretende dominar gwyneed hacerla retornar oprobioso dominio detestados dictadores deryni,https://ww3.lectulandia.co/book/la-grandeza/,Aventuras,2026-10-03T17:22:09
131,cuentos,['rudyard kipling'],"['aventuras', 'fantastico', 'humor', 'relato']",,sabes consiguio trompa elefante creo alfabeto crees obtuvo manchas leopardo descubre respuestas libro lleno historias maravillosas escritas autor libro selva recopilacion cuentos inolvidables llenos ternura magia inocencia clasicos inolvidables disfrutar compartir dejar volar imaginacion,https://ww3.lectulandia.co/book/los-cuentos-como-son/,Aventuras,2026-10-03T17:22:12
132,ultima reliquia,['rodrigo costoya'],"['aventuras', 'historico', 'novela']",,año 1588 felipe ii rey poderoso existido pone marcha operaciones secretas primera pretende derrotar gran enemiga reina inglaterra envia poderosa flota consigna rendir londres llamada armada invencible exito provocara rapido contraataque ingles costas españolas barcos rey tiempo restañar heridas mujer distinguira defensa ciudad coruña traves segunda operacion rey trata completar coleccion reliquias sagradas almacenando imponente residencia construida simbolo reinado escorial atesora siete mil confiscadas mejores hombres antiguos santuarios falta anhela valiosa cristiandad ultima reliquia ambrosio morales erudito prestigioso epoca parte direccion compostela intencion ejecutar voluntad soberano augurar endiablada conjura acabara propiciando desaparicion restos apostol santiago siglos posteriores felipe ii pirata francis drake elizabeth i miguel cervantes maria pita viven paginas princesa eboli arzobispo sanclemente protagonistas mitico pleito cinco obispados buen viaje deseo final aventura igual ojos,https://ww3.lectulandia.co/book/la-ultima-reliquia/,Aventuras,2026-10-03T17:22:15
133,tinta fuego,['benito olmo'],"['aventuras', 'intriga', 'novela']",,greta reputada buscadora libros raros valiosos popularidad caido picado debido desaparicion primera edicion borges debia tasar ahogada deudas desconfianza allegados acepta encargo insolito encontrar biblioteca familia fritzbriones perdida segunda guerra mundial investigacion conducira berlin constatara nazis llevaron cabo mayor robo libros historia asesinando bibliofilos libreros coleccionistas mundo tratar reconstruir mitica biblioteca comunidad judia roma saqueada escondida tercer reich greta podra resistirse giro investigacion amante libros ignoraria rastro legendaria coleccion importa vida peligro sabe aventura llevara descubrir verdad preparada,https://ww3.lectulandia.co/book/tinta-y-fuego/,Aventuras,2026-10-03T17:22:18
134,ciudad cesares,['manuel rojas'],"['aventuras', 'novela']",,presente novela rojas narra historia onaisin indio ona perro vivia placidamente inexploradas comarcas tierra fuego tranquila existencia vuelco dramatico dia aparece hombre blanco busca ciudad cesares onaisin entrara contacto cultura esperan clase dramaticas aventuras,https://ww3.lectulandia.co/book/la-ciudad-de-los-cesares/,Aventuras,2026-10-03T17:22:20
135,casa vapor penguin clasicos,['julio verne'],"['aventuras', 'novela']",,mayo 1867 grupo hombres inician viaje traves india fantastico medio transporte vehiculo traccion vapor acondicionado vivienda enemistad coronel munro nana sahib sanguinario lider rebelion cipayos caza tigre constituyen ejes narrativos esplendida novela vez viaje hondo aventura mayor parte obra jules verne reviste fuerte componente cientifico menudo reside clave historia casa vapor magnificamente traducida hector gomez lopez excepcion regla modo introduccion fisico nuclear divulgador charlesnoel martin supone aportacion unica presente volumen,https://ww3.lectulandia.co/book/la-casa-de-vapor-penguin-clasicos/,Aventuras,2026-10-03T17:22:22
136,lago secreto,['karen inglis'],"['aventuras', 'infantil', 'juvenil', 'novela']",,stella hermano pequeño tom mudan nueva casa quedan intrigados constantes desapariciones harry pequeño perro vecino regresa mojado modo deciden dedicar vacaciones verano resolver caso misterioso investigacion encuentran tunel lleva lago secreto lago chico rema barca aspecto asustado huye chico voces salen bosque stella tom descubriran encontrado lago secreto viajado tiempo parece casual realidad descubrimientos cambiaran cosas importantes futuro,https://ww3.lectulandia.co/book/el-lago-secreto/,Aventuras,2026-10-03T17:22:25
137,lenta agonia peces,['eric frattini'],"['aventuras', 'novela']",,havana sinclair mejores agentes servicios secretos britanicos experta terrorismo islamico dispuesta llegar final importarle consecuencias destituida cargo mi5 atentados londres apartada servicio contratada compañia seguros investigar asesinato millonarios bagdad ocupado fuerzas norteamericanas nueva mision havana enfrentarse viejos conocidos,https://ww3.lectulandia.co/book/la-lenta-agonia-de-los-peces/,Aventuras,2026-10-03T17:22:27
138,quedo,['agatha christie'],"['aventuras', 'intriga', 'novela', 'policiaco']",,diez personas visto invitadas huesped desconocido pasar dias vacaciones lujosa mansion situada isla costa inglesa primera cena misteriosa grabacion desvelara presentes esconder crimen pagar cuerpo invitados aparezca signos asesinado tension estallara criminal preparandose actuar nuevo vieja cancion infantil parece encerrar misterio creciente pesadilla quedo conocida mundialmente titulo diez negritos novela misterio vendida historia presente edicion incorpora ilustraciones guillermo berdugo introduccion propuestas trabajo cargo silvia iriso,https://ww3.lectulandia.co/book/y-no-quedo-ninguno/,Aventuras,2026-10-03T17:22:29
139,guardia rey,['nora sakavic'],"['aventuras', 'intriga', 'juvenil', 'novela']",all for the game,neil josten trata librarse garras siniestro riko moriyama zorros luchan superar temores comportarse fin equipo unido kevin debe valer liderazgo confrontar vulnerabilidad riko miembros renee danielle nicky deben demostrar dejado pasado andrew necesita salir drogas vez lado apoya desea protegerlo andrew lograran triunfar malas artes cuervos forma definitiva guardia rey tercer ultimo libro tetralogia all for the game lleno escenas dialogos memorables incluye confrontacion final equipos rivales evolucion amistades forjadas adversidad romance especial,https://ww3.lectulandia.co/book/la-guardia-del-rey/,Aventuras,2026-10-03T17:22:31
140,johnny blackdawn,['ivana von retteg'],"['aventuras', 'novela']",blackdawn,john dawner cadete marina real britanica port royal padre famoso almirante james dawner depositado grandes expectativas john contrario esperaria rebelde caotico salvaje siente pertenece servicio naval familia correcto interesado combatir piratas asolan aguas turquesas caribe siente misteriosamente atraido forma vida destino llama puerta feroz ataque bucaneros comandados capitan desmond black puerto john sienta obligado luchar ciudad cañonazos espadas entrechocan padre punto morir confiesa oscuro origen secreto llevara john traves larga travesia piratas amores saqueos encontrarse alta mar johnny blackdawn historia impredecible desmond black enemigo barbanegra bellisima margaret tanner liberal jill jones noble española maria aragon mujeres existencias encuentran sentido pirateria suma comunidad revolucionaria llena personajes fascinantes acciones pusieron jaque comercio marino nuevo mundo,https://ww3.lectulandia.co/book/johnny-blackdawn/,Aventuras,2026-10-03T17:22:34
141,valor,['robert ruark'],"['aventuras', 'historico', 'novela']",,relato historico grafico acontecimientos kenia africa principios decada 1950 violenta insurreccion mau mau pelicula something of value 1957 protagonizada rock hudson sidney poitier elenco estrellas baso libro historia levantamiento mau mau kenia 19521960 vista traves ojos puñado protagonistas practicamente mar colonos britanico racistas granjero peter mckenzie esfuerza comprender demandas libertad igualdad formulada poblacion negra kenia particular amigo infancia kimani embargo ultima instancia mckenzie kimani encuentran lados opuestos valla ultimo alinea mau mau,https://ww3.lectulandia.co/book/algo-de-valor/,Aventuras,2026-10-03T17:22:38
142,rey cuervo,['nora sakavic'],"['aventuras', 'intriga', 'juvenil', 'novela']",all for the game,zorros equipo fragmentado neil josten milagro esperando unica persona acuerdo andrew unico capaz penetrar ferreas barreras andrew neil problema andrew cambio neil cuesta horrores confiar embargo tiempo equipo rival cuervos riko moriyama dispuesto destrozar nueva fragil vida neil rey cuervo segundo esperadisimo libro tetralogia all for the game tension sube vuelve electrizante revelan lados desconocidos personajes sucedera,https://ww3.lectulandia.co/book/el-rey-cuervo-nora-sakavic/,Aventuras,2026-10-03T17:22:40
143,madriguera zorro,['nora sakavic'],"['aventuras', 'intriga', 'juvenil', 'novela']",all for the game,neil josten joven lleva vida huyendo propio padre despiadado jefe organizacion criminal acostumbrado vivir miedo fingir salvo asesinan madre neil toma decision desesperada incorporarse equipo exy conocido zorros exy deporte rapido violento mezcla lacrosse rugby hockey unico neil sienta real embargo neil unico secretos equipo zorros viejo amigo infancia neil encuentra valor alejarse segunda vez encontrado fin merece pena luchar madriguera zorro primer libro exitosa tetralogia all for the game retrata mundo tension personajes rotos moralmente grises combaten depredadores encuentran apoyo iguales,https://ww3.lectulandia.co/book/la-madriguera-del-zorro/,Aventuras,2026-10-03T17:22:43
144,historias amor odio,['adrian conan doyle'],"['aventuras', 'relato']",,volumen integra diez relatos escenarios naturales inauditos selvas sombrias profundidades mar montañas peñascos aparecen animales improbables anguilas voraces nativos expedicionarios brutales insaciables acontecen asesinatos rituales expediciones aventuras sentido estimulante palabra fragmento reseña autor omar g villegas titulada culturerias hijo trotamundos arthur conan doyle cznmundo 6 mayo 2016,https://ww3.lectulandia.co/book/historias-de-amor-y-de-odio/,Aventuras,2026-10-03T17:22:45
145,soledad salvaje,['alice henderson'],"['aventuras', 'intriga', 'novela']",alex carter,biologa alex carter recien llegada reserva natural montana objetivo estudiar curiosos mamiferos carcayus sufre acoso coche expulsa carretera amenazas vecinos quieren forzarla marcharse territorio resuelta cumplir mision ayudar salvar especie amenazada alex sigue pie rastro carcayus coloca camaras zonas remotas reserva revisar fotos descubre imagenes inquietantes animal distinto tipo hombre gravemente herido parece perdido camina rumbo naturaleza salvaje cabo expediciones fallidas busca desconocido policia local empeña caso cerrado despertando sospechas alex depredador invasivo entra reserva cazador resulta humano presa codiciada propia biologa alex comprende visto topado operacion ilegal gran alcance convertido mayor amenaza territorio salvaje peligroso vida alex depende paso utilizando conocimientos mundo animal falta ganar brutal batalla supervivencia,https://ww3.lectulandia.co/book/soledad-salvaje/,Aventuras,2026-10-03T17:22:47
146,manuscrito perdido principito,['cristian perfumo'],"['aventuras', 'intriga', 'novela']",,esencial invisible ojos verdaderos motivos manuscrito vale millones hombre torturado asesinado carrera medio mundo busca verdad argentina 1930 doce años escribir principito antoine saintexupery trabaja patagonia piloto avion aprovecha momento libre hotel aerodromo aire llenar letra apretada pequeña libreta barcelona 2023 santiago sotomayor investigador privado borde quiebra contratado empresarias importantes pais hija ariadna marcho patagonia argentina estudiar manuscrito inedito antoine saintexupery autor principito meses lleva año madre sospecha captada secta sotomayor viaja patagonia descubre ariadna problemas graves solucionarlos santiago ariadna uniran carrera tiempo recorreran nueva york barcelona patagonia pista ultimo manuscrito inedito saintexupery pieza museo vale millones cambiar sabe libro vendido siglo xx,https://ww3.lectulandia.co/book/el-manuscrito-perdido-de-el-principito/,Aventuras,2026-10-03T17:22:50
147,jaque mate,['katherine kurtz'],"['aventuras', 'fantastico', 'novela']",deryni,edad media alternativa deryni grupo magos telepatas antaño poderosos enfrentan autoridad pujante religion cristiana ansias primacia joven kelson paladin estirpe deryni duque alaric morgan desafian poderosas armas iglesia excomunion interdicto peligro perder apoyo comprension subditos amenazados interdicto eclesial kelson morgan deberan enfrentarse warin grey fanatico ungido milagrosos atributos santidad empecinado terrible guerra santa deryni,https://ww3.lectulandia.co/book/jaque-mate-katherine-kurtz/,Aventuras,2026-10-03T17:22:53
148,camino ninja,"['barbara montes', 'juan gomezjurado']","['aventuras', 'infantil', 'intriga', 'juvenil', 'novela']",amanda black,final principio atardecer pensar dias conocer persona genial conozco pensar dejarla marchar enteramos terremoto sacudido japon parecio grave equivocaba temblor aparentemente inofensivo producido serie derrumbes dejado descubierto sistema cuevas esconde peligrosa arma milenaria claro asegurarse cayera manos equivocadas comenzo viaje japon creyendo manera imaginar mision cambiaria vida,https://ww3.lectulandia.co/book/el-camino-del-ninja/,Aventuras,2026-10-03T17:22:55
149,orgullo juicio parte 2,['lena valenti'],"['aventuras', 'erotico', 'novela', 'romantico']",orgullo juicio,lis hija mayor benet familia viticultores valle haro decide regresar casa recibir llamada socorro madre objetivos mente primero rescatar ruina viñedo familiar segundo lleva años planeando vengarse darcy acoso llevaban sufriendo parte años cree control problema ajustar cuentas enfrentarse guillermo oscuro hijo mayor darcy responsable pasado huyera haro corazon roto historia original embriagadora orgullo empoderamiento toneladas emotividad prejuicios juicio ocasiones mala uva sensualidad risas lagrimas amor aventura trama delicias lector,https://ww3.lectulandia.co/book/orgullo-y-poco-juicio-parte-2/,Aventuras,2026-10-03T17:22:58
150,reino perdido,"['barbara montes', 'juan gomezjurado']","['aventuras', 'infantil', 'intriga', 'juvenil', 'novela']",amanda black,recuerdo palabras tia paula escuchamos sucedia ojala tocado claro tocarme empezo isla pacifico volcan entro erupcion normal semana planeta entero punto destruido mar lava unica forma detener fin mundo encuentre idolo perdido milenios realice ritual templo mitico reino atlantida isla variar sabe realmente existio pan comido verdad capaz amanda encontrar reino perdido salvar humanidad desaparicion,https://ww3.lectulandia.co/book/el-reino-perdido-juan-gomez-jurado/,Aventuras,2026-10-03T17:23:00
151,orgullo juicio parte 1,['lena valenti'],"['aventuras', 'erotico', 'novela', 'romantico']",orgullo juicio,lis hija mayor benet familia viticultores valle haro decide regresar casa recibir llamada socorro madre objetivos mente primero rescatar ruina viñedo familiar segundo lleva años planeando vengarse darcy acoso llevaban sufriendo parte años cree control problema ajustar cuentas enfrentarse guillermo oscuro hijo mayor darcy responsable pasado huyera haro corazon roto historia original embriagadora orgullo empoderamiento toneladas emotividad prejuicios juicio ocasiones mala uva sensualidad risas lagrimas amor aventura trama delicias lector,https://ww3.lectulandia.co/book/orgullo-y-poco-juicio-parte-1/,Aventuras,2026-10-03T17:23:02
152,maya erikson ultimo secreto,['isabel alvarez'],"['aventuras', 'infantil', 'intriga', 'juvenil', 'novela']",maya erikson,cinco años desaparecido maya encuentra abuelo descubre tiempo protegiendolos inminente peligro siquiera conscientes cuenta salvo situacion vuelto critica quieren intento salvar planeta siga deben pensarselo maya embarca viaje desconocido descubrira secretos llevan siglos enterrados,https://ww3.lectulandia.co/book/maya-erikson-y-el-ultimo-secreto/,Aventuras,2026-10-03T17:23:04
153,scaramouche novela ilustrada,['rafael sabatini'],"['aventuras', 'novela']",scaramouche,protagonista novela sabatini andrelouis moreau aldea gavrillac hombre padres desconocidos apadrinado señor gavrillac quintin kercadiou gentes pueblo atribuyen paternidad andrelouis desea vengar muerte amigo philippe vilmorin manos señor tour dazyr traslada rennes demanda justicia muerte amigo ignorado tribunal justicia lugar huir señor tour dacyr quiere vengarse ofendido honor definirlo publicamente asesino escapada conoce compañia teatro ambulante comienza aprendiz terminar interpretando gran scaramouche personajes clasicos antigua comedia arte actuaciones arma gran revuelo encender animos nobleza estamento debe huir nuevo encuentra empleo ayudante profesor esgrima enseña secretos continua frecuentando casinos literarios mantenerse contacto burgueses informan acontecimientos finalmente desata revolucion francesa toma bastilla populacho momento andrelouis preocupa padrino prima aline temiendo vida pertenecer aristocracia final sabra verdadero origen cambiara radicalmente intenciones iniciales,https://ww3.lectulandia.co/book/scaramouche-novela-ilustrada/,Aventuras,2026-10-03T17:23:06
154,baston cuervo,"['barbara montes', 'juan gomezjurado']","['aventuras', 'infantil', 'intriga', 'juvenil', 'novela']",amanda black,ojala sucedido manera vencio orgullo humor discusion eric esme liado director lennon lider misteriosa organizacion secreta presento dias tentadora mision recuperar vara vikinga permite futuro manos molrovia pais liderado banda criminales primera vez trabajar ayuda amigo esperaba cometiendo mayor error vida capaz amanda recuperar magico baston vikingo eric lado,https://ww3.lectulandia.co/book/el-baston-del-cuervo/,Aventuras,2026-10-03T17:23:08
155,scaramouche creador reyes novela ilustrada,['rafael sabatini'],"['aventuras', 'novela']",scaramouche,sabatini retoma historia scaramouche lideres revolucionarios robespierre recurren terror aplastar posibilidad simpatizantes monarquicos nobleza restante desempeñen papel futuro politico francia heroe primera entrega andrelouis moreau oculto mascara scaramouche emprende camino enfrenta robespierre tiempo intenta ganarse afecto amada aline,https://ww3.lectulandia.co/book/scaramouche-creador-de-reyes-novela-ilustrada/,Aventuras,2026-10-03T17:23:11
156,secreto elixir magico,['oscar hernandezcampano'],"['aventuras', 'fantastico', 'intriga', 'juvenil', 'novela']",,descubrieras fuente eterna juventud existe daniel gabi andres adolescentes disfrutan vacaciones verano interrumpida despreocupada vida padre dani arqueologo aventurero disparan flecha misteriosas inscripciones desconfiando policia jovenes deciden investigar cuenta descubren humanidad peligro comienza aventura llevara llevara heroes medio mundo carrera contrarreloj fuerzas embargo lucharan solos susana intrepida aspirante inspectora unira presentara poderosa hechicera ursula secreto elixir magico trepidante historia llena imaginacion personajes carismaticos sigue tradicion mejores novelas aventuras aunando viajes tesoros ocultos magia,https://ww3.lectulandia.co/book/el-secreto-del-elixir-magico/,Aventuras,2026-10-03T17:23:13
157,acrata magallania,['julio verne'],"['aventuras', 'novela', 'realista']",,inedito texto original manipulaciones verne obras insolitas presente novela verne compendio ideas humano sociedad suerte autobiografia espiritual novela personal enteramente adulta encontrada muerte papeles hijo escritor michel verne publico numerosas intolerables modificaciones eliminando cinco capitulos añadiendo veinte cambio sentido ideologico obra novela publicada titulo naufragos jonathan version traducido publicado anteriormente españa ofrecemos hermoso redactado original inedito español realmente escribio autor trasluce amargura verne ultimos años fascinacion acracia violenta tiempo manifiesta formidable capacidad describir mundo natural mezclando informacion enciclopedica vision poetica caso grandiosos preantarticos espacios magallanicos logra sumergir lector visitase realmente,https://ww3.lectulandia.co/book/el-acrata-de-la-magallania/,Aventuras,2026-10-03T17:23:16
158,cañones nizam,['allan mallinson'],"['aventuras', 'novela']",matthew hervey,productivo exito batalla waterloo capitan matthew hervey dispone regresar londres contraer matrimonio lady henrietta lindsay iniciar placida vida familiar embargo wellington planes nombrado ayudante campo duque recibe ordenes embarcar destino india mision politica secreta siente preparado acerca conocera detalles imprescindibles llevar buen puerto mision relaciones londres joya corona india encuentran 1816 delicada situacion precario equilibrio gobierno britanico peligrar futuro logra mantener acuerdos hyderabad acuerdos desempeñan papel esencial hijas nizam nombre conocidos cañones gran calibre principe hyderabad,https://ww3.lectulandia.co/book/los-canones-del-nizam/,Aventuras,2026-10-03T17:23:18
159,corona cruel,['victoria aveyard'],"['aventuras', 'fantastico', 'juvenil', 'novela']",reina roja,mujeres divididas color sangre plateada roja historias secretas conoce cancion real reina coriane primera esposa rey tiberias guarda diario intimo teme secretos usados coriane relata embriagador cortejo principe heredero nacimiento nuevo principe cal letales desafios esperan vida palacio cicatrices acero capitana farley intercambia mensajes codificados resistencia recluta contrabandistas radicales primer intento atacar capital criada fuerte plantar semillas rebelion norta trabajo duro esperado tropieza chica clave operacion mare barrow,https://ww3.lectulandia.co/book/corona-cruel/,Aventuras,2026-10-03T17:23:21
160,ultimo argumento reyes edicion ilustrada,['joe abercrombie'],"['aventuras', 'fantastico', 'novela']",primera ley,rey hombres norte mantiene guerrero detener viejo amigo enemigo antiguo llegado hora sanguinario vuelva casa glokta librando lucha secreta seguro fiar dias guerrero utiliza armas quedan chantaje tortura jezal luthar decidido gloria dolorosa prefiere vida sencilla mujer ama amor doloroso gloria desagradable costumbre aferrarse hombre desea rey union muerto campesinos rebelan nobles luchan corona primero magos plan salvar mundo vez riesgos riesgo terrible romper primera ley volumen cierra impresionante trilogia voz imprescindible fantasia moderna,https://ww3.lectulandia.co/book/el-ultimo-argumento-de-los-reyes-edicion-ilustrada/,Aventuras,2026-10-03T17:23:24
161,sombra alejandro,['frederic neuwald'],"['aventuras', 'novela']",,trepidante novela aventuras indaga enigmas arqueologicos sugestivos tiempos tumba alejandro magno revisa papeles colega acaba morir extrañas circunstancias morgan lafet arqueologo abandono trabajo campo muerte accidental hermano descubre documento siglo xviii esplendida espada antigua hallazgos pondran pista codiciado sepulcro reydios macedonio,https://ww3.lectulandia.co/book/la-sombra-de-alejandro/,Aventuras,2026-10-03T17:23:26
162,fort everglades,['frank g slaughter'],"['aventuras', 'novela']",,especializados historia florida apresuran acontecimientos extraños seguramente ningun suceso reseñados largas cronicas guerras seminolas pintoresco captura realizada indios compañia comicos legua dedicaban representar obras shakespeare consecuente aparicion jefes indios consejo pueblo ataviados ropas hamlet otelo julieta novela manejado libremente acontecimientos incluyendo episodio mencionado matanza 1840 cayo indian expedicion interior glades mandada teniente coronel harney resultado captura chekika terminacion resistencia organizada parte pueblo seminola,https://ww3.lectulandia.co/book/fort-everglades/,Aventuras,2026-10-03T17:23:28
163,inmortal,['mariano fernandez urresti'],"['aventuras', 'fantastico', 'intriga', 'novela']",,londres siglo xix hombres prometen alcanzar vida eterna escritores buscan inspiracion derrotar tiempo detener muerte dracula existio existe mapa conduzca neverland viaje mundo perdido asesinatos niebla mensaje proveniente infierno historia torne enigmatica arcana aventura llevara carfax paginas historia leiste reseño libro españa siglo xxi hombres desaparecidos guerra civil reaparecen inexplicablemente jovenes carta desconcertante viaje londres podras olvidar paginas libro pretenden creas cosas creer atreves sumergirte historia llena intriga suspense preparate viaje podras olvidar,https://ww3.lectulandia.co/book/inmortal/,Aventuras,2026-10-03T17:23:30
164,magumba,['fabian plaza miranda'],"['aventuras', 'humor', 'novela']",,osaria robar idolo mangante descansa corazon africa arriesgaria sufrir poderosas maldiciones romperia equilibrio mundo vivos muertos hiciera tribu pigmentos guardianes templo mangante tiempos inmemoriales valientes guerreros vengarian tamaña afrenta persiguiendo ladrones idolo sagrado confines tierra bueno insignificantes detalles pigmentos miden medio metro potencial belico sardina enlatada siquiera saben idolo sagrado esclavista hardy stern apodera estatuilla mundo conocemos punto convertirse restos plastilina guarderia osadia yuyu chaman pigmentos gayumbo rebelde aprendiz jane exploradora venida tierras hombre blanco frank n stein pensador ciudad sakrabita interpone stern malevolos planes siguen rastro idolo mangante cruzaran tartan hombre mono temible tribu copitos nieve cementerio elefantes ping pong chimpance gigante stanley busca livingston montones dinosaurios desconcertados brujas masayas preste juan yorkshire terrier zombi cosa supuesto novela parezca version africana camarote hermanos marx,https://ww3.lectulandia.co/book/magumba/,Aventuras,2026-10-03T17:23:32
165,relatos alaska,['jack london'],"['aventuras', 'relato']",,caso escritores importante conocer biografia llegar comprender obra jack london imprescindible vida resulta emocionante relatos nombre evocacion aventura verano 1897 primeras noticias descubrimiento oro alaska une sintiendo fiebre oro aventura correr venas viajaron miticos rios yukon klondike busca dorado london encontro precioso metal cambio tesoro ingente cantidad material narrativo convirtio experiencias novelas populares hijo lobo llamada selva colmillo blanco antologia recoge relatos tema gran estampida oro alaska consideramos significativos clave pugna salvaje hombre intrepido tenaz valeroso naturaleza adversa imprevisible cruel busca destruirlo,https://ww3.lectulandia.co/book/relatos-de-alaska/,Aventuras,2026-10-03T17:23:35
166,crimen atocha,['pablo poveda'],"['aventuras', 'intriga', 'novela']",detective maldonado,tren llega criminal arrepentido confesion lleva tumba delito olvidado agitar pilares sociedad hombre cae misteriosamente estacion atocha madrid llevandose mensaje crucial muerte detective privado javier maldonado arrastrado caso ayuda sagaz secretaria marla regreso enigmatico inspector rojo alicante triada adentra inframundo criminal madrileño desentrañar antiguo crimen apunta mayor podra detective desentrañar verdad tiempo agote secreto oscuro revela caso maldonado descubre difunto punto entregar confesion admision antiguo crimen olvidado señala insidioso profundo embarcaran carrera reloj descubriendo red mentiras codicia venganza verdadero asesino esconde vista realmente muerte estacion atocha sumergete sombras madrid sigue maldonado lucha corrupcion tictac reloj presencia propios fantasmas pasado,https://ww3.lectulandia.co/book/el-crimen-de-atocha/,Aventuras,2026-10-03T17:23:37
167,piel,['fernando gamboa gonzalez'],"['aventuras', 'novela', 'policiaco']",nuria badal,piel nueva novela fernando gamboa autor independiente vendido mundo vez trae impresionante thriller policiaco protagonizado agente nuria badal absorbente novela negra podras despegarte alcanzar inesperado final oscuro misterio mano nuria asomaras lugares reconditos propia conciencia dudando hurgando piel apariencias revelar alucinante realidad barcelona acosada inusual ola frio invernal agente badal descubre cadaver banquero horriblemente asesinado primero serie crimenes atroces inexplicables crimenes pondran ciudad borde caos incontrolable espiral violencia ciudadana parece sentido caso desconcertado cuerpo policia incapaz atrapar asesino simplemente encontrar explicacion racional sucediendo nuria embargo fiel caracter rebelde obstinado jugara descubrir verdad riesgo carrera vida alma peligrosa apuesta saldra cara podido imaginar descubre oculta piel nota autor piel obra independiente vez sirve precuela redencion leido anterior caso nuria badal disfrutaras primera ultima pagina piel novela policiaca sorprendente ultimos años,https://ww3.lectulandia.co/book/piel/,Aventuras,2026-10-03T17:23:40
168,pies lleven,['josef martin bauer'],"['aventuras', 'novela']",,bauer dejado simple relato prisioneros guerra narraciones aventuras imponentes escritas die welt relato aventura extraordinaria autentica odisea terrestre fuga prisiones inhumanas visto sometido humano minas plomo siberianas embargo huida conduce protagonista clemens forell prision igualmente tremenda peligrosa inmensidad estepa forell conocera frio tundra hambre lobos miedo descubrira limite resistencia humana 14000 kilometros periplo pies lleven leida menudo novela esplendida emocionante novela anima lector cuestion veracidad historia cuenta saber pasara pagina siguiente embargo historico,https://ww3.lectulandia.co/book/tan-lejos-como-los-pies-me-lleven/,Aventuras,2026-10-03T17:23:43
169,sonrisas gannet,['lou carrigan'],"['aventuras', 'novela']",oeste legendario,dia momento llegar pueblo hombre sidney gannet llamaban smiling gannet gustaba sid smiling quiere risueño simpatico texas contaba millones quinientos mil habitantes sid estrella solitaria millones cuatrocientos noventa nueve mil amigos ultimo habitante completar cifra censo bueno decia,https://ww3.lectulandia.co/book/sonrisas-gannet/,Aventuras,2026-10-03T17:23:44
170,secretos old castle,['arya s winter'],"['aventuras', 'intriga', 'novela']",,prestigioso internado ingles joven desaparecido verdad desafiara creencia norah halley obligada dejar barcelona cursar ultimo año instituto distinguido internado britanico descubre pasillos elitista old castle college esconden leyendas secretos relacionados extraña desaparicion estudiante norah rompa promesa estrechar lazos acerque rhydian joven conflictivo comienza sentir deberia juntos emprenderan busqueda clandestina averiguar verdad punto descubrir cambiar mundo atmosfera oscura personajes inolvidables arya s winter sumerge emocionante novela llena misterio amor aventuras,https://ww3.lectulandia.co/book/los-secretos-de-old-castle/,Aventuras,2026-10-03T17:23:47
171,contara,['jose luis gil soto'],"['aventuras', 'historico', 'intriga', 'novela']",,finales julio 1936 embajada españa paris convierte centro compra armas republica oportunistas comisionistas desfilan despachos fin sacar provecho necesidad mes agosto intentos desesperada llevaran armando luz matrimonio español verse involucrados intentos suministro armamento bandos guerra cree muerto imagina busca empleo mantener hija embargo reclutados agentes intereses antagonicos llevaran alemania nazi intento desesperado lograr abastecimientos pais españa desangra guerra civil contara aventura vivida armando luz historia tercera españa margen bandos,https://ww3.lectulandia.co/book/si-yo-te-contara/,Aventuras,2026-10-03T17:23:49
172,argonauticas,['cayo valerio flaco'],"['aventuras', 'poesia']",biblioteca clasica gredos,practicamente sabe cayo valerio flaco salvo finales siglo i plena edad plata literatura latina reescribio metro heroico antiquisima leyenda argonautas fabulosa travesia nave argo busca vellocino oro funestos amores jason medea objeto continua reelaboracion parte numerosos autores griegos romanos valerio supo buscar nuevos perfiles personajes sobra conocidos nuevos significados historia contada alterada enriquecida precursores releyo argonauticas griegas apolonio rodas luz eneida virgilio integro gran tradicion epica homero lucano sombria tradicion tragica euripides seneca resultado deslumbrante epopeya trabajada complejidad ironia erudicion delata verso voluntad emulacion epigono poema calificado clasico neoclasico romantico barroco manierista parnasiano importante recomendamos descargar libros poesia formato epub dado pdf problemas visualizacion,https://ww3.lectulandia.co/book/argonauticas-cayo-valerio-flaco/,Aventuras,2026-10-03T17:23:52
173,inmortales highlander,['garry kilworth'],"['aventuras', 'novela']",,amanecer tiempos guerreros inmortales venido sintiendo necesidad combatir tratar decapitar oponentes separarse cabeza cuerpo inmortales encontrarse destruccion macleod guerrero escoces siglo xvi conseguido sobrevivir largo siglos espada espada inmortales visto atraidos nueva york batirse duelo final cortarse cabezas antiguos gigantesco kurgan caballero negro lleva arrastrandose tierra 2000 años desarrollado retorcido sentido humor desprecio asesino inmortales humanos dias cortos duelo final alcance mano cortaran cabezas lloveran relampagos quedar verdadera adaptacion pelicula highlander 1986 material adicional explica parte origenes aventuras inmortales preceden epico enfrentamiento macleod kurgan,https://ww3.lectulandia.co/book/los-inmortales-highlander/,Aventuras,2026-10-03T17:23:54
174,mitos fabulas galaxia,['george mann'],"['aventuras', 'relato']",star wars nuevo canon,historias contadas confines galaxia viaja confines universo star wars relatos unicos podras visitar tatooine batuu traves memorable coleccion cuentos mitos fabulas ilustrado mano grant griffin escenas asombrosas espacio,https://ww3.lectulandia.co/book/mitos-y-fabulas-de-la-galaxia/,Aventuras,2026-10-03T17:23:57
175,noche brillante,['jennifer l armentrout'],"['aventuras', 'fantastico', 'novela']",origin,estrella oscura sombra ardiente juntos traeran noche brillante año evelyn dasher chica normal existencia segura anodina vida absoluta mentira descubierto verdad oculta zona 3 sabe vuelve perder control peligrosas habilidades pondra peligro miembros comunidad secreta guapisimo terriblemente inhumano luc cosa mantenerla salvo mentir trapichear suplicar matar verdades siquiera luc prepararse medida habilidades evie evolucionan consecuencias vuelven devastadoras luc adentrando oscuridad evie perdida sombras,https://ww3.lectulandia.co/book/la-noche-mas-brillante/,Aventuras,2026-10-03T17:23:59
176,lord corsario,['sydney jane baily'],"['aventuras', 'historico', 'novela', 'romantico']",lores malditos,mision secreta reina victoria corsario britanico philip carruthers finalmente encuentra tesoro buscando largos peligrosos años desafortunadamente descubre hija diplomatico nido piratas disfruta ultimos meses libertad matrimonio señorita beryl angsley acompaña padre mundo asunto diplomacia secuestrada piratas chinos mar china meridional terrible inconveniente capitan carruthers obligado honor rescatarla arriesga barco tripulacion gato medio mundo peligroso supervivencia tambalea filo espada podra cumplir deber reina elegira salvar vida beryl,https://ww3.lectulandia.co/book/lord-corsario/,Aventuras,2026-10-03T17:24:01
177,hechicera cuentos magicos mares sur,['robert louis stevenson'],"['aventuras', 'relato']",,noviembre 1887 editor norteamericano s s macclure visito stevenson saranac lake refugio montañas adirondack nueva york escritor conto deseo viajar mares sur aventura soñado veinticinco años macclure sugirio crucero costearselo dando conferencias ee uu regreso escribiendo narracion viaje forma epistolar saldria publicaciones periodicas dicha narracion aparecio finalmente 1896 titulo mares sur avatares nº 1 meses encuentro rls llega san francisco reunirse mujer acababa alquilar yate casco excentrico medico maine comenzaba ultima gran aventura errabundo escritor escoces marco incomparable islas stevenson escribio 1889 1993 ultimos cinco cuentos historias conforman presente antologia incluida hechicera relato autobiografico relacion joven romantico bohemio mujer caracter autoritaria decidida perspicaz traduce primera vez castellano aluden especificamente temas personajes lugares primitivos exoticos comparten fascinacion magia engatusamiento relacion amorosa hechicera pacto diablo diablillo botella hechizos fingidos reales playa falesa isla voces maleficio inexorable fatal mujer errante,https://ww3.lectulandia.co/book/la-hechicera-y-otros-cuentos-magicos-de-los-mares-del-sur/,Aventuras,2026-10-03T17:24:04
178,secreto ilse,['jorge zaragoza gomez'],"['aventuras', 'historico', 'novela']",ilse khan,aventura apasionante ambientada segunda guerra mundial supervivencia determinacion joven mishling mixta acuerdo leyes nuremberg alemania nazi novela hechos historicos protestas rosenstrasse desarrollo cohetes v2 fusionan trama absorbente amor odio sumergete sorprendente novela supervivencia coraje busqueda verdad convergen historia mantendra vilo ultima pagina infancia ilse kahn testigo ascenso hitler momento imaginar cambiara vida familia años plena segunda guerra mundial padre llevado nazis centro judio berlin intencion deportarlo campo exterminio madre ascendencia alemana aria deberan luchar liberacion valientes protestas rosenstrasse enfrentaran odio intolerancia medio lucha ilse establece peculiar amistad jurgen hijo alto mando ss debate ideales impuestos padre rechazo protagonista aceptara renunciar amor huir hogar berlin sobrevivir forjara nueva identidad emprendera nueva vida peenemunde lugar idilico guerra parece llegado sucedera destino enfrente dificil decisiones dispuesta sacrificar secreto ilse narrada primera persona secreto ilse novela cautivadora entrelaza hechos historicos personajes ficcion ofreciendo vision intima alemania nazi horrores guerra medida avanza trama lector arrastrado mundo intriga dolor valentia sacrificios decisiones dificiles marcaran destino protagonista gran historia amor lucha supervivencia alemania nazi,https://ww3.lectulandia.co/book/el-secreto-de-ilse/,Aventuras,2026-10-03T17:24:06
179,camino ballena,['francisco coloane'],"['aventuras', 'novela', 'realista']",,inusitada tormenta arrebata infancia joven pedro nauto dia chico protegido madre debe hacerse cargo vida decidir rumbo seguira futuro realizar labores tierra buzo arriesga siente destino embarcarse busca camino ballena novela iniciacion aventuras francisco coloane rinde homenaje tierra natal isla chiloe arriesgada vida cazadores ballenas peligrosas aguas antarticas relato describe magia resulta combinacion belleza paisajes extremo sur solidaridad rudeza sacrificios habitantes sobrevivir,https://ww3.lectulandia.co/book/el-camino-de-la-ballena/,Aventuras,2026-10-03T17:24:09
180,cuentos completos,['francisco coloane'],"['aventuras', 'realista', 'relato']",,publicado originalmente 1999 cuentos completos francisco coloane contiene material editado trilogia compuesta cabo hornos 1941 14 cuentos golfo penas 1995 18 cuentos tierra fuego 1956 9 cuentos incluir 2 cuentos fecha ineditos volumen lleno imagenes inolvidables lector hallara cuentos espiritu aventura espiritu escritura codo codo esencialismo coloane limpio desnudo espiritu escritura relatos permanecen,https://ww3.lectulandia.co/book/cuentos-completos-francisco-coloane/,Aventuras,2026-10-03T17:24:12
181,resurgir,['katherine kurtz'],"['aventuras', 'fantastico', 'novela']",deryni,cautivador relato aventuras magia transcurre edad media pais gales alternativo reino imaginario gwynedd misteriosas fuerzas magia deryni enfrentan pujante iglesia medieval brutal asesinato padre joven rey kelson amenazado tiempo intrigas religiosas hechicera charissa destino deryni antigua raza posee poderes magicos paranormales propio once reinos dependen destreza joven rey debera sofocar rebelion habilidad politica vez uso proscrito magia,https://ww3.lectulandia.co/book/el-resurgir/,Aventuras,2026-10-03T17:24:15
182,aventuras valor heroismo,['anonimo'],"['aventuras', 'drama', 'infantil', 'juvenil', 'relato']",,cinco historias cuentan distintos actos heroicos,https://ww3.lectulandia.co/book/aventuras-de-valor-y-heroismo/,Aventuras,2026-10-03T17:24:17
183,bandidos,['clark carrados'],"['aventuras', 'novela']",bolsilibros colorado,poblacion fronteriza mejico bandas forajidos enfrentadas controlar contrabando asalto trenes diligencias robo vacas banco pone alcance rubia dueña alegre fronterizo saloon ciudad forastero llegado pueblo viva aventuras tipo,https://ww3.lectulandia.co/book/bandidos-clark-carrados/,Aventuras,2026-10-03T17:24:19
184,sombra ardiente,['jennifer l armentrout'],"['aventuras', 'fantastico', 'novela']",origin,evelyn dasher cruzo camino luc empujada mundo lux descubrio realidad involucrada creia luxen unicos pasado oculto evie laguna memoria recuerda absoluto meses vida sospecha ocurrio incapaz recordar dispuesto contarle necesita descubrir verdad realidad respuestas encuentra conducen nuevas preguntas busqueda verdad acerca luc origen centro poderoso arrogante belleza sobrehumana tremendamente peligroso posiblemente enamorado evie enamorando evitar preguntarse siente atraido recuerdo persona vez nueva amenaza emerge nuevo tipo gripe provocada virus letal gobierno propagado luxen enfermedad terrible transforma persona contraiga extiende panico largo ancho pais punto quiebre,https://ww3.lectulandia.co/book/la-sombra-mas-ardiente/,Aventuras,2026-10-03T17:24:22
185,secuestro albatros,['federico supervielle berges'],"['aventuras', 'belico', 'novela']",albatros,encañonando pescadores inocentes china indico aterrorizados marineros encuentran respuesta propio barco guerra albatros enfrentarse organizacion secreta poderosa mundo frente amenazas diseñados fragatas destructores mision peligrosa agente chino convierta personal volvera suicida,https://ww3.lectulandia.co/book/el-secuestro-del-albatros/,Aventuras,2026-10-03T17:24:24
186,mujer bufalo,['dorothy m johnson'],"['aventuras', 'novela']",frontera,mujer bufalo recoge avatares cotidianos tribu sioux apogeo decadencia definitiva vive torbellino hija pueblo oglala huerfana diez años dorothy m johnson 19051984 desempeñar numerosos empleos incluido escritora freelance publicaciones modestas alumna h g merriam profesor ingles apasionado antropologia introdujo escritura creativa programa enseñanza fundo revista the frontier magazine of the northwest animar alumnos escribir participaron destacados autores b guthrie cielos inmensos frontera n 7 escribir numerosas narraciones breves dorothy johnson publico novelas western all the buffalo returning 1979 presente mujer bufalo 1977 gran conocedora cultura indigena johnson llego nombrada hija predilecta tribu pies negros relatos llenos magia sentido poetico realismo gala permite maquillar crueldad presente historias mujer bufalo participes luchas preocupaciones diarias torbellino mujer oglala nacion sioux poblo grandes llanuras norteamericanas vida domestica relacion parentesco duelo trabajo recoleccion tareas habitualmente femeninas habla acontecimientos relevantes pueblo guerra wasichus hombre blanco intrigas politicas expediciones caza torbellino nace epoca esplendor sioux conocera decadencia diezmadas manadas bufalos confinado pueblo reservas diaspora tierras canada busca libertad,https://ww3.lectulandia.co/book/mujer-bufalo/,Aventuras,2026-10-03T17:24:27
187,entierrame hondo,['clark carrados'],"['aventuras', 'novela']",bolsilibros bisonte,bickoe encuentra hombre moribundo pleno desierto intenta ayudar desconocido niega decirle nombre expirar extraña peticion entierrame hondo muchacho encuentro cambiara tranquilo planificado viaje aventura,https://ww3.lectulandia.co/book/entierrame-hondo/,Aventuras,2026-10-03T17:24:30
188,leyendas,"['brian kindregan', 'cameron dayton', 'dave kosak', 'daniel arey', 'evelyn fredericksen', 'gavin jurgensfyhrei', 'james waugh', 'marc hutcheson', 'matt burns', 'micky neilson', 'sarah pine', 'steven nix', 'valerie watrous', 'autores']","['aventuras', 'fantastico', 'relato']",warcraft world of warcraft,varian wrynn sylvanas brisaveloz genn cringris voljin gelbin mekkatorque indomables personajes lideran nobles razas azeroth gestas leyenda nombres cincelados piedra sola palabra forjar paz guerra forma destino world of warcraft define grandeza lideres azeroth fuerza sabiduria respuesta distinta campeones comparten lucha incansable inculcar orgullo seguidores llevar naciones nuevos retos emocionante antologia explora gloriosos ocasiones desgarradores momentos vida heroes doce relatos leader short stories aparecidos sitio web oficial juego httpwwwworldofwarcraftcom compilacion incluye emocionantes aventuras implican figuras relevantes azeroth narraciones encuentra sangre altonato inedita apasionante vision origen elfos sangre escrita autor best seller new york times micky neilson sientate disfruta epicos enriquecedores relatos warcraft brillan luz esperanzas temores profundos lideres mundo demuestran razas enteras leyendas,https://ww3.lectulandia.co/book/leyendas-world-of-warcraft/,Aventuras,2026-10-03T17:24:33
189,ultima mirada goya,['javier alandes'],"['aventuras', 'historico', 'intriga', 'novela']",,trepidante novela historica aventuras explora ultimos dias goya misteriosa desaparicion craneo artista 1888 consul español burdeos joaquin pereyra dispone expatriar cuerpo insigne francisco goya españa fallecido exilio sesenta años hallazgo inesperado traste planes abrir cripta descubriran esqueleto pintor falta cabeza profanado tumba pereyra contrata servicios detective famoso paris calavera goya llevara indagar vida artista burdeos andanzas exiliados españoles opositores fernando vii intimidad familiar compañia leocadia zorrilla ultimo amor hija rosario rutina familiar incluyen motivos diversos jovenes ayudaron pintor cumplir ultimos deseos juliet institutriz apasionada independiente diego niño valiente guardaespaldas protegio vida pintor deseaban acabar goya sordo ciego dejo genio brillante carismatico atraia tipo intereses encontrados asesinos sueldo esposos despechados basada real desaparicion craneo goya tumba burdeos javier alandes compone novela vertiginosa agil vibrante auna realidad ficcion accion emocion profundamente adictiva habla capacidad redentora arte afan salvaguardar representa,https://ww3.lectulandia.co/book/la-ultima-mirada-de-goya/,Aventuras,2026-10-03T17:24:35
190,conquistadores antartida,['francisco coloane'],"['aventuras', 'realista', 'relato']",,llamada auxilio barca problemas cabo hornos hombres mision salvamento historia pioneros territorio hostil planeta desierto eterno hielo nieve hombre abandonado vivir aborigen convierte especie bandera continente antartico historias hombres enfrentan entorno entremezclan novela mediados siglo xx 70 años antartida recien integraba territorio nacional considerada leyenda obra francisco coloane novela vez resume gran obsesion literaria enfrentamiento hombre entorno conquistadores antartida presentada gran historia aventuras viaje fisico moral interior grupo solitarios anclados fin mundo saben mañana,https://ww3.lectulandia.co/book/los-conquistadores-de-la-antartida/,Aventuras,2026-10-03T17:24:37
191,carcel aire,['aurora guerra'],"['aventuras', 'humor', 'intriga', 'novela']",,mano creadora ficciones televisivas potentes ultima decada llega thriller fascinante robo obras arte secretos ocultos decadas amor improbable desigualdades sociales lleno humor descarnado grandes dosis venganza carlota superviviente nata chica lista deslenguada aprende rapido sobrevivio infancia orfanato prefiere recordar trabaja camarera bar madrid debe habitual meses alquiler cuchitril vive piensa sacarse algun extra robo acuarelas galeria arte sirviendo catering fenomenal revuelo sale airosa observando trata armando ladron guante blanco guapo sofisticado experto arte lleva casa carlota convence alumna aprender robar museos florencia barcelona ropa cara modales refinados hoteles lujo joyas subastas carlota acostumbrarse nueva vida realmente misteriosa riquisima mujer trabajan vive aislada carcel aire nexos comunes turbios conectan pasado personajes reseñas aurora guerra resucita novela ladron guante blanco nueva divertidisima misteriosa carmen mola obras arte robos accion personajes esconden turbios secretos puro entretenimiento santiago diaz,https://ww3.lectulandia.co/book/la-carcel-de-aire/,Aventuras,2026-10-03T17:24:40
192,cazador pico halcon,['karl may'],"['aventuras', 'historico', 'novela']",trono cadalso,cuarta parte serie trono cadalso cuatro novelas conforman serie popular novela alemana entregas siglo xix karl may ofrecio lectores seudonimo capitan ramon diaz escosura publicandose 109 fasciculos publicaciones periodicas diciembre 1882 agosto 1884,https://ww3.lectulandia.co/book/el-cazador-pico-de-halcon/,Aventuras,2026-10-03T17:24:43
193,buscador oro,['jeanmarie gustave clezio'],"['aventuras', 'novela']",,tiempo valle dias noches debido llevar calendario robinson crusoe muescas pedazo madera valle solitario siento perdido inmensidad mar palabras definen perfectamente aventura existencial reciente nobel literatura j m g clezio enmarcan aventura vital alexis letang natural isla mauricio diario fechado 1892 1922 aparece intrepida busqueda tesoro corsario siglo xvii supuestamente enterrado rodrigues islas mascareñas busqueda acabara convertirse empresa obsesion vida tesoro toma vez formas diferentes jardin eden rodea casa infancia sueños aventuras paisaje mineral isla alexis letang descubre admirado intima relacion elementos apareciendo curso exploracion gracias enigmatico corsario conseguira descifrar universo magico rodea obra maestra caracterizada primordialmente extraña cautivadora belleza emocionada admiracion grandes relatos aventuras maritimas,https://ww3.lectulandia.co/book/el-buscador-de-oro/,Aventuras,2026-10-03T17:24:44
194,forzadores bloqueo,['julio verne'],"['aventuras', 'relato']",,forzadores bloqueo narra aventura james playfair joven capitan barco mercante pretende romper rauda embarcacion delfin bloqueo pesa ciudad charleston motivo guerra secesion norteamericana objetivo conseguir intercambiar ciudad confederada viveres municiones preciado algodon necesitan industrias textiles glasgow contaba duda algodon encontrar viaje amor,https://ww3.lectulandia.co/book/los-forzadores-del-bloqueo/,Aventuras,2026-10-03T17:24:47
195,asesinato casino,['pablo poveda'],"['aventuras', 'intriga', 'novela']",detective maldonado,caso trabajar mafia bala tambor ruleta rusa vida juego peligroso expolicia detective experimentado ciudad madrid javier maldonado visto parte justa crimen corrupcion calles mafioso conocido rey juego asesinado propio casino encontrara medio peligrosa conspiracion amenaza desestabilizar equilibrio ciudad ayuda secretaria boxeador retirado ojo dinero maldonado resolver crimen desentrañar verdad asesinato rey juego cumplir cliente medida adentra mundo oscuro peligroso hampa descubre secretos preferirian salieran luz dara cuenta aparentan amigos siquiera contactos cercanos lograra maldonado descubrir asesino contentar cliente vera atrapado trama mortal corrupcion traicion engaño,https://ww3.lectulandia.co/book/el-asesinato-del-casino-pablo-poveda/,Aventuras,2026-10-03T17:24:50
196,corazones plomo,"['goretti irisarri', 'jose gil romero']","['aventuras', 'fantastico', 'intriga', 'relato']",muertos capitulos perdidos,boticario antiguo combatiente guerra carlista oculta tienda esclava negra huida cuba mujer escapa cazarrecompensas cruzado oceano decidido recuperar robo cuba alma antiguo amo vida mueve constante equilibrio amigo muere nace asesina salva vida quiere alma podrida hombre entregueme cambio alma malvado,https://ww3.lectulandia.co/book/corazones-de-plomo/,Aventuras,2026-10-03T17:24:52
197,extraordinario caso hija doctor velagos,"['goretti irisarri', 'jose gil romero']","['aventuras', 'fantastico', 'intriga', 'relato']",muertos capitulos perdidos,basado hechos reales madre perdido hija recientemente acude angustiada presidente societe parisienne des etudes spirites considerado padre espiritismo requiere lleve cabo insolita investigacion convencida atormentado fantasma pequeña ronda casa noche oigo pasitos pasillo pasea pobre alma pena escuchado lamentos llorando monsieur hijita muerta sigue casa llorando,https://ww3.lectulandia.co/book/el-extraordinario-caso-de-la-hija-del-doctor-velagos/,Aventuras,2026-10-03T17:24:55
198,hijos clumba,['alexandre alemany moya'],"['aventuras', 'historico', 'novela']",,libro transportara s iv cristo epoca convulsa grecia cartago pugnan convertirse mayor potencia mediterraneo dejate llevar interior compañia honderos fragor batalla siente agua mar baña rostro formas parte tripulacion barco pirata antiguedad sigue protagonistas busqueda mediterraneo occidental novela ofrece vida honderos baleares explicado novela historica llena accion aventuras sorprendera vidas personas dispares capaces cruzarse aguas turbulentas mediterraneo siglo iv ac entremezclando realidad ficcion gran dosis accion aventura historia transportara pasado remoto gente isla clumba actual mallorca capaz conseguir proezas sorprenderiamos,https://ww3.lectulandia.co/book/hijos-de-clumba/,Aventuras,2026-10-03T17:24:57
199,corazon gitana,['gustave rouge'],"['aventuras', 'intriga', 'novela']",misterioso doctor cornelius,aventuras misterioso doctor cornelius duda obras maestras novela negra popular belle epoque rouge mezcla intriga vision cientifica universo novelistico gran originalidad nueva york bretaña gran oeste americano isla ahorcados pluma rouge lleva lector lugares asombrosos misteriosos enigmaticos chocan concepciones antagonicas mundo encarnada cientifico frances prosper bondonnat investigaciones centran unicamente añadir piedra radiante edificio modernidad malvado doctor cornelius kramm cirujano plastico estadounidense escultor carne humana inventor carnoplastia obsesion esencialmente dinero,https://ww3.lectulandia.co/book/corazon-de-gitana/,Aventuras,2026-10-03T17:24:59
200,heridas magia,['raquel brune'],"['aventuras', 'fantastico', 'juvenil', 'novela']",nigromantes,magia obligada servir personas crueles magia herida pretendo sanarla judith vega vencido muerte veces paso conquistar dones logra mundo nigromantes cambiara impedirlo elias debera seguir pistas sueños muestran misterioso pasado mujer parisina sospechar mayores temores hacerse realidad ciudad luz londres sofia intenta navidades normales sucedido delfos embargo descubre hada beathan unicos capaces salvar amigos terrible enemigo acecha miedo esperanza reescribir destino clave llegar final camino marcado perdida repleto sombras,https://ww3.lectulandia.co/book/las-heridas-de-la-magia/,Aventuras,2026-10-03T17:25:00
