titulo,autores,generos,serie,sinopsis,url_libro,categoria_origen,fecha_extraccion
Persiguiendo a Bécquer,['Miguel Lago'],"['Aventuras', 'Humor', 'Novela', 'Policíaco']",Bécquer,"Antoñito, el nieto de don Manuel, creció con su abuelo sin padre que lo ayudara a anudarse la corbata y sin madre que lo quisiera en una humilde aldea gallega; aun así, consiguió ser una de las estrellas más fulgurantes del mundo del espectáculo. Bajo el nombre de Bécquer está de vuelta en España y se presenta ni más ni menos que en el teatro más importante del país. La noche promete: un cómico en el Teatro Real. El escenario, como siempre, no tiene más adorno que esa alfombra persa que a Bécquer le sirve de marca para moverse y el enorme luminoso con su nombre allá en lo alto, sobre su cabeza. ¿Qué pasaría si ese luminoso cayese en un momento determinado y provocara un incendio y una dolorosa muerte? Elena Izaguirre, inspectora de la Policía Nacional, se ocupará de una investigación, ya de por si complicada, donde le entrarán ganas, en más de una ocasión, de estrangular a Bécquer. ¿Es razonable que alguien persiga la muerte de un cómico?, ¿incluso si se trata de Bécquer? Porque es cierto que al margen de su arte es un personaje insufrible: ególatra, desapegado y con un toque machista. La primera novela de Miguel Lago es un policíaco clásico que despliega el humor particular de su autor, una intriga bien tramada, mucha acción, un amor inesperado… y una sorprendente ternura . --------------------------------- Reseñas: «Una novela con una intriga perfecta, emocionante y divertida. Miguel nunca deja de sorprenderme» Sonsoles Ónega. «Miguel Lago debuta en la novela con Persiguiendo a Bécquer , un thriller fresquísimo donde una misteriosa mano negra no para de intentar atentar contra un exitoso comediante internacional» Lorena G. Maldonado, El Español.",https://ww3.lectulandia.co/book/persiguiendo-a-becquer/,Aventuras,2026-09-08T18:25:56
La canción de Hands,['Teo Palacios'],"['Aventuras', 'Histórico', 'Intriga', 'Novela']",,"Armando Villalobos, un restaurador de muebles acosado por las deudas de juego, se topa por azar con documentos cifrados del legendario tesoro de Barbanegra. En su lucha por cambiar su suerte, se une a Diego Mendoza, el renombrado explorador. Corre el año 1912, cuando juntos se lanzan a una emocionante aventura desde las sombrías calles de Madrid hasta las enigmáticas aguas de las Bahamas, a través incluso de los pantanos de Florida y las costas de las Outer Banks. Pista a pista, enigma tras enigma, el peligro se cierne, cada vez más cerca, y la amenaza sobre sus vidas aumenta día a día. Paralelamente, en 1715, Barbanegra, el pirata más temido del Caribe, lucha contra su destino. Ha dejado atrás su antiguo nombre, Edward Teach, pero bajo su imponente figura, las pistolas que siempre lo acompañan y la barba negra que lo convierte en una sombra demoníaca, aún late el hombre e fue. Y ahora, ante el temor por el futuro, se ve obligado a actuar... En un rápido ameno relato entre dos épocas, en un viaje a través de los siglos, La canción de Hands sumerge al lector de inmediato en un viaje vibrante en el que misterio, aventura e historia navegan de la mano. Porque esta nueva novela de Teo Palacios, ganadora del Premio Nostromo, nos habla, en definitiva, del legado que dejamos y cómo, a veces, la historia más oscura puede iluminar los rincones más inesperados de la humanidad. Y, gracias a su narración ágil y su estilo preciso, como en la más pura aventura clásica, nos condice hasta los confines del mundo para descubrir un final sorprendente...",https://ww3.lectulandia.co/book/la-cancion-de-hands/,Aventuras,2026-09-08T18:25:58
Batallón disciplinario,['Karl von Vereiter'],"['Aventuras', 'Bélico', 'Novela']",,"De todas las unidades especiales que la Wehrmacht poseyó en el transcurso de la Segunda Guerra Mundial, ninguna fue tan tremendamente inhumana como los llamados batallones disciplinarios. Si pensamos que el Ejército alemán era, sin duda, la fuerza más rígida del mundo y que la disciplina era en él como el aire que respiraban sus soldados… ¿Cuál podía ser la exacta significación de esta rigidez en el seno de los batallones disciplinarios? Increíble, pero cierto y auténtico. Todos los datos de esta obra tremenda han sido sacados de los archivos de una de esas unidades especiales, a lo que ha venido a agregarse la suma de datos obtenidos, después de la guerra, en las conversaciones sostenidas con los escasos supervivientes de aquella salvaje unidad. Para el Mando germano, el castigo para un soldado debía alcanzar límites desconocidos en otros países. Por eso se dio libertad absoluta a los jefes de los Strafbatallionen que, generalmente, eran hombres poco corrientes, primitivos, sin conciencia, y a veces sádicos que no merecían vestir el uniforme.",https://ww3.lectulandia.co/book/batallon-disciplinario/,Aventuras,2026-09-08T18:26:01
King,['Cristina Prada'],"['Aventuras', 'Erótico', 'Novela', 'Romántico']",,"El mundo del crimen y la mafia de Nueva York tienen un rey…, y su nombre es Christian Hale . Christian Bajo los brillantes rascacielos de Nueva York se esconde un mundo de poder y secretos donde solo los más violentos sobreviven. Capos de la mafia, políticos, los dueños de las corporaciones más importantes vienen aquí, juegan aquí, pierden aquí. Esta Nueva York es real, clandestina, cruel. Y yo soy Christian Hale, su despiadado rey. Daisy Hace cuatro años estuvimos casados. Ya me demostró cuánto podía odiarme. Ya mató todo lo que sentía por él. Ahora quiere que vuelva a su lado, pero eso no pasará jamás. He cambiado. He aprendido. Y esta vez no me pienso callar. Christian Hale, vete al infierno. Una novela intensa y adictiva en la que el poder, el deseo y la redención se entrelazan en una historia de amor inolvidable.",https://ww3.lectulandia.co/book/king/,Aventuras,2026-09-08T18:26:03
El guardián de los dioses,['Jesús Valero'],"['Aventuras', 'Histórico', 'Intriga', 'Novela']",,"El final de la orden del temple es solo el principio . Una aventura trepidante . Un misterio nunca antes revelado . 2024, Italia. Cuando un terremoto sacude la pequeña ciudad de Orvieto, una enorme grieta se abre en el centro de la plaza principal. Nadie imagina que bajo sus empedradas calles se encuentra oculto un misterioso tesoro: cientos de estatuas de dioses antiguos y, junto a ellas, una lista de maestres templarios. Luken Arregi, arqueólogo y experto en la Orden del Temple, viaja a la localidad italiana para colaborar con Arianna Carlucci, responsable del yacimiento. Al llegar no puede creer lo que ven sus ojos. ¿Por qué la Orden escondería esas estatuas? ¿Qué significa la lista? Para responder a estas preguntas, Luken y Arianna deberán embarcarse en una búsqueda a contrarreloj siguiendo los pasos del enigmático caballero templario Pierre d'Aumont, que parece encontrarse en el centro del misterio. Pero pronto descubrirán que no están solos: unas fuerzas oscuras intentan hacerse con el misterio mientras otras, quizá aún más peligrosas, luchan por evitar que el secreto sea desvelado a la humanidad. Una trepidante novela firmada por el autor de La luz invisible que nos lleva desde el siglo XIII hasta nuestros días. Un viaje desde Tierra Santa hasta ciudades como Roma y París para enseñarnos que la verdad es la más poderosa de las armas. ¿Creías conocer todos los misterios de la cristiandad?",https://ww3.lectulandia.co/book/el-guardian-de-los-dioses/,Aventuras,2026-09-08T18:26:04
Entre dos fuegos,['Christopher Buehlman'],"['Aventuras', 'Novela', 'Terror']",,"Año 1348. Thomas un caballero caído en desgracia, encuentra a una niña sola en un pueblo normando arrasado. Huérfana de la peste negra, Delphine le cuenta a Thomas que la peste es solo parte de un cataclismo mayor: los ángeles caídos, con Lucifer al frente, se están levantando en una segunda guerra contra el cielo y el mundo de los hombres está atrapado en el conflicto. ¿Es delirio o es fe? La niña cree que ve a los ángeles de Dios y que los muertos le hablan en sueños. Así, convence a Thomas para que la escolte a través de un paisaje desolado hasta Aviñón, donde Delphine intentará enfrentarse al mal que ha devastado la tierra y devolver a Thomas la esperanza de salvación. Mientras el infierno desata su ira y se revela la verdadera naturaleza de la muchacha, Thomas transitará por un macabro campo de batalla de ángeles y demonios, santos y muertos resucitados, en medio de una lucha desesperada por el alma del ser humano.",https://ww3.lectulandia.co/book/entre-dos-fuegos/,Aventuras,2026-09-08T18:26:06
El conde de Montecristo (tomo I) (Ed. B. Oro),['Alexandre Dumas'],"['Aventuras', 'Novela']",,"Joven aún y colmado de nobles esperanzas, Edmundo Dantès ve súbitamente truncado su venturoso destino por la envidia y la perfidia de quienes conspiran en la sombra. Acusado de un crimen que no ha cometido, es arrojado a una prisión terrible, donde los años se deslizan entre la desesperación y el silencio. Mas en el seno de aquella tumba viviente germina un designio formidable: el de la paciencia, la inteligencia y la implacable justicia. Así se inicia esta apasionante novela de aventuras, misterio y altos destinos, en la que Alejandro Dumas despliega, con mano maestra, una historia de traición, sufrimiento y esperanza que cautiva desde sus primeras páginas.",https://ww3.lectulandia.co/book/el-conde-de-montecristo-tomo-i-ed-b-oro/,Aventuras,2026-09-08T18:26:09
Mía será la venganza,['Baroness Emmuska Orczy'],"['Aventuras', 'Histórico', 'Novela']",,"Ambientada en los momentos más sangrientos de la Revolución Francesa, narra la historia de Juliette de Marny, una joven noble obligada por juramento a vengar la muerte de su hermano a manos de un ciudadano republicano llamado Paul Déroulède. El conflicto estalla cuando, tras infiltrarse en su vida para destruirlo, termina enamorándose de él. Sir Percy Blakeney (la Pimpinela Escarlata) interviene en la trama para desenredar el peligroso escenario.",https://ww3.lectulandia.co/book/mia-sera-la-venganza/,Aventuras,2026-09-08T18:26:11
Flor de Lis,['Baroness Emmuska Orczy'],"['Aventuras', 'Histórico', 'Novela', 'Romántico']",,"La trama sigue las andanzas de Messire Gilles de Crohin (Señor de Froidmont), un caballero valiente, leal y de nobles ideales que se encuentra al servicio de Francisco de Valois (el Duque de Alençon y de Anjou), hermano del rey Enrique III de France. Gilles queda atrapado en mitad de los turbulentos conflictos militares y las conspiraciones políticas del asedio a la ciudad fortificada de Cambrai. En medio del peligro de las batallas, Gilles conoce y se enamora perdidamente de Jacqueline de Broyart, la hermosa hija del gobernador de Cambrai. Sin embargo, su romance se convertirá en un amor prohibido debido a las estrictas expectativas de la sociedad de la época, los secretos de Estado y las sospechas de traición que dividen a ambos bandos.",https://ww3.lectulandia.co/book/flor-de-lis/,Aventuras,2026-09-08T18:26:13
Los tres mosqueteros (Ed. B. Oro),['Alexandre Dumas'],"['Aventuras', 'Novela']",,"Un joven gascón, d’Artagnan, llega a París decidido a abrirse camino con la espada y el honor. Pronto se une a Athos, Porthos y Aramis, tres mosqueteros del rey cuya lealtad y valentía son proverbiales. Unidos por una amistad indestructible, los cuatro se verán envueltos en duelos, intrigas palaciegas y peligrosas aventuras en una Francia dominada por la astucia del cardenal Richelieu. Con gallardía y coraje, los héroes afrontan conspiraciones, traiciones y pasiones ocultas, en una lucha constante por la justicia y el honor. Los tres mosqueteros es una novela de acción briosa y romanticismo caballeresco, donde la camaradería y el valor se imponen sobre la perfidia y el engaño.",https://ww3.lectulandia.co/book/los-tres-mosqueteros-ed-b-oro/,Aventuras,2026-09-08T18:26:16
Bécquer en París,['Miguel Lago'],"['Aventuras', 'Humor', 'Novela', 'Policíaco']",,"¿Hasta dónde puede llegar la investigación de un crimen? Él solo quería hacer reír. Ella solo quería justicia. Lo que no sabían es que juntos podían incendiar el país . Bécquer es la estrella más famosa de la televisión. Elena Izaguirre, inspectora de policía e hija de un agente asesinado hace veinte años, lleva toda su vida buscando respuestas que nadie quiere darle. Cuando una tragedia irrumpe en la vida de Bécquer, sus caminos se cruzan. Lo que comienza como una alianza improbable entre una estrella mediática y una policía curtida acaba destapando la verdad detrás del crimen que cambió a Elena para siempre. Entre ataques encubiertos, traiciones internas, viajes internacionales y un romance tan inevitable como peligroso, Bécquer y Elena se enfrentan al mayor poder del país: una red de corrupción que opera en las sombras… y cuyo brazo llega hasta la mismísima embajada española en París. Ahora, con su propia vida en juego, solo una cosa está clara: el humor puede ser un arma… pero la verdad es una bomba. Un thriller frenético, emocional y adictivo, donde la estrella más famosa del país y una inspectora marcada por la tragedia unen fuerzas para desmantelar una red de corrupción que llega hasta el corazón del Estado.",https://ww3.lectulandia.co/book/becquer-en-paris/,Aventuras,2026-09-08T18:26:17
Morning Star,['Xosé Miranda'],"['Aventuras', 'Histórico', 'Novela']",,"Esta é unha novela de odios e amores, de sangue, crimes, tiros, coitelos, persecucións, paixóns e esperanzas, gavelas de bandoleiros do século XIX, da busca dun tesouro e de dous rapaces procurando a liberdade, dun cego que toca a gaita e o violín e fala en verso, dun can branco burgalés, dun portugués con tres pegas amestradas e un ollo coma un ovo cocido, que ten o seu tobo na Pena de Anamán, do patibulario e toco Lázaro Rivadulla, da sublevación progresista nas rúas de Pontevedra de 1846, dun pozo cun esqueleto, da aprendizaxe da vida, dunha saudade coma un furaco no que cantan os grilos e dunha afastada estrela que brilla cada día soamente para quen sabe ollala.",https://ww3.lectulandia.co/book/morning-star/,Aventuras,2026-09-08T18:26:20
El Holandés Errante,"['Bárbara Montes', 'Juan Gómez-Jurado']","['Aventuras', 'Infantil', 'Intriga', 'Juvenil', 'Novela']",Amanda Black,"Cuando dije «¡Nos vamos de vacaciones!» después de que el amigo de la tía Paula, lord Thomsing, nos invitara a explorar un barco hundido en el Caribe, solo pensaba en lo bien que lo pasaríamos. ¡Por fin algo fácil! ¡Qué emoción! Se suponía que íbamos a descansar y disfrutar de los escondites en el barco hundido… pero algo extraño sucede… el mar cambia en un abrir y cerrar de ojos, parece que no somos los únicos que buscan el tesoro perdido y… ¿Eso son fantasmas? ¡Vaya lío en el que nos hemos metido! Creo que ya no estamos de vacaciones… esto ahora es una misión Black.",https://ww3.lectulandia.co/book/el-holandes-errante/,Aventuras,2026-09-08T18:26:22
La historia interminable (Ed. ilustrada),['Michael Ende'],"['Aventuras', 'Fantástico', 'Infantil', 'Novela']",,"La Emperatriz Infantil está mortalmente enferma y su reino, Fantasia, corre un grave peligro. La salvación depende de Atreyu, un valiente guerrero de la tribu de los pieles verdes, y Bastian, un niño tímido que lee con pasión un libro mágico. Solo un ser humano puede salvar este lugar encantado. Juntos emprenderán un fascinante viaje, que no tiene vuelta atrás, a través de tierras de dragones, gigantes, monstruos y magia. A medida que se adentran en Fantasia, Bastian descubrirá también su propia historia. «Me gustaría saber qué pasa realmente en un libro cuando está cerrado. Naturalmente, dentro solo hay letras impresas en el papel, sin embargo, algo debe pasar, porque cuando lo abro aparece de pronto una historia entera», Ayesha L. Rubio.",https://ww3.lectulandia.co/book/la-historia-interminable-ed-ilustrada/,Aventuras,2026-09-08T18:26:25
Luna Comanche,['Larry McMurtry'],"['Aventuras', 'Novela']",Frontera,"Luna Comanche recibió en 1998 el más prestigioso de los premios que se entregan en el ámbito de la literatura western, el Spur Award, y la CBS realizó una miniserie de TV en 2008. Luna Comanche es la cuarta y última entrega en orden de publicación de la saga de Lonesome Dove , iniciada en 1985 por Larry McMurtry, que recoge la azarosa vida y aventuras de dos rangers de Texas, Woodrow Call y Augustus «Gus» McCrae, en los primeros años del Estado de la Estrella Solitaria. Aunque, si nos atenemos a la cronología de la narración, la presente novela se situaría temporalmente entre La Jornada del Muerto y Lonesome Dove , ambas ya publicadas en la colección Frontera. Luna Comanche puede leerse como una novela independiente y en ella seremos testigos de las nuevas andanzas de Gus y Call, que ya no son dos rangers novatos como en La Jornada del Muerto ; ambos se han convertido en curtidos rangers que prestan servicio en los más complicados años del enfrentamiento con las tribus indias. El título hace referencia a la luna llena de otoño, cuando los caballos de los guerreros comanches y sus aliados kiowas han disfrutado de un periodo de buenos pastos y están en plenitud de fuerza. Entonces, la claridad de la luna se convierte en una valiosa aliada de las temidas razias nocturnas que emprenden bandas de jinetes indios por el territorio de Texas y el norte de México en busca de gloria, sangre y botín. Días que para la población blanca de aquellas tierras se convierten en jornadas de terror, alarma y un estado de alerta permanente. Los comanches, liderados en aquellos años por el gran jefe Joroba de Búfalo, fueron conocidos con el apelativo de «los señores de las praderas» y llegaron a forjar un imperio de jinetes nómadas y fronteras difusas que se impuso y sometió a tributo a otros pueblos indígenas. Pero aquellos días de gloria ya están tocando a su fin…",https://ww3.lectulandia.co/book/luna-comanche-larry-mcmurtry/,Aventuras,2026-09-08T18:26:28
Historia de Sainville y Léonore,['Marqués de Sade'],"['Aventuras', 'Novela']",,"«Historia de Sainville y de Léonore» es un relato independiente dentro de «Aline y Valcour», la célebre novela epistolar y filosófica que el Marqués de Sade escribió en La Bastilla. Narra las desventuras de dos jóvenes amantes que son separados y recorren el mundo enfrentándose a la crueldad, la virtud y la utopía.",https://ww3.lectulandia.co/book/historia-de-sainville-y-leonore/,Aventuras,2026-09-08T18:26:31
La Eneida (versión en prosa),['Publio Virgilio Marón'],"['Aventuras', 'Novela']",,"Recreación literaria de la poesía épica que venía desde Homero, VIRGILIO (70-19 a. d. C.) compone la ENEIDA después de los enfrentamientos civiles que concluyen con la muerte de Antonio y con el triunfo de Octavio, decidido a comenzar toda una obra de reconstrucción nacional que debía contar con una campaña adecuada de propaganda. Virgilio suscribía gustosamente las esperanzas suscitadas por el nuevo régimen y con ese espíritu se entregó en los diez últimos años de su vida a la redacción de un poema épico en honor de Roma, eligiendo la leyenda de Eneas, el héroe troyano que sobrevivió a la ruina de Troya, marchó a Italia y llegó a ser el progenitor de la «gens Julia», a la que pertenecía Octavio. Dentro del marco de esa leyenda popular, Virgilio recolectó relatos gratos al patriotismo local y regional. En la Eneida se superponen diferentes planos: el relato de las aventuras de Eneas, la identificación con el arquetipo de Augusto, pero, ante todo, la profundización de los problemas últimos de la vida y la muerte, logrando una de las obras fundamentales de la cultura occidental.",https://ww3.lectulandia.co/book/la-eneida-version-en-prosa/,Aventuras,2026-09-08T18:26:33
Ombria oculta,['Patricia A. McKillip'],"['Aventuras', 'Fantástico', 'Novela']",,"Ombria es una ciudad construida a base de secretos, si recorres sus pasadizos mágicos y portales olvidados encontrarás una ciudad enterrada bajo ella, muy similar a la de la superficie, pero más oscura y repleta de fantasmas. Al morir el príncipe de Ombria, su tía abuela Domina Perla usurpa el poder utilizando como un mero títere al hijo de este, el pequeño Kyel, y expulsa del palacio a la joven amante del príncipe, Lydea, para que muera. Lydea recurrirá entonces a la ayuda de una poderosa hechicera que vive en la Ombria oculta para proteger la ciudad de la ambición sin límites de Domina Perla.",https://ww3.lectulandia.co/book/ombria-oculta/,Aventuras,2026-09-08T18:26:36
La brújula dorada,['Philip Pullman'],"['Aventuras', 'Fantástico', 'Infantil', 'Juvenil', 'Novela']",La materia oscura,"Lyra sólo tiene once años, pero ya está marcada por el destino. Los niños de Oxford están desapareciendo, y se rumorea que lo mismo sucede en otros lugares. Armada con su aletiómetro, un objeto único en el mundo que le permite adivinar aquello que nadie sabe, Lyra parte hacia el Polo Norte con un propósito: salvar a los niños y descubrir qué se oculta tras sus desapariciones. Pero descubrirá que el mundo en el que vive es más complejo de lo que ella creía, y para cumplir con su destino deberá reunir todo su valor. Gracias a sus amigos, Lyra podrá enfrentarse a los peligros que la acechan…",https://ww3.lectulandia.co/book/la-brujula-dorada/,Aventuras,2026-09-08T18:26:38
La comunidad secreta,['Philip Pullman'],"['Aventuras', 'Fantástico', 'Infantil', 'Juvenil', 'Novela']",El libro de la oscuridad,"Han pasado veinte años desde los sucesos acaecidos en La bella salvaje . En el primer volumen de «El libro de la oscuridad», se narraba el trascendental viaje que emprendía Lyra Belacqua siendo un bebé. Ahora, en La comunidad secreta , nos encontramos con Lyra Lenguadeplata, y ya no es una niña… En el segundo volumen de «El libro de la oscuridad», vemos a Lyra, con veinte años, y a su daimonion Pantalaimon, obligados a seguir un rumbo en su relación que jamás habrían imaginado, atraídos hacia la compleja y peligrosa vorágine de un mundo cuya existencia ignoraban. Malcolm, por su parte, también emprende su propio viaje. El niño de antaño, que asumió la misión de salvar a un bebé con su barca, es ahora un hombre dotado de un fuerte sentido del deber y del deseo de obrar correctamente. En ese mundo suyo, a la vez familiar y extraordinario, deberán viajar lejos de los límites de Oxford, para cruzar Europa y adentrarse en Asia, en busca de elementos perdidos: una ciudad habitada por daimonions, un secreto guardado en el corazón de un desierto y el escurridizo misterio del Polvo.",https://ww3.lectulandia.co/book/la-comunidad-secreta/,Aventuras,2026-09-08T18:26:41
Sherlock Holmes en el Lejano Oeste,['Mark Twain'],"['Aventuras', 'Humor', 'Intriga', 'Policíaco', 'Relato']",,"Imagina combinar el suspenso de un clásico detective inglés con la aventura y el caos del Viejo Oeste americano. Eso es exactamente lo que propone Mark Twain en «Sherlock Holmes en el Lejano Oeste»: Una historia de dos caras. El libro es una mezcla de misterio, humor y crítica social, elementos que hicieron de Twain uno de los escritores más importantes de la literatura estadounidense. La historia gira en torno a un asesinato en un típico pueblo del Oeste, y el detective Sherlock Holmes es llamado para investigar el caso. Pero, fiel al estilo de Twain, no esperes sólo una investigación seria. El autor juega con los clichés del género policial, creando situaciones absurdas e inesperadas que provocan risas y, al mismo tiempo, hacen reflexionar al lector sobre la justicia, la moral y las costumbres de la época. Si te gustan el misterio, la aventura y el humor inteligente, «Sherlock Holmes en el Lejano Oeste» es una lectura que no sólo entretiene, sino que también sorprende por su originalidad. Es una obra que demuestra el talento de Twain para reinventar los géneros literarios, ofreciendo una experiencia diferente a la de las historias tradicionales de detectives o del oeste. ¡No pierdas la oportunidad de descubrir cómo Twain reinventó al detective más famoso del mundo en una aventura totalmente fuera de lo esperado!",https://ww3.lectulandia.co/book/sherlock-holmes-en-el-lejano-oeste/,Aventuras,2026-09-08T18:26:44
La montaña muerta,"['Douglas Preston', 'Lincoln Child']","['Aventuras', 'Intriga', 'Novela']",Nora Kelly,"En 2008, un grupo de nueve montañeros, estudiantes de ingeniería, no regresó de una travesía por las montañas Manzano, en Nuevo México. El equipo de rescate localizó el último campamento y no encontró explicación a lo que allí vieron. Algo verdaderamente aterrador debió sorprenderles mientras descansaban en la tienda, que los impulsó a abrirse paso a cuchilladas y huir descalzos y sin prendas de abrigo hacia una muerte segura en medio de una ventisca. De los nueve montañeros solo se recuperaron los cuerpos de seis. El caso, al que el FBI dio el nombre en clave de «Montaña Muerta», nunca se resolvió. Quince años más tarde se descubren en una cueva otros dos cuerpos de la expedición perdida, uno de ellos víctima de un espantoso suicidio. La joven agente del FBI Corrie Swanson se une a la arqueóloga Nora Kelly para investigar lo que realmente sucedió en ese fatídico viaje y encontrar a la novena víctima. Un caso inspirado en una historia real apasionante, el Incidente del paso Dyatlov.",https://ww3.lectulandia.co/book/la-montana-muerta/,Aventuras,2026-09-08T18:26:45
Ella,['Fernando Gamboa González'],"['Aventuras', 'Novela', 'Policíaco']",Nuria Badal,"La agente de policía Nuria Badal vuelve, y esta vez el peligro que la espera tiene nombre propio. En Cadaqués, un pequeño pueblo de pescadores de la Costa Brava azotado por la tramontana, siete personas desaparecen en un instante de forma inexplicable, como si se hubieran evaporado en el aire. No hay móvil, ni testigos, ni pistas, ni sospechosos. Solo una desaparición imposible… pero que de alguna forma ha sucedido. Enviada a investigar de forma precipitada, Nuria pronto descubre que esas desapariciones no son las primeras ni mucho menos, y que la línea que separa la realidad de las leyendas locales es mucho más difusa de lo que nunca habría podido imaginar. Unas leyendas que, de algún modo, parecen estar directamente relacionadas con ella. Mientras la tensión crece y un cerco invisible parece cerrarse sobre Nuria, esta se enfrentará a fuerzas que no entiende, enemigos que no ve venir y dudas que amenazan con romperla por dentro. Porque en este caso nada es lo que ni los hechos, ni las personas, ni siquiera ella misma. Y cuando el viento vuelva a soplar… la próxima desaparición podría ser la suya. ELLA es un thriller intenso, inquietante y adictivo. Una novela negra imprevisible, que de la mano de Fernando Gamboa te arrastrará hasta un final tan sorprendente como imposible de olvidar .",https://ww3.lectulandia.co/book/ella-fernando-gamboa-gonzalez/,Aventuras,2026-09-08T18:26:47
Norby salva al universo,"['Isaac Asimov', 'Janet Asimov']","['Aventuras', 'Ciencia ficción', 'Novela']",Las crónicas de Norby,"En esta sexta aventura, el cadete espacial Jeff Wells y su peculiar robot extraterrestre Norby (capaz de viajar por el hiperespacio gracias a sus componentes únicos) se enfrentan a una crisis de escala cósmica. El malvado e implacable villano Ing el Ingrato logra escapar y pone en marcha un peligroso dispositivo mecánico antiguo: una máquina tridimensional de alterar el tiempo. Este artefacto amenaza con desgarrar el tejido del espacio-tiempo, lo que provocaría la destrucción total de la galaxia y del universo conocido. Para detenerlo, Jeff y Norby deberán realizar un viaje desesperado por diferentes épocas y mundos extraños. En su travesía contarán con la ayuda de la inteligente alienígena Oona —reina de las tierras de los grandes dragones en el planeta Jamna—, arriesgándolo todo para restaurar el orden temporal antes de que el universo entero desaparezca.",https://ww3.lectulandia.co/book/norby-salva-al-universo/,Aventuras,2026-09-08T18:26:49
Lujuria. Libro 2,['Eva Muñoz'],"['Aventuras', 'Erótico', 'Novela', 'Policíaco']",Pecados placenteros,"¡Llega la conclusión de Lujuria, la segunda parte de la saga «Pecados placenteros»! ¿Podrás dejarte llevar sin abrasarte en el intento? Hay incendios que no pueden contenerse y obsesiones que llegan a matar. Para la teniente Rachel James, los sentimientos hacia el coronel Christopher Morgan son cada vez más difíciles de controlar. Las elecciones para el cargo de ministro se aproximan y ninguno de los dos puede permitirse errores ni distracciones. Sin embargo, la tarea se complica, ya que los celos, las traiciones, los errores y las conspiraciones desatarán el caos que arrasará con más de uno. El comando de la FEMF se ha convertido en un nido de alimañas que no quiere caer, y la mafia le suma peso al juego con acontecimientos que marcarán un antes y un después en la vida de todos. Los primeros cimientos de la gran batalla nacen en esta nueva entrega, donde algunos se cansan de fingir y les empieza a estorbar el disfraz.",https://ww3.lectulandia.co/book/lujuria-libro-2/,Aventuras,2026-09-08T18:26:51
Varia fortuna del soldado Píndaro,['Gonzalo de Céspedes y Meneses'],"['Aventuras', 'Relato']",,"Varia fortuna del soldado Píndaro. Narra en primera persona las aventuras de Píndaro (nombre ficticio: Callo, por lícitos respetos, el apellido noble de mi solar y casa …) quien, a temprana edad abandonó el colegio de jesuitas donde estudiaba, para evitar ser castigado por alguna falta cometida, y se lanzó al mundo. Escrito en el verbo florido del Siglo de Oro , cuenta numerosas aventuras y anécdotas ocurridas en los muchos lugares a los que notables incidencias fueron llevando a Píndaro. La Corte de Valladolid, Toledo, Madrid, Sevilla donde visitó la cárcel con algunos compañeros muy dignos émulos del mismísimo Monipodio ; desengaños amorosos, traiciones, lances de espada, en fin toda la ocurrencia habitual del género picaresco, adornado de las inevitables sentencias morales muy al uso por aquel entonces. Tras unos percances ocurridos con unas naves corsarias a la altura de Formentera, llega nuestro héroe a Bruselas, atravesando Italia desde Génova, donde espera incorporarse al ejército español, cual era su intención. Termina aquí el libro no sin antes asegurar el autor una próxima segunda parte …si tal fuere su suerte que mereciere el gusto del lector, su aprobación y aplauso, desde luego prometo sacar en breve espacio la resta que le queda …",https://ww3.lectulandia.co/book/varia-fortuna-del-soldado-pindaro/,Aventuras,2026-09-08T18:26:54
Ze,['Francisco Narla'],"['Aventuras', 'Intriga', 'Novela']",,"Hielo y viento Dhumbria es un lugar remoto y oscuro, rodeado de una mar que engulle a quienes intentan abandonarlo y donde los hombres llevan su historia tatuada en la piel. Ze, un humilde pescador, ha regresado de las Montañas Azules con un único propósito: vengar la muerte de su amada. Dispuesto a derrotar al mismísimo gobernador del reino y a sus terribles criaturas, Ze está solo en su lucha hasta que una misteriosa figura se cruza en su camino. Sin embargo, incluso los aliados del bien guardan sus propios y peligrosos secretos... La fantástica odisea de un hombre capaz de dar la vida por amor. Una épica historia de aventuras inspirada en las míticas leyendas de los marineros del norte.",https://ww3.lectulandia.co/book/ze/,Aventuras,2026-09-08T18:26:56
El sueño o La astronomía de la luna,['Johannes Kepler'],"['Astronomía', 'Aventuras', 'Ciencia ficción', 'Historia', 'Novela', 'Referencia']",,"Traducción de la obra del humanista y fundador de la ciencia moderna del XVI Johannes Kepler, escrita originalmente en latín. En El sueño o La Astronomía de la Luna , Johannes Kepler, uno de los padres fundadores de la ciencia moderna, narra un viaje imaginario al satélite de la tierra. Su protagonista, Duracoto, describe los nuevos cielos traídos por la ciencia del astrónomo Copérnico. Allí el viajero encuentra ciudades y extraños pobladores bajo un cielo que muestra un aspecto y unos movimientos muy diferentes a los del terrestre. Kepler anota con toda su sabiduría astronómica cada pormenor de su historia.",https://ww3.lectulandia.co/book/el-sueno-o-la-astronomia-de-la-luna/,Aventuras,2026-09-08T18:26:57
Las hazañas del brigadier Gerard (trad. Amando Lázaro Ros),['Arthur Conan Doyle'],"['Aventuras', 'Bélico', 'Histórico', 'Relato']",,"De la simpatía y admiración romántica que Sir Arthur Conan Doyle profesaba por la «aventura imperial francesa» nos ha quedado una biografía de Napoleón, The Great Shadow , y diecisiete espléndidos relatos protagonizados por el heroico, jactancioso, valiente, humano y no excesivamente perspicaz Etienne Gerard, oficial de húsares del Emperador. Los primeros relatos de Gerard aparecen como serie en 1895 en el Strand Magazine, y se reúnen en un volumen titulado The exploits of Brigadier Gerard al año siguiente: son los ocho relatos que integran la presente selección, ocho aventuras de ritmo trepidante, imaginación, intriga, humor e ironía, ambientadas magistralmente gracias al gran conocimiento que Conan Doyle tenía de la época y de las guerras napoleónicas. Quizá sorprenda a ciertos lectores el punto de vista que el autor ofrece sobre las campañas del ejército napoleónico en España, y sobre este «Primer Imperio» francés en general, pero hay que tener en cuenta que, fuera del ámbito español, la guerra napoleónica en España se contempla como una pugna entre los ejércitos inglés y francés, confrontación en la que la resistencia interior de los guerrilleros españoles sólo contribuye, con su labor de desgaste, a la expulsión del ejército francés invasor.",https://ww3.lectulandia.co/book/las-hazanas-del-brigadier-gerard-trad-amando-lazaro-ros/,Aventuras,2026-09-08T18:27:00
Don Quijote de la Mancha (2a Edición del IV Centenario),['Miguel de Cervantes'],"['Aventuras', 'Novela', 'Sátira']",,"En los años 2015 y 2016 confluyen dos aniversarios cervantinos. A la celebración del IV Centenario de la Publicación de la Segunda Parte del Quijote (2015), le seguirá, en 2016, la conmemoración del IV Centenario de la Muerte de Miguel de Cervantes. Como ocurrió hace más de una década, las academias de la lengua española se unen a esta celebración con una reedición de este clásico universal dirigida a todo el ámbito hispanohablante. Esta edición cuenta con un nuevo prólogo, escrito por Darío Villanueva, director de la Real Academia Española (RAE) y presidente de la Asociación de Academias de la Lengua Española (ASALE), especialmente para la ocasión. Se completa con un glosario formado por siete mil palabras, locuciones, frases proverbiales y refranes, explicados según el significado preciso que tienen en el texto cervantino. La primera edición de este Quijote se convirtió en un gran éxito de ventas, sin precedentes en una obra clásica. Más de tres millones de ejemplares, distribuidos en España y América, la convirtieron en la más difundida de la historia. A conseguir su carácter divulgativo y su orientación hacia un público diverso y no especializado, contribuyen especialmente las notas contextualizadoras de la obra, preparadas por Francisco Rico. También se incluyen una serie de estudios complementarios, escritos por algunos de los principales expertos en el gran libro cervantino. Así, Mario Vargas Llosa analiza la modernidad del Quijote en «Una novela para el siglo XXI»; Francisco Ayala reflexiona sobre la construcción de los personajes de la novela en «La invención del Quijote », y Martín de Riquer analiza la obra en el contexto biográfico del autor en «Cervantes y el Quijote ». Por su parte, José Manuel Blecua («El Quijote en la historia de la lengua española»), Guillermo Rojo («Cervantes como modelo lingüístico»), José Antonio Pascual («Los registros lingüísticos del Quijote : la distancia irónica de la realidad»), Margit Frenk («Oralidad, escritura, lectura») y Claudio Guillén («Cauces de la novela cervantina: perspectivas y diálogos») abordan distintos aspectos relacionados con la lengua española en la obra cervantina. A todos ellos se une en esta ocasión el actual director de la RAE, Darío Villanueva, que ha querido «aprovechar la oportunidad de oro que me ofrece hoy la nueva salida de esta edición […] para dar una explicación —mi explicación— de algunos de los porqués del tan alto reconocimiento que el Quijote ha obtenido desde la fecha de su publicación hasta hoy, así como su palmaria modernidad», antes de recordar que el Quijote fue la obra elegida, en 2002, como la mejor novela de todos los tiempos, por delante de En busca del tiempo perdido, de Proust, y de Guerra y paz, de Tolstoi, en una encuesta realizada por la Asociación de Escritores de Suecia entre cien autores de todo el mundo.",https://ww3.lectulandia.co/book/don-quijote-de-la-mancha-2a-edicion-del-iv-centenario/,Aventuras,2026-09-08T18:27:03
La marca roja,['Charles Alden Seltzer'],"['Aventuras', 'Novela']",Biblioteca Oro Azul,"Un auténtico vaquero en su juventud, Seltzer fue considerado uno de los mejores escritores de novelas del oeste. Muchas de sus libros fueron llevadas al cine; todas las películas, salvo una, se rodaron en la época del cine mudo, aunque continuó escribiendo hasta su muerte en 1942.",https://ww3.lectulandia.co/book/la-marca-roja-2/,Aventuras,2026-09-08T18:27:05
Assassin’s Creed Origins: Desert Oath,['Oliver Bowden'],"['Aventuras', 'Histórico', 'Novela']",Assassin's Creed,"Egipto, 70 a.C., un asesino despiadado acecha la Tierra. Su misión: encontrar y destruir a los últimos miembros de una orden antigua, el Medjay, para erradicar la línea de sangre. En la pacífica Siwa, el protector de la ciudad se va abruptamente, dejando a su hijo adolescente, Bayek, con preguntas sobre su propio futuro y un sentido de propósito que sabe que debe cumplir. Bayek sale en busca de respuestas, su viaje lo lleva por el Nilo y atraviesa un Egipto en estado de confusión, enfrentando los peligros y los misterios del camino del Medjay.",https://ww3.lectulandia.co/book/assassins-creed-origins-desert-oath/,Aventuras,2026-09-08T18:27:08
Misión en París,['Arturo Pérez-Reverte'],"['Aventuras', 'Histórico', 'Novela']",Las aventuras del capitán Alatriste,"Vuelve el capitán Alatriste. La nueva y esperada entrega de la serie de novelas de aventuras que cambió la forma de leer y entender el Siglo de Oro . « Sonaba la medianoche en los relojes de París cuando entraron por la puerta de Saint-Jacques cuatro jinetes tan seguros de sí mismos como el trote firme de sus caballos ». Es medianoche. Íñigo Balboa, que forma parte de los Correos Reales del rey católico, aguarda expectante la llegada del capitán Alatriste, de Francisco de Quevedo y de Sebastián Copons a París, donde se encuentra para entregar unos despachos al conde de Guadalmedina. Hace casi un año que no se reúnen, cuando acabó la arriesgada encomienda que tuvieron que afrontar en Venecia. Son tiempos complejos para Francia: desde hace unos meses, los hugonotes de La Rochela, con apoyo inglés, están viviendo un duro asedio por parte de las fuerzas francesas a las órdenes del cardenal Richelieu. Por mediación de Quevedo, Alatriste y sus amigos se ven envueltos en una peligrosa misión secreta ideada por el conde-duque de Olivares. Esta vez el objetivo es de tal magnitud, que la aventura a la que se enfrentan podría cambiar para siempre el curso de los acontecimientos. -------------------- La crítica ha dicho: «Me gusta Pérez-Reverte, me recuerda a Dumas y Salgari». Umberto Eco «El escritor con agallas ha conseguido un doble milagro. Que los personajes hablen como nosotros y nosotros leamos como ellos hablaban. Larga vida al capitán Alatriste». Manuel Rivas, El País «Nunca se agradecerá bastante a Reverte haber hecho entrar a tantos lectores en esa literatura y esa historia cautivándolos con unas narraciones apasionantes». Francisco Rico «El capitán Alatriste está escrito con brillantez y un contagioso entusiasmo hacia el género que intenta revivir». Janet Maslin, The New York Times «Un espadachín de nuestro tiempo». Times Literary Supplement",https://ww3.lectulandia.co/book/mision-en-paris/,Aventuras,2026-09-08T18:27:10
Persiguiendo las estrellas,['Sarah Lark'],"['Aventuras', 'Histórico', 'Novela', 'Romántico']",Las mujeres Hard,"Lucharon para alcanzar sus sueños y lograr lo imposible . Escocia, finales del siglo XIX. Las tres jóvenes primas del noble clan de los Hard tienen grandes aspiraciones. Mientras Ailis es una apasionada del estudio de las estrellas, Donella sueña con viajar en globo aerostático y Haily ambiciona alcanzar la fama en los escenarios. Juntas parten a Saint Leonards, la primera escuela femenina de Escocia, donde se prepara también a las alumnas para que estudien una carrera si así lo desean. La avispada y leal Emily, cuyos padres son sirvientes aunque se ha criado junto a las primas, las acompaña al internado. El mundo parece abrirse con un sinfín de posibilidades para las cuatro jóvenes. Hasta que un giro inesperado del destino golpea a una de ellas y todas deben emprender caminos separados…",https://ww3.lectulandia.co/book/persiguiendo-las-estrellas/,Aventuras,2026-09-08T18:27:13
Buscando a Oso,['Hannah Gold'],"['Aventuras', 'Infantil', 'Juvenil', 'Novela']",El último oso,"¿Hasta dónde llegarías por un amigo? April Wood ha vuelto a casa de su aventura en Svalbard. Pero cuando un oso polar recibe un disparo, está convencida de que es su amigo Oso y emprende junto a su padre un nuevo viaje a los confines del Ártico. Allí, quien corre peligro es un pequeño osezno. ¿Conseguirá April afrontar sus miedos y adentrarse en la tundra ártica para salvarlo?",https://ww3.lectulandia.co/book/buscando-a-oso/,Aventuras,2026-09-08T18:27:15
Corazón del Norte,['William Byron Mowery'],"['Aventuras', 'Novela']",Biblioteca Oro Azul,"Corazón del Norte (Heart of the North) de William Byron Mowery es una novela clásica de aventuras ambientada en los salvajes territorios del norte de Canadá (Yukon) en la época de la Fiebre del Oro, donde el protagonista, el joven prospector David R. Harding, lucha por sobrevivir, encontrar oro y ganarse el respeto en un entorno hostil, lidiando con la naturaleza, la codicia y el amor, explorando temas de perseverancia y la dureza de la vida fronteriza",https://ww3.lectulandia.co/book/corazon-del-norte/,Aventuras,2026-09-08T18:27:17
Tótem,['Armando Cuevas Calderón'],"['Aventuras', 'Ciencia ficción', 'Novela']",,"Tótem , una novela de aventuras e intriga donde las leyendas respiran y los fantasmas de la selva se sientan a la hoguera junto a hombres de corazones oscuros. El hijo de un magnate inglés ha desaparecido en el rincón menos explorado del Amazonas. Diego Santamaría, un arqueólogo desprestigiado, aceptará el encargo de buscarlo. La misión es turbia y peligrosa, pero para él representa la oportunidad de cumplir el sueño de su vida: encontrar las ruinas de una ciudad legendaria. La expedición la formarán un variopinto grupo dispuesto a adentrarse en aquel territorio ignoto y salvaje sin importarles los riesgos, y sin sospechar que la codicia humana será el mayor de sus enemigos, incluso peor que la ira de los ancestrales dioses que habitan el Amazonas.",https://ww3.lectulandia.co/book/totem/,Aventuras,2026-09-08T18:27:20
71 días,['Javier Casis'],"['Aventuras', 'Intriga', 'Novela', 'Policíaco']",Pastiches de Sherlock Holmes,"71 días es una aventura de Sherlock Holmes que se desarrolla en Madrid durante la segunda quincena de mayo y la primera de junio del año 1906. Holmes y Watson acaban de regresar a su casa de Fulworth después de culminar su aventura de Baskerville Hall. La señora Hudson le entrega al detective la correspondencia pendiente y entre media docena de cartas se encuentra una del monarca Eduardo VII que contiene una invitación de boda. El día 31 de mayo contraerán matrimonio en Madrid su sobrina Victoria Eugenia de Battenberg y Alfonso XIII. De común acuerdo entre la pareja de detectives y el propio Monarca inglés se decide que sea Watson, acompañado de su esposa Irene, quienes asistan a la ceremonia. Al salir la comitiva de la iglesia de San Jerónimo, Mateo Morral arroja una bomba desde un balcón de la calle Mayor y causa un gran número de muertos y heridos. La esposa de Watson no se encuentra entre ellos. Irene ha desaparecido y no se tiene ninguna pista de su posible paradero. Holmes acude a Madrid para apoyar a su amigo y desde su llegada se inicia una desesperada búsqueda que se ve entorpecida por la existencia en la capital de España de un asesino en serie que después de estrangular a sus víctimas les arranca el rostro con precisión quirúrgica.",https://ww3.lectulandia.co/book/71-dias/,Aventuras,2026-09-08T18:27:22
Viaje al centro de la Tierra (Ed. Clásicos a medida),['Julio Verne'],"['Aventuras', 'Juvenil', 'Novela']",Clásicos a medida,"Viaje al centro de la Tierra es la segunda aventura imaginada por Julio Verne de una larga serie que, con más de cincuenta entregas, estaría escribiendo durante toda su vida. Sin duda Verne tenía un espíritu aventurero que necesitaba salir de vez en cuando a darse una vuelta. En esta ocasión, el escritor francés, se encarna por partida doble en la persona del profesor Lidenbrock, un excéntrico científico alemán, y su sobrino Axel, joven aún y huérfano, aprendiz de geólogo, que vive bajo su protección. El objetivo de la aventura que les une a los dos es demostrar que se puede llegar hasta el mismísimo centro de la Tierra siguiendo las huellas de Arne Saknussemm, un antiguo escritor del siglo XVI, investigador y viajero, que dejó un manuscrito secreto con las claves para realizar la expedición. Con este argumento, Verne nos arrastra a una historia descabellada de aventuras y continuas sorpresas que ponen a prueba hasta el límite a sus protagonistas. La historia es narrada por Axel, quien escribe para compartir los recuerdos de su aventura. Es una especie de diario de viaje que, en la propia obra, en una mezcla de realidad y ficción, él dice haber entregado para su publicación por entregas semanales, con grandísimo éxito entre los lectores. Uno de los viajes más fascinantes de la literatura en una edición adaptada para facilitar su lectura.",https://ww3.lectulandia.co/book/viaje-al-centro-de-la-tierra-ed-clasicos-a-medida/,Aventuras,2026-09-08T18:27:23
Lazarillo de Tormes (Ed. Clásicos a medida),['Anónimo'],"['Aventuras', 'Juvenil', 'Novela', 'Sátira']",Clásicos a medida,"Lázaro, hijo de un ladrón y acemilero, queda huérfano en Salamanca. Estará al servicio de diferentes amos (un ciego, un hidalgo arruinado, un clérigo avaricioso, un fraile de la Merced, un buldero farsante, etc.), y ejercerá varios oficios, que permiten al narrador realizar una sátira de los diferentes estamentos de la sociedad de la época y reflexionar con ironía sobre el tema de la honra. Edición adaptada para jóvenes lectores de la novela picaresca que fue origen y modelo en su género.",https://ww3.lectulandia.co/book/lazarillo-de-tormes-ed-clasicos-a-medida/,Aventuras,2026-09-08T18:27:26
¡Desenmascarados!,['Gustave le Rouge'],"['Aventuras', 'Fantástico', 'Intriga', 'Novela']",El misterioso doctor Cornelius,"Las aventuras del «misterioso doctor Cornelius» son sin duda una de las obras maestras de la novela negra popular de la Belle Époque. Le Rouge mezcla intriga y visión científica en un universo novelístico de gran originalidad. De Nueva York a Bretaña, del Gran Oeste americano a la Isla de los Ahorcados, la pluma de Le Rouge lleva al lector a lugares asombrosos, misteriosos y enigmáticos, donde chocan dos concepciones antagónicas del mundo: Una, encarnada por el científico francés Prosper Bondonnat, cuyas investigaciones se centran únicamente en añadir una piedra al «radiante edificio de la modernidad»; la otra, por el malvado doctor Cornelius Kramm, cirujano plástico estadounidense, «escultor de la carne humana» e inventor de la «carnoplastia», cuya obsesión es esencialmente el poder y el dinero.",https://ww3.lectulandia.co/book/desenmascarados/,Aventuras,2026-09-08T18:27:28
El legado de la reina cuervo,['Isa J. González'],"['Aventuras', 'Fantástico', 'Juvenil', 'Novela']",,"Un joven que solo ansía la libertad Un príncipe rechazado por su imperfección Un compromiso lleno de secretos y magia feérica. Finn está maldito: es capaz de ver y tocar Sombras, unos seres negruzcos y peligrosos que lo persiguen ahí donde vaya. Desde la desaparición de su hermano, lo único que ha ansiado Finn es liberarse de su poder, de los barrotes de su hogar y del yugo de su padre. Cuando llega Nuada Callaghan, un príncipe de un Clan lejano, y le ofrece una salida a esa situación, él no duda en aceptar su propuesta. Pero lo último que espera Finn al comprometerse en matrimonio con el príncipe es adentrarse en una tierra de folklore y tradiciones que para él ya están olvidadas. En el seno del Clan Callaghan, no solo descubrirá los misterios de su poder y la magia del mundo: también conocerá la calidez de la familia y del amor. Pero una organización amenaza con destruir la felicidad que Finn ha encontrado en su nuevo hogar y no descansarán hasta conseguir su objetivo. Déjate hechizar por esta novela de magia, romance, hadas y diosas celtas.",https://ww3.lectulandia.co/book/el-legado-de-la-reina-cuervo/,Aventuras,2026-09-08T18:27:30
Odisea (Ed. Clásicos a medida),['Homero'],"['Aventuras', 'Juvenil', 'Novela']",Clásicos a medida,"La Odisea , del poeta griego Homero, es uno de los poemas épicos más importantes de Occidente. La historia narra el viaje de regreso del héroe Odiseo a su patria, la isla de Ítaca, tras su participación en la guerra de Troya. Su travesía estará llena de peligros y aventuras. La Odisea es una metáfora del viaje que es la vida para todos nosotros; de ahí que sea un clásico universal.",https://ww3.lectulandia.co/book/odisea-ed-clasicos-a-medida/,Aventuras,2026-09-08T18:27:33
La torre febril,['Gustave le Rouge'],"['Aventuras', 'Fantástico', 'Novela']",El misterioso doctor Cornelius,"Las aventuras del «misterioso doctor Cornelius» son sin duda una de las obras maestras de la novela negra popular de la Belle Époque. Le Rouge mezcla intriga y visión científica en un universo novelístico de gran originalidad. De Nueva York a Bretaña, del Gran Oeste americano a la Isla de los Ahorcados, la pluma de Le Rouge lleva al lector a lugares asombrosos, misteriosos y enigmáticos, donde chocan dos concepciones antagónicas del mundo: Una, encarnada por el científico francés Prosper Bondonnat, cuyas investigaciones se centran únicamente en añadir una piedra al «radiante edificio de la modernidad»; la otra, por el malvado doctor Cornelius Kramm, cirujano plástico estadounidense, «escultor de la carne humana» e inventor de la «carnoplastia», cuya obsesión es esencialmente el poder y el dinero.",https://ww3.lectulandia.co/book/la-torre-febril/,Aventuras,2026-09-08T18:27:34
¡Sopla viento del desierto!,['William Corcoran'],"['Aventuras', 'Novela']",Biblioteca Oro Azul,"En los ardientes confines del desierto, donde el viento levanta remolinos de arena y las noches se llenan de misteriosos silencios, se desarrolla una historia de valor, amistad y aventura. En ¡Sopla viento del desierto! , el autor William Corcoran conduce al lector a través de una emocionante travesía por tierras lejanas, donde cada jornada trae consigo nuevos peligros y desafíos. Entre caravanas que avanzan lentamente bajo el sol implacable y oasis que surgen como promesa de descanso, los protagonistas habrán de enfrentarse a intrigas, persecuciones y pruebas que pondrán a prueba su temple. El desierto, vasto y majestuoso, se convierte así en escenario de hazañas memorables, donde el ingenio y la valentía son tan necesarios como el agua en la cantimplora. Narrada con el brío y la elegancia propios de las novelas de aventuras clásicas, esta obra invita al lector a dejarse llevar por el soplo del viento del desierto y a compartir una empresa en la que el honor y la lealtad brillan con luz propia.",https://ww3.lectulandia.co/book/sopla-viento-del-desierto/,Aventuras,2026-09-08T18:27:37
Hasta que caiga la luna,['Sarah A. Parker'],"['Aventuras', 'Fantástico', 'Novela']",La caída lunar,"«Los creadores jamás esperaron que sus queridos dragones, al llegar su fin, ascendieran a los cielos.Tampoco que se enroscaran en forma de esfera allá donde la gravedad no podía alcanzarlos y llenaran el firmamento de tumbas… De lunas, Y, desde luego, jamás esperaron que cayeran». Como asesina rebelde, el objetivo de Raeve es cumplir su misión y que jamás la atrapen. Sin embargo, cuando un cazarrecompensas rival hace añicos su realidad, la joven se ve prisionera del Gremio de los Nobles, una organización de elementales poderosos que pretenden dar jemplo con ella. Solo la muerte podrá liberarla. Devastado por una terrible pérdida, el jinete de dragón Kaan Vaegor decapitó a un rey y se puso su corona derretida. Ahora, su búsqueda incansable para reunir fragmentos lunares lo conduce a la prisión de la ciudad, donde se topa con una Raeve encadenada, con rabia en la mirada y sangre en las manos. Juntos deberán descubrir una verdad que amenaza con hacer que su mundo se desmorone… y ellos con él.",https://ww3.lectulandia.co/book/hasta-que-caiga-la-luna/,Aventuras,2026-09-08T18:27:39
La cancha del sol,['Nora Sakavic'],"['Aventuras', 'Distopía', 'Fantástico', 'Intriga', 'Juvenil', 'Novela']",All For The Game,"«Mi nombre es Jean Moreau. Pertenezco a los Moriyama». Jean Moreau ha construido su vida en torno a esta verdad. Es un recordatorio de que es lo mejor que puede esperar y todo lo que se merece. Pero, cuando lo roban de la Universidad Edgar Allan y lo venden a un amo aún más peligroso, debe acostumbrarse a una vida fuera del Nido por primera vez en cinco años. Mientras tanto, el capitán Jeremy Knox afronta su último año con los Troyanos. Para ganar de una vez el campeonato de exy, necesita contratar al mejor defensor del país, incluso si ese hombre es un Cuervo. Pero, cuando el colapso del Evermore comienza a sacar a la luz los terribles secretos de Jean, Jeremy se enfrentará al coste de la victoria. La cancha del sol inaugura la trilogía de Jean Moreau dentro del universo All For The Game . Es un libro tierno y brutal donde la oscuridad se enfrenta por primera vez a un atisbo de esperanza.",https://ww3.lectulandia.co/book/la-cancha-del-sol/,Aventuras,2026-09-08T18:27:41
La dama de las escabiosas,['Gustave le Rouge'],"['Aventuras', 'Fantástico', 'Intriga', 'Novela']",El misterioso doctor Cornelius,"Las aventuras del «misterioso doctor Cornelius» son sin duda una de las obras maestras de la novela negra popular de la Belle Époque. Le Rouge mezcla intriga y visión científica en un universo novelístico de gran originalidad. De Nueva York a Bretaña, del Gran Oeste americano a la Isla de los Ahorcados, la pluma de Le Rouge lleva al lector a lugares asombrosos, misteriosos y enigmáticos, donde chocan dos concepciones antagónicas del mundo: Una, encarnada por el científico francés Prosper Bondonnat, cuyas investigaciones se centran únicamente en añadir una piedra al «radiante edificio de la modernidad»; la otra, por el malvado doctor Cornelius Kramm, cirujano plástico estadounidense, «escultor de la carne humana» e inventor de la «carnoplastia», cuya obsesión es esencialmente el poder y el dinero.",https://ww3.lectulandia.co/book/la-dama-de-las-escabiosas/,Aventuras,2026-09-08T18:27:44
La playa de las tortugas,['Hannah Gold'],"['Aventuras', 'Infantil', 'Juvenil', 'Novela']",,"Unas crías en peligro. Un viaje al corazón de la selva. Una misión que marcará sus vidas. Cuando al padre de Silver lo invitan a un centro de conservación de tortugas en Costa Rica, toda la familia decide instalarse unos meses allí. Bajo el calor del sol tropical, Silver y su familia se adaptan a una nueva vida en el santuario de animales. Pero, después de avistar a una tortuga laúd anidando en la playa, Silver se da cuenta de que alguien ha robado los huevos, y los acontecimientos dan un giro peligroso. ¿Podrá Silver proteger a las tortugas y sanar las heridas de su propia familia? Para ello, no tendrá más remedio que adentrarse en el corazón de la selva…",https://ww3.lectulandia.co/book/la-playa-de-las-tortugas/,Aventuras,2026-09-08T18:27:46
Ayesha (Ed. ilustrada),['H. Rider Haggard'],"['Aventuras', 'Novela']",Ella,"Veinte años han pasado desde los eventos ocurridos en «Ella», los aventureros ingleses Leo Vincey y el profesor Holly continúan enamorados de la terrible Ayesha. Cautivados por su recuerdo reciben una visión de que Ella ha regresado reencarnada en un rincón remoto del mundo. Esperanzados de que esta visión pudiera ser cierta, Leo y Holly realizan un viaje hasta el Tíbet donde se enfrentan a avalanchas, tribus asesinas, pasos de montaña y la presencia de otra alma de su pasado olvidado que tiene sus propios designios sobre su futuro. La esperada continuación de la serie de Ella.",https://ww3.lectulandia.co/book/ayesha-ed-ilustrada/,Aventuras,2026-09-08T18:27:48
Los irregulares de Baker Street,['Varios Autores'],"['Aventuras', 'Intriga', 'Policíaco', 'Relato']",Pastiches de Sherlock Holmes,"Pocas veces sucede que un secundario adquiera tanta o más importancia que el propio protagonista, pero que lo hagan personajes meramente anecdóticos, como es el caso de los Irregulares de Baker Street, es casi un paradigma dentro de la literatura. Poco sabemos de ellos, aparte de su aspecto de pilluelos dickensianos y del hecho de que Sherlock Holmes los utiliza como policía no oficial a su servicio. Son mencionados en las dos primeras novelas del canon sherlockiano y solo a dos de sus componentes se les da nombre: Wiggins y Simpson. Pero como ya ocurriera con el temible profesor Moriarty (que aparece en un solo relato y es nombrado en dos más) estos personajes crecerían en la imaginación de los aficionados, hasta el extremo de que la asociación americana de estudios sherlockianos se llama, precisamente, Los Irregulares de Baker Street. Por no mencionar que Wiggins, el supuesto líder de la organización, aparecerá como personaje importante en varios de los más conocidos pastiches holmesianos. En este antología, Carmen Moreno coordina a algo más de una decena de autores que conspiran para ofrecernos nuevos y sorprendentes aspectos de esta cuando menos curiosa organización.",https://ww3.lectulandia.co/book/los-irregulares-de-baker-street/,Aventuras,2026-09-08T18:27:50
El valle prohibido,['William Byron Mowery'],"['Aventuras', 'Novela']",Biblioteca Oro Azul,"Novela de aventuras y misterio ambientada en el noroeste canadiense, con la Policía Montada de Canadá. En las misteriosas y vastas soledades del Oeste americano, donde la civilización apenas ha trazado su huella y la ley del hombre se enfrenta aún con la del más fuerte, se alza majestuoso y temido el Valle Prohibido. Aquel paraje, rodeado por abruptas montañas y envuelto en una fama de maldición y misterio, guarda secretos que pocos han osado desafiar. El joven jinete Jim Brent, movido por el valor y el deseo de justicia, se interna en aquellas peligrosas tierras en busca de respuestas que podrían costarle la vida. Cruces de senderos inciertos, emboscadas de forajidos, y una lucha encarnizada entre ambición y honor acompañan su jornada. Pero por encima de todo, una mujer —valiente y bella— será el faro que guíe su espíritu entre la oscuridad del odio y la luz del deber. Narrada con el brío inconfundible de las genuinas aventuras del Oeste, El valle prohibido es una historia de coraje, intriga y redención, donde el hombre se mide con su destino entre el estampido de los revólveres y el silencio solemne de las montañas.",https://ww3.lectulandia.co/book/el-valle-prohibido/,Aventuras,2026-09-08T18:27:52
El primer latido de Australia,['José Vicente Alfaro'],"['Aventuras', 'Histórico', 'Novela']",,"Una novela épica con personajes inolvidables, amores pasionales, ambiciones desmedidas, sueños inalcanzables y destinos inciertos que oscilarán entre el sufrimiento y la esperanza . Australia nació como una colonia penal. A finales del siglo XVIII las cárceles inglesas estaban llenas a rebosar, y, tras la reciente revolución americana, el gobierno necesitaba buscar un nuevo lugar donde deportar a sus delincuentes convictos. Así fue como eligieron una remota costa situada en el otro extremo del mundo, cuyas tierras había reclamado el capitán Cook para la Corona británica poco tiempo atrás, en las cuales no había absolutamente nada. Al mismo tiempo, los aborígenes australianos verán repentinamente peligrar su supervivencia con la llegada del hombre blanco, asistiendo con horror a la ocupación de sus tierras ancestrales. José Vicente Alfaro nos ofrece un fiel y descarnado retrato de la naciente colonia australiana, en la que las vidas de los presos deportados, los colonos libres y los aborígenes se entrelazarán de forma inevitable. Todo ello impregnado de los magníficos escenarios conformados por playas vírgenes, bosques tupidos y llanuras semidesérticas. Vive la colonización de Australia como jamás te la habían contado .",https://ww3.lectulandia.co/book/el-primer-latido-de-australia/,Aventuras,2026-09-08T18:27:55
Juegos de guerra,['Len Deighton'],"['Aventuras', 'Novela']",,"Su nombre: Pat Armstrong. Su ocupación: oficial de campo del Centro de Juegos Estratégicos de Guerra. De regreso de una misión submarina de seis semanas, Armstrong encuentra muchas cosas cambiadas. Descubre que han vuelto a construir su vieja casa, y halla antiguas fotografías de familia que le revelan el rostro de un extraño. La acción de la obra se desarrolla —dentro del mundo del espionaje— en una casa remota de las montañas de Escocia. El “suspense” crece en medio de una violencia incontrolada, desde una persecución a través de un estrecho sendero junto a un acantilado, hasta alcanzar un clímax devastador en los hielos del Círculo Polar Ártico.",https://ww3.lectulandia.co/book/juegos-de-guerra-len-deighton/,Aventuras,2026-09-08T18:27:58
El caballero de los Siete Reinos (Ilustrado),['George R. R. Martin'],"['Aventuras', 'Fantástico', 'Relato']",Canción de hielo y fuego: Los cuentos de Dunk y Egg,"Una nueva edición de las tres primeras precuelas oficiales de la obra maestra de George R. R. Martin, «Canción de Hielo y Fuego». Con más de 160 ilustraciones de Gary Gianni, uno de los mejores artistas de fantasía de nuestro tiempo, esta maravillosa edición transportará a los lectores al mundo de caballería, coraje y peligro de los Siete Reinos. Un siglo antes de Juego de tronos , dos héroes insólitos recorrieron Poniente… El joven Ser Duncan el Alto, un ingenuo pero valiente caballero errante, sobresale por encima de sus rivales en estatura, aunque no en experiencia. Le acompaña su diminuto escudero, un muchacho llamado Egg, quien debe mantener en secreto su verdadera identidad ante todos aquellos que se crucen en su camino. Puede que nadie hubiera esperado ver a estos inesperados compañeros convertidos en héroes, pero el destino tiene reservado para ellos un camino plagado de poderosos enemigos, intrigas palaciegas y hazañas de leyenda.",https://ww3.lectulandia.co/book/el-caballero-de-los-siete-reinos-ilustrado/,Aventuras,2026-09-08T18:28:00
El cazador del desierto,['Lorenzo Silva'],"['Aventuras', 'Juvenil', 'Novela']",Trilogía de Getafe,"Irene siempre ha sido la primera de la clase, una chica sensata que lo tiene todo bajo control. Nadie habría dicho que haría migas con José María, un nuevo alumno solitario y corrosivo. Pero Irene cultivará su amistad. Averiguará que José María también odia su nombre y prefiere que le llamen Orens, por Lawrence de Arabia, y descubrirá lo único que él no odia: el desierto.",https://ww3.lectulandia.co/book/el-cazador-del-desierto/,Aventuras,2026-09-08T18:28:02
El hijo de la furia,['Edison Marshall'],"['Aventuras', 'Novela']",,"La historia de Benjamin Blake , hijo ilegítimo de un noble, se desarrolla en un contexto de batallas legales y amor. Benjamin se enfrenta a su tío, Sir Arthur Blake, para hacer valer sus derechos como heredero. A lo largo de la película, Benjamin se enamora de su prima Isabel y de una indígena llamada Eva. La trama combina elementos de drama, aventuras y romance, ofreciendo una experiencia visual y emocional que ha perdurado a lo largo de los años. La película de 1952, es conocida por su drama y aventuras, y cuenta con un elenco que incluye a Tyrone Power, Gene Tierney y Frances Farmer.",https://ww3.lectulandia.co/book/el-hijo-de-la-furia/,Aventuras,2026-09-08T18:28:04
Trono de cristal: La colección completa,['Sarah J. Maas'],"['Aventuras', 'Fantástico', 'Novela']",Trono de cristal,"Celaena Sadothien es una chica de diecisiete años con una vida que no es ni mucho menos acorde con una chica de su edad. Celaena es la asesina a sueldo más conocida de su época. Aunque no todo es como piensa y, después de una trampa, acaba siendo traicionada, capturada y encerrada en unas minas del reino, donde estará años y años haciendo trabajos forzados. Cuando Dorian, el príncipe de Endovier convoca a Celaena para ser la campeona del rey, la asesina acepta. Todo lo que tiene que hacer es vencer a veintitrés asesinos, ladrones y guerreros para convertirse en la campeona real…",https://ww3.lectulandia.co/book/trono-de-cristal-la-coleccion-completa/,Aventuras,2026-09-08T18:28:07
Imperio en llamas,['Lucía Cerezo'],"['Aventuras', 'Fantástico', 'Novela']",Fénix & Dragón,"No se huye de la muerte cuando esta viene a salvarte. Eda ya no es la misma persona y Pramvera ya no es un misterio para ella. Ni siquiera lo es el temido emperador Dalton Basilius. Las batallas, la sangre y la fuerza del fénix la han cambiado. Sin embargo, entre las sombras, más allá de la oscuridad e incluso de la muerte, se esconden monstruos que aún no conoce y a quienes, por mucho que lo intente, no puede desamar… Tras Imperio de fuego azul , con esta segunda entrega de la saga Fénix y Dragón vuelven la fantasía más poderosa y la magia más envolvente acompañadas de una pasión tan feroz que podría cambiar el rumbo del imperio… ¿Te atreves a arriesgar tu corazón?",https://ww3.lectulandia.co/book/imperio-en-llamas/,Aventuras,2026-09-08T18:28:10
El mago de Oz (Ed. Clásicos a medida),['Lyman Frank Baum'],"['Aventuras', 'Fantástico', 'Infantil', 'Novela']",Clásicos a medida,"El mago de Oz es el cuento infantil norteamericano más leído y traducido a otras lenguas; por lo tanto, uno de los libros favoritos de los niños de todos los países. La historia nos cuenta el viaje fantástico de Dorothy por el camino de adoquines amarillos hacia la Ciudad Esmeralda, junto a sus compañeros, el espantapájaros, el leñador de hojalata y el león cobarde, en busca del mago de Oz. Aunque alejado de los argumentos tradicionales de los cuentos populares, guarda un mensaje que es el de propugnar el bien frente al mal y la verdad frente a la falsedad, así como el de enseñar que la inteligencia, la bondad, el esfuerzo, el valor y la solidaridad deben ser las cualidades que todos los niños y adolescentes han de poseer para llegar a ser adultos ejemplares. Siguiendo las normas de la colección de Clásicos a Medida, la obra que aquí presentamos es una traducción y adaptación del original inglés. En este caso, dada su breve extensión, se conservan prácticamente íntegros su argumento y el sentido que el autor quiso darle a su obra.",https://ww3.lectulandia.co/book/el-mago-de-oz-ed-clasicos-a-medida/,Aventuras,2026-09-08T18:28:13
Festín de cuervos (ed. ilustrada),['George R. R. Martin'],"['Aventuras', 'Fantástico', 'Novela']",Canción de hielo y fuego,"«—¿Qué es lo que más desea nuestro corazón? —preguntó Arianne, entrecerrando los ojos. —Venganza. —Hablaba en voz baja, como si temiera que pudieran oírlo—. Justicia». Entre campos de batalla llenos de fantasmas y lúgubres fortalezas en ruina, entre ciudades convertidas en cementerios y tierras reducidas a osarios, la guerra de los Cinco Reyes toca a su fin. La casa Lannister y sus aliados parecen haber salido victoriosos. Sin embargo, algo se remueve en las entrañas de los Siete Reinos y, mientras cuervos en forma humana se dan un festín de cenizas, se forjan nuevas alianzas y complots. Pero incluso en esta paz del rey, aparentemente consolidada, fuerzas inesperadas se preparan para lanzar un ataque sangriento. Los hombres del hierro, liderados por Ojo de Cuervo, herederos de un culto olvidado, atacan al suroeste, obligando al Trono de Hierro a enfrentarse a un desafío sin precedentes. Y de las brumas de un recuerdo enterrado hace mucho, una profecía siniestra amenaza la soberanía de la reina Cersei…",https://ww3.lectulandia.co/book/festin-de-cuervos-ed-ilustrada/,Aventuras,2026-09-08T18:28:15
Ella (Ed. ilustrada),['H. Rider Haggard'],"['Aventuras', 'Novela']",Ella,"La más imaginativa y maravillosa aventura creada por Haggard empieza cuando Leo y Holly descifran el mensaje que envía la antigua princesa egipcia Amenartas. En su misterioso viaje descubren a «Ella», ese extraño ser, terrible y fascinante, símbolo de la eterna juventud y de la permanencia en el tiempo. Pero «Ella» no es sólo una alegoría sobre el eterno retorno; es también una melancólica reflexión sobre la dureza de este mundo cruel, que no invita precisamente a eternizarse. «El mundo —⁠dice Holly en un curioso atisbo de existencialista⁠— no ha demostrado ser un nido tan suave como para que invite a quedarte en él para siempre».",https://ww3.lectulandia.co/book/ella-ed-ilustrada/,Aventuras,2026-09-08T18:28:17
La hija de Amón,['H. Rider Haggard'],"['Aventuras', 'Fantástico', 'Novela']",,"La magia del antiguo Egipto, los secretos de los Sacerdotes-Iniciados, la presencia constante de los espíritus, el Ka o doble etérico, los misterios de la muerte afloran a cada instante en La hija de Amón . La hija de Amón es una de las novelas fantásticas más apasionantes de Rider Haggard, el célebre autor de She, Ayesha y Las minas del rey Salomón .",https://ww3.lectulandia.co/book/la-hija-de-amon/,Aventuras,2026-09-08T18:28:20
Las manzanas de oro,['Baltasar Porcel'],"['Aventuras', 'Drama', 'Novela']",,"Novela de un dinamismo solar e inquietante, plagada de exaltación sensual, de crueldad y de ambición, Las manzanas de oro vuelve con ímpetu a las mismas fuentes del género: la aventura sin fin, la fuga poética, la reflexión existencial. Aunque esta reflexión constituya en realidad la manifestación de una violenta amoralidad, que la poesía nazca de un panteísmo a la par glorioso y bárbaro, que la aventura sea en el fondo una lucha sin cuartel del hombre contra el hombre. La mística búsqueda del Santo Grial, el misterioso cáliz redentor de la literatura medieval y de la música de Wagner, sirve como simbólica pauta a este deslumbrante relato, que se extiende desde los alucinantes estertores del tráfico de esclavos hasta las encantadas brumas de la Baviera del Rey Loco, pasando por las selvas de Costa de Marfil, el espejismo veneciano y la árida Palestina azotada por el vesánico Herodes el Grande. Novela insólita dentro del actual panorama español, cuenta también en el haber de su polémica originalidad con la fuerza de su lenguaje: afilado y exuberante a un tiempo, siempre de una sensorial riqueza",https://ww3.lectulandia.co/book/las-manzanas-de-oro/,Aventuras,2026-09-08T18:28:23
El misterio de la Caja Bethel,['Concepción Perea'],"['Aventuras', 'Fantástico', 'Novela']",,"El misterio de la Caja Bethel, un folletín ambientado en una Barcelona de finales del siglo XIX con ecos de steampunk . Acompaña al intrépido Felix Goggleston y a la bella y enigmática Katsia en esta aventura sin igual que esconde un misterio, un peligro y el reencuentro con un personaje del pasado. Felix Goggleston, empresario de cara a la galería pero agente secreto en realidad, acude noche tras noche al bar llamado Las seis copas cautivado por el órgano que proporciona la música al local. Pero esa noche sucederán varias cosas fuera de lo normal… Primero, Felix se encuentra con su vieja amiga Katsia, una preciosa y cautivadora rusa relacionada con la alta sociedad (es la joven tutora de las hijas del zar). La presencia de esta junto con dos fornidos guardaespaldas en un antro de dudosa reputación es un misterio. Segundo: mientras ambos hablan de su pasado y se interrogan con discreción sobre su presencia en aquel lugar, Salomé, la bailarina principal del espectáculo, se desmaya en escena y provoca un incendio. Afortunadamente, todo quedará en un susto. Felix, encaprichado del órgano Hydraulis, decide volver al día siguiente para comprobar que el instrumento sigue intacto. Sin embargo, no está preparado para descubrir lo que significará este extraño aparato musical en su vida… y en la de todos los que lo rodean.",https://ww3.lectulandia.co/book/el-misterio-de-la-caja-bethel/,Aventuras,2026-09-08T18:28:26
Imperio de fuego azul,['Lucía Cerezo'],"['Aventuras', 'Fantástico', 'Novela']",Fénix & Dragón,"Sangre de fénix. Corazón de dragón. Cada cuatro años, un enigmático barco proveniente del imperio maldito de Pramvera llega a Valdemar demandando que cinco mortales sean llevados a sus desconocidas tierras. Eda es la bibliotecaria de un pequeño pueblo y siempre ha encontrado refugio en las páginas de los libros antiguos y en las historias sobre los temibles demonios y bestias que custodian Pramvera. Cuando Eda y su hermano son reclutados y se embarcan hacia Pramvera, ambos se sumergen en el corazón de un misterio que desafía el tejido mismo de su realidad. Allí Dalton Basilius, último jinete y temido emperador, gobierna junto a su imponente dragón. Sin embargo, el imperio no está desprovisto de compañía: unos seres antiguos y poderosos habitan en este territorio aguardando el momento para encontrarse con sus jinetes. «La ira más peligrosa es la que se oculta detrás de un buen corazón».",https://ww3.lectulandia.co/book/imperio-de-fuego-azul/,Aventuras,2026-09-08T18:28:28
El tapiz del tiempo,"['Bárbara Montes', 'Juan Gómez-Jurado']","['Aventuras', 'Infantil', 'Intriga', 'Juvenil', 'Novela']",Amanda Black,"«SU FINAL ES TU PRINCIPIO». Caemos durante varios segundos, muchos más de los que esperaba. Por fin, me estrello contra el suelo. Eric cae sobre mí, todavía gritando. Miro a mi alrededor y le doy un empujón suave para que se quite de encima. Se suponía que era una misión sencilla, casi aburrida. Colarme en un museo para robar una reliquia mágica es pan comido. Pero algo debe haber salido mal, porque antes estábamos dentro de un edificio y ahora nos encontramos en plena naturaleza. Además, antes era de noche y ahora apenas está anocheciendo. ¿Cómo es posible? ¿Dónde estamos? —¡Qué fuerte! Creo que ya sé lo que ha pasado —dice Eric con los ojos muy abiertos—. Hemos viajado en el tiempo.",https://ww3.lectulandia.co/book/el-tapiz-del-tiempo/,Aventuras,2026-09-08T18:28:30
Lujuria. Libro 1,['Eva Muñoz'],"['Aventuras', 'Erótico', 'Novela', 'Policíaco']",Pecados placenteros,"La llama vuelve a encenderse y esta vez quemará a más de uno . Rachel James tuvo que dejar su vida para salvar a los que ama, renunciando a todo lo que le importaba: sus colegas, su carrera y su familia. Ahora, dos largos años han pasado, el destino toca a su puerta y este quiere que se enfrente a lo que le depara. Un importante cargo está en juego y la teniente debe prepararse para un nuevo duelo. El coronel Morgan, el hombre que la hizo pecar, y el líder de la mafia italiana, Antoni Mascherano, no son las únicas amenazas: la tercera carta cae sobre la mesa, el caos empieza a despertarse, nuevos peligros salen a la luz, así como pasiones que se creían sepultadas, nuevos amores, conflictos, complots y jugarretas que pueden poner en vilo a la mafia y a la milicia. La saga Pecados Placenteros continúa en esta candente nueva entrega, donde la «Lascivia» da paso a una latente «Lujuria», que demuestra que el tiempo no lo cura todo y que los amores insanos son tan perjudiciales como intensos.",https://ww3.lectulandia.co/book/lujuria-libro-1/,Aventuras,2026-09-08T18:28:33
La biblioteca de la niebla,['Kai Meyer'],"['Aventuras', 'Histórico', 'Novela', 'Romántico']",,"Una época convulsa. Un manuscrito secreto. Una historia de amor que trasciende el tiempo. Una maravillosa novela histórica que evoca la magia de los libros. San Petersburgo, 1917 . El joven bibliotecario Artur Schneider huye de la revolución llevando consigo un manuscrito que puede poner en peligro las vidas de muchas personas. Su destino es Leipzig, la ciudad de los libros. En su legendario Barrio Gráfico quiere volver a ver a su gran amor, Mara, prometida con el hijo de un rico editor. Costa Azul, Niza, 1928 . La pequeña Liette encuentra, en el ático del hotel Château Trois Grâces, unas polvorientas maletas olvidadas por las familias rusas que visitaban cada verano el hotel y que fueron asesinadas durante la revolución. En su interior descubre un antiguo libro con un misterioso candado. Treinta años después , todas las piezas del pasado volverán a encajar una vez descubren el rastro de un bibliotecario que llegó a Leipzig años atrás, a una villa abandonada junto al mar y a una misteriosa biblioteca envuelta en la niebla.",https://ww3.lectulandia.co/book/la-biblioteca-de-la-niebla/,Aventuras,2026-09-08T18:28:34
El zafiro,['A. E. W. Mason'],"['Aventuras', 'Novela']",Biblioteca Oro Azul,"La novela El Zafiro (The Sapphire) de A. E. W. Mason, una aventura exótica, trata sobre el capitán británico Michael Crowther que abandona a su esposa birmana y una valiosa joya (el zafiro) que ella le dio, pero al arrepentirse y regresar, encuentra a su familia fuera de su alcance y se hace monje budista. El zafiro termina adornando un templo, pero es robado, lo que pone en marcha una aventura para encontrarlo. En resumen: Es una novela de aventuras ambientada en Oriente, centrada en la búsqueda de una gema robada que es clave en la historia personal del protagonista, mezclando romance, deserción y misterio en un exótico escenario colonial.",https://ww3.lectulandia.co/book/el-zafiro/,Aventuras,2026-09-08T18:28:36
El templo olvidado,"['Bárbara Montes', 'Juan Gómez-Jurado']","['Aventuras', 'Infantil', 'Intriga', 'Juvenil', 'Novela']",Amanda Black,"«Su final es tu principio». Tengo que encontrar a Eric, necesito saber qué ha sido de él. No puedo dejarlo aquí. De todos modos, todavía tengo esperanzas de que esté vivo… Ya nos imaginábamos que la misión sería peligrosa cuando lord Thomsing nos avisó de que los hombres de Irma Dagon estaban en movimientoy acercándose a un peligrosísimo espíritu, escondido en medio de la jungla y protegido por dos tribus ancestrales muy poderosas. Sin embargo, fue la advertencia de Benson, que tenía un mal presentimiento si nos separábamos, la que más nos preocupó a mi mejor amigo y a mí. Y con buena razón. En aquellos instantes, todavía no sabíamos que ninguno de nuestros planes iba a salir bien.",https://ww3.lectulandia.co/book/el-templo-olvidado/,Aventuras,2026-09-08T18:28:38
¿Quién es Carmen Sandiego?,['Rebecca Tinker'],"['Aventuras', 'Infantil', 'Novela']",Carmen Sandiego,"SI CREES CONOCERLA, TE EQUIVOCAS. En esta emocionante aventura, basada en la serie animada de Netflix, Carmen cuenta por primera vez su propia historia, fascinante y llena de acción. El mundo entero lleva años preguntándose quién es Carmen Sandiego: ¿una criminal infame o una ladrona escurridiza vestida de rojo? Astuta y especializada en misiones imposibles, Carmen va siempre un paso por delante de sus eternos perseguidores, la agencia de detectives ACME y la Interpol. En esta emocionante aventura, la dama de la gabardina y el sombrero carmesí descubrirá, al fin, sus trepidantes orígenes. LA IDENTIDAD DE LA MISTERIOSA LADRONA… ¡AL DESCUBIERTO!",https://ww3.lectulandia.co/book/quien-es-carmen-sandiego/,Aventuras,2026-09-08T18:28:41
Regreso a las estrellas,"['Edmond Hamilton', 'Leigh Brackett']","['Aventuras', 'Ciencia ficción', 'Novela']",Barsoom Recopilatorio,"Recopilatorio de 4 historias de Edmond Hamilton (Los reyes de las estrellas, Las orillas del infinito, Las estrellas rotas y El Horror de Magallanes), y que son la contunuación de la novela “Los Reyes de las Estrellas” Además se ofrece una última historia, esta vez escrita por el matrimonio, Edmond Brackett y Leigh Brackett, Stark y los reyes de las estrellas. E inusual, ya que no escribieron nada juntos salvo ésta como excepción.",https://ww3.lectulandia.co/book/regreso-a-las-estrellas/,Aventuras,2026-09-08T18:28:44
La hija del Capitán (Ed. B. Oro),['Aleksandr Pushkin'],"['Aventuras', 'Histórico', 'Novela']",,"La hija del capitán de Pushkin narra la historia del joven oficial Piotr Griniov, enviado a una fortaleza en tiempos de la rebelión de Pugachov, donde se enamora de María, la hija del capitán, viéndose envueltos en la guerra, la traición (Shvabrin) y la clemencia inesperada de Pugachov, que salva a Griniov, quien luego debe rescatar a María de un matrimonio forzado con el traidor, culminando con la intercesión de María ante la zarina para salvar a Griniov de la ejecución, explorando temas de honor, amor y lealtad en medio de la agitación histórica.",https://ww3.lectulandia.co/book/la-hija-del-capitan-ed-b-oro/,Aventuras,2026-09-08T18:28:45
Game Over,['Javier Ikaz'],"['Aventuras', 'Ciencia ficción', 'Intriga', 'Novela']",,"Año 1984. En las afueras de Bilbao, Ava y sus amigos pasan aburridos el verano, sin planes emocionantes para las vacaciones. Pero todo da un vuelco cuando durante la noche de San Juan el grupo de niños descubre, en un búnker abandonado de la Guerra Civil, un artefacto extraño que no pueden identificar. No saben que es un teléfono móvil como los que existirán en el siglo XXI. Este hallazgo imposible desata una serie de acontecimientos extraños que comenzarán a investigar. Alternando entre sus yoes como niños y como adultos, Ava y sus amigos se enfrentarán no solo a una lucha por salvar su mundo de una amenaza oculta, sino también a la realidad que los espera décadas después, cuando sus sueños de la infancia han quedado atrás y ya han dado el juego de la vida por terminado.",https://ww3.lectulandia.co/book/game-over/,Aventuras,2026-09-08T18:28:47
La hija del Capitán (Tr. Ricardo San Vicente),['Aleksandr Pushkin'],"['Aventuras', 'Histórico', 'Novela']",,"Piotr Andréyevich llega con su fiel criado Savélich a la fortaleza Belogórskaya. Allí se enamora de María Ivánovna, la hija del capitán. Por culpa de la interpretación de un poema, Piotr se bate en duelo con Alexéi Ivánich Shvabrin, del que sale mal parado. Ante la amenaza de la posible incursión de Pugachov, la fortaleza se prepara militarmente, tras el asalto, Piotr se libra por suerte de la horca y Pugachov queda en la fortaleza. El joven Andréyevich recibe un aviso de ir a servir militarmente a Oremburgo. Una vez allí se entera de que María ha sido hecha prisionera y van a obligarla a casarse con Shvabrin. Piotr va a liberarla. Después le juzgarán por abandonar su puesto y apoyar supuestamente al traidor. En el final, moderadamente feliz, interviene la hija del capitán ante la propia emperatriz.",https://ww3.lectulandia.co/book/la-hija-del-capitan-tr-ricardo-san-vicente/,Aventuras,2026-09-08T18:28:49
Cristalián de España,['Beatriz Bernal'],"['Aventuras', 'Novela']",,"« Don Cristalián de España. Historia de los invitos y magnánimos cavalleros don Cristalián de España príncipe de Trapisonda y del infante Luzescanio su hermano, hijos del famosíssimo emperador Lindedel de Trapisonda », publicada por primera vez en 1545, constituye la primera novela de caballerías publicada por una mujer en España, convirtiendo a su autora, Beatriz Bernal, en la primera novelista española conocida. Dividida en cuatro partes, narra las aventuras de los caballeros Cristalián y Luzescanio, hijos de Lindedel, y las de muchos otros caballeros y múltiples personajes en esta novela coral.",https://ww3.lectulandia.co/book/cristalian-de-espana/,Aventuras,2026-09-08T18:28:52
El hechicero,['H. Rider Haggard'],"['Aventuras', 'Novela']",,"Relato apasionante de lo que puede la fe contra los embates de la superstición. En lo más profundo de la misteriosa selva africana se encuentra la tribu que jamás ha permitido la presencia de un hombre blanco en sus tierras. El joven clérigo… seguro de estar inspirado por Dios, se traslada a la remota aldea para llevar la palabra del Salvador a los feroces salvajes. Su fe y su presencia de ánimo le llevan adelante en la terrible prueba ayudándole a obtener la victoria deseada. La manera como lo consigue forma el tema central de esta interesante novela que debemos a la pluma del autor de las aventuras de Allan Quatermain .",https://ww3.lectulandia.co/book/el-hechicero-h-rider-haggard/,Aventuras,2026-09-08T18:28:55
El León de Petra,['Talbot Mundy'],"['Aventuras', 'Novela']",,"El desierto está en pie de guerra y la única esperanza de las autoridades británicas es James Grim, un carismático oficial del servicio secreto célebre por hacer las cosas a su manera. El aventurero reúne a un equipo peculiar: un falso derviche que se hace pasar por médico, un sij, una joven beduina aficionada a los venenos, cuatro guardias de lealtad fluctuante, un espía árabe a sueldo de todos los bandos y el famoso Alí Babá con su no menos célebre banda de ladrones. El León de Petra es una novela de aventuras a la antigua usanza: emoción a raudales, personajes inolvidables, vidas al límite, enredos sin fin y entornos naturales fascinantes.",https://ww3.lectulandia.co/book/el-leon-de-petra/,Aventuras,2026-09-08T18:28:57
Las minas del rey Salomón (Ed. Ilustrada),['H. Rider Haggard'],"['Aventuras', 'Novela']",Allan Quatermain,"A fines del siglo XIX las tierra de África, en parte inexploradas, ofrecían un escenario ideal para situar aventuras exóticas. Allí colocó Henry Rider Haggard a Allan Quatermain, el cazador de elefantes, enrolado en un viaje erizado de peligros y dificultades en busca de las portentosas minas del rey Salomón. Una sucesión de peligros, ocasionados por la Naturaleza, las fieras o los nativos, que no entienden la idolatría de los blancos por las piedras, se interpondrán en su camino. Pero de todo ello surge una pregunta esencial: si la «civilización» materialista y obsesionada por el dinero no será, en el fondo, tan salvaje como esas tribus belicosas perdidas en el corazón de la Naturaleza.",https://ww3.lectulandia.co/book/las-minas-del-rey-salomon-ed-ilustrada/,Aventuras,2026-09-08T18:28:58
La canoa fantasma,['William Byron Mowery'],"['Aventuras', 'Novela']",Biblioteca Oro Azul,"La canoa fantasma de William Byron Mowery es una novela de aventuras ambientada en los bosques y ríos salvajes de Norteamérica, centrada en la lucha de personajes como Jim y su padre por sobrevivir y defender su territorio, donde la misteriosa «canoa fantasma» que aparece y desaparece, movida por una presencia espectral, se convierte en una leyenda local que aterroriza a tramperos y comerciantes, desatando una trama de peligro, engaño y enfrentamientos con tribus indígenas y enemigos codiciosos, todo mientras se busca la verdad detrás del espectro del agua y se defiende el hogar en la naturaleza indómita, con Mowery usando su conocimiento del entorno para crear una atmósfera de tensión y misterio.",https://ww3.lectulandia.co/book/la-canoa-fantasma/,Aventuras,2026-09-08T18:29:01
Mil y una aventuras,"['Ambrose Bierce', 'Arthur Conan Doyle', 'Bram Stoker', 'Daniel Defoe', 'Edgar Allan Poe', 'Gilbert Keith Chesterton', 'H. G. Wells', 'Herman Melville', 'Howard Pyle', 'Jack London', 'Joseph Conrad', 'Mark Twain', 'Robert E. Howard', 'Robert Louis Stevenson', 'Rudyard Kipling', 'Varios Autores', 'William Hope Hodgson']","['Aventuras', 'Relato']",,"Los mejores relatos de aventuras aparecidos en Valdemar (1987-2003). La narrativa de aventuras, a diferencia de la literatura fantástica y de terror, que abunda en relatos breves, ha preferido desde sus orígenes homéricos la extensión de una novela para narrar las diferentes, y a menudo insólitas o exóticas, peripecias de un héroe que, de vuelta de su viaje iniciático, ya no volverá a ser el mismo y crecerá interiormente. No obstante esta preferencia por el relato largo, determinados autores, muchos de ellos escritores anglosajones de aventuras que vivieron a caballo entre el XIX y el XX, se sirvieron también del cuento y la novela corta para contar de un modo menos prolijo o más puntual las andanzas del héroe. Mil y una aventuras reúne los mejores relatos de aventuras publicados a lo largo de dieciséis años en las diferentes colecciones de Valdemar, en particular El Club Diógenes y Avatares. La antología recoge cuentos de autores como Kipling, Stevenson, Conrad o Melville, ampliamente reconocidos dentro de la literatura general, junto a otros relatos de autores menos conocidos, o menos valorados (por su dedicación a la literatura popular), como Conan Doyle, Wells o Bierce. La recopilación incluye tres narraciones, Billy Budd (de Melville), Gaspar Ruiz (de Conrad) y El hombre que pudo reinar (de Kipling), que por su extensión podrían considerarse novelas breves, pero que, debido a su tensión argumenta!, habitualmente se leen de un tirón, como el resto de los relatos. Contiene: El rey de los piratas (Daniel Defoe / trad. Francisco Torres Oliver); El escarabajo de oro (Edgar Allan Poe / Mauro Armiño); Billy Budd (Herman Melville / J.R. Hernández Arias); Una extraña experiencia (Mark Twain / Rafael Santervás); El caso de la zanja de Coulter (Ambrose Bierce / José Luis Moreno-Ruiz); La empalizada roja (Bram Stoker / Óscar Palmer Yáñez); Historia del joven de los pasteles de crema (R. L. Stevenson / José Luis Moreno-Ruiz); El rubí de Kishmoor (Howard Pyle / José María Nebreda); Gaspar Ruiz (Joseph Conrad / Fernando Jadraque); De cómo el brigadier ganó su medalla (Arthur Conan Doyle / Amando Lázaro Ros); El hombre que pudo reinar (Rudyard Kipling / Fernando Jadraque); El discreto contrabando del capitán Bierce (G. K. Chesterton / José Luis Moreno-Ruiz); El descubrimiento del Graiken (William Hope Hogson / José María Nebreda); El silencio blanco (Jack London / ); Jimmy Goggles, el dios (H. G. Wells / Rafael Díaz Santander); El hombre oscuro (Robert E. Howard / Santiago García)",https://ww3.lectulandia.co/book/mil-y-una-aventuras/,Aventuras,2026-09-08T18:29:04
Los silencios del Atlántico,['Elías Meana'],"['Aventuras', 'Histórico', 'Novela']",Narrativa marítima,"Los silencios del Atlántico es una novela en la que se recoge la encubierta cooperación que, en connivencia con el régimen de Franco, determinados buques mercantes españoles mantuvieron con la Marina de Guerra Alemana (Kriegsmarine), a lo largo de la Segunda Guerra Mundial, suministrando combustible y otros avituallamientos a los submarinos alemanes que operaban en el Atlántico. Los hechos que se relatan, son los vividos por el capitán español Emilio Ballvona, refugiado en los Estados Unidos, que al mando del mercante estadounidense Galveston Bay , participó en «Atlantic silences», la operación secreta que los aliados desarrollaron con el fin de hacerse con una de las máquinas que la marina de Hitler utilizaba para la encriptación de sus radiocomunicaciones (las famosas «Enigma»).",https://ww3.lectulandia.co/book/los-silencios-del-atlantico/,Aventuras,2026-09-08T18:29:06
Tifón y otras historias,['Joseph Conrad'],"['Aventuras', 'Drama', 'Relato']",,"«Acababa de escribir En las últimas e intentaba dar con algún argumento que pudiera ser desarrollado con mayor brevedad, cuando me vino a la memoria el incidente de un vapor que navegaba atestado de culis de Singapur a algún puerto de la China septentrional. El capitán MacWhirr (protagonista de Tifón ) no es una adquisición de unas horas, de unas semanas, o unos meses. Es fruto de veinte años de vida. Mi propia vida. Si bien confieso que el preciso tifón del relato no es un tifón que yo haya vivido en persona. Idéntico comentario cabe extender a todas las historias de este volumen: en ellas, mi experiencia no es más que el lienzo del cuadro que aspiraba a pintar. Cada una alberga múltiples intenciones. y todas fueron escritas con escrupulosa fidelidad a la verdad de mis propias sensaciones. En todo cuanto he escrito hay siempre una intención invariable, la de cautivar la atención del lector dentro de las fronteras del mundo visible y dentro de los límites de las humanas emociones. El tema de Falk es la tentativa de su protagonista por contraer matrimonio, la cual involucra inopinadamente al narrador. Amy Foster se prepublicó en la Illustrated London News . De Mañana , a muchos les llamó la atención su adaptabilidad al teatro, y fui inducido a llevarla al escenario bajo el título Un día más ». Joseph Conrad",https://ww3.lectulandia.co/book/tifon-y-otras-historias/,Aventuras,2026-09-08T18:29:09
Aventuras del profesor Challenger (introd. Alfredo Lara),['Arthur Conan Doyle'],"['Aventuras', 'Relato']",,"Del mismo modo que para la creación del genial detective Sherlock Holmes Conan Doyle se inspiró –tanto en el aspecto como en el carácter– en su profesor de la Universidad de Edimburgo, Joseph Bell, otro profesor, el fisiólogo William Rutherford, sirvió de modelo para el no menos singular profesor Challenger –el cerebro de un genio en el cuerpo de un hombre de las cavernas–, según confesión de su autor. Este volumen reúne todas las aventuras del profesor Challenger, con una salvedad que ya viene siendo una tradición: se ha excluido de esta recopilación la novela El país de la bruma (1926) pues en ella Challenger se ha convertido en una mera excusa de Conan Doyle para hacer propaganda del espiritismo (al que el autor escocés era muy aficionado), dejando de lado su talante aventurero; pero en su lugar se ha incluido la novela El abismo de Maracot (1929), protagonizada por el profesor Maracot, colega de Challenger y procedente como él de los más reputados ambientes científicos. La razón de esta sustitución es muy simple: el profesor Maracot es más Challenger que el Challenger de El país de la bruma . Introducción de Alfredo Lara. Contiene: El mundo perdido; La zona ponzoñosa; El abismo de Maracot; Cuando la tierra lanzó alaridos; La máquina desintegradora",https://ww3.lectulandia.co/book/aventuras-del-profesor-challenger-introd-alfredo-lara/,Aventuras,2026-09-08T18:29:12
Las nuevas mil y una noches (trad. Loayza & Badiola),['Robert Louis Stevenson'],"['Aventuras', 'Relato']",,"La edición original publicada en 1882 por R. L. Stevenson de Las nuevas mil y una noches no recogía, a pesar de la posterior costumbre editorial, únicamente los dos relatos («El Club de los Suicidas» y «El diamante del rajá») que han dado celebridad al título. Además de estas dos narraciones atribuidas a un improbable «autor árabe», que recordaban a las Mil y una noches por su estructura de episodios entretejidos y por su indudable atmósfera fantástica —«en parte, la verdadera atmósfera de Londres por la noche; [y] en parte, la irreal atmósfera de Bagdad», como dijo Chesterton—, el volumen incluía otras piezas que, siendo del mejor Stevenson, quizá no sean hoy de las más conocidas. Las costas escocesas son el escenario de «El pabellón de las marismas», en la que dos antiguos amigos se reencuentran y se disputan a una misma mujer en una turbia atmósfera de deshonor. Los otros tres relatos ocurren en Francia, dos de ellos en la Edad Media, y todos giran alrededor de personajes que, en busca de un refugio ocasional, acaban viviendo experiencias imprevistas. «Un lugar donde pasar la noche» recrea un episodio sangriento en la vida del poeta y ladrón François Villon. No menos denso, pero de algún modo más cortés, es «La puerta del señor de Malétroit», donde un joven se ve abocado a una boda inesperada. Finalmente, «La Providencia y la guitarra» narra la accidentada noche de un músico ambulante y de su esposa en una localidad en la que no son precisamente bienvenidos. Esta edición restaura la recopilación original del volumen y constituye una ocasión inédita para redescubrir la obra de uno de los escritores más imaginativos de la historia de la literatura.",https://ww3.lectulandia.co/book/las-nuevas-mil-y-una-noches-trad-loayza-badiola/,Aventuras,2026-09-08T18:29:14
El barco escuela Tobermory,['Alexander McCall Smith'],"['Aventuras', 'Juvenil', 'Novela']",,"Ben y Fee son gemelos y han crecido en un submarino. Ahora con casi trece años irán a un colegio de lo más original: un barco escuela llamado Tobermory, cerca de la isla escocesa de Mull, en el que hay alumnos de todo el mundo para aprender a navegar. Nada más empezar las clases, un equipo de rodaje desembarca en Mull e invitan a Ben a ser extra en la película que van a hacer. Al principio parece algo emocionante, pero pronto él y sus amigos empezarán a notar cosas extrañas… Comienzan así una trepidante aventura en altamar que pondrá a prueba su valor.",https://ww3.lectulandia.co/book/el-barco-escuela-tobermory/,Aventuras,2026-09-08T18:29:16
Los incursores,['Mary Norton'],"['Aventuras', 'Fantástico', 'Infantil', 'Juvenil', 'Novela']",,"Arrietty es más diminuta que un terrón de azúcar. Pero es muy valiente, porque con una aguja como espada deberá salvar a toda su familia, con la que vive bajo el suelo de un viejo caserón. Ellos son LOS INCURSORES. No poseen nada y por eso deben vivir peligrosas aventuras cada vez que quieren «tomar prestada» alguna de las pertenencias de los dueños de la casa: los enormes «serumanos». Hasta que Arrietty conoce a uno de ellos, un niño muy especial. Y sus vidas cambian para siempre. Este volumen contiene el libro I, «Los incursores», y el libro II, «Los incursores en el campo», de la serie «Los incursores».",https://ww3.lectulandia.co/book/los-incursores/,Aventuras,2026-09-08T18:29:18
La tierra del Sol y la Luna,['Concha López Narváez'],"['Aventuras', 'Histórico', 'Juvenil', 'Novela']",,"Esta novela con fondo histórico fascinará a los lectores porque les informa a través de una original trama de ficción, con personajes novelescos, de hechos reales y acontecimientos importantes en la Historia de España. La relación entre cristianos y musulmanes que durante siglos convirtieron en el Al-Andalus con sus religiones y diferentes costumbres. La tierra del Sol y la Luna se desarrolla en el siglo XVI, en la hermosa Vega de Granada, cuando la paz fue imposible. Una bella historia de amor, amistad y fidelidad entre dos jóvenes, María y Hernando, que representan dos razas y dos culturas.",https://ww3.lectulandia.co/book/la-tierra-del-sol-y-la-luna/,Aventuras,2026-09-08T18:29:20
Vampiro,['Hanns Heinz Ewers'],"['Aventuras', 'Novela', 'Terror']",,"Tras la catastrófica derrota alemana en la Primera Guerra Mundial, los países de habla germana vivieron un renacimiento cultural: Freud en Viena, Kafka en Praga, y el cine de Murnau y Fritz Lang. En este caldo de cultivo surge también una generación de escritores, Gustav Meyrink, H.H. Ewers y Karl Hans Strobl, que reivindican la tradición del «romanticismo negro» de Hoffmann, Tieck o Poe. Hanns Heinz Ewers, autor de la inmortal «Mandrágora», fue un dandi y un viajero impenitente que recorrió todo el globo. Sus obras más destacadas fueron las tres novelas dedicadas a su alter ego Frank Braun, escritor, filósofo, viajero y vividor: El aprendiz de brujo, Mandrágora y Vampiro. En Vampiro (1920) Ewers lleva a cabo una recreación simbólica del mito tratando de entender la terrible masacre ocurrida en la guerra europea. Tras embarcar en un crucero que viajará alrededor del mundo, a Frank Braun le llegan noticias del estallido de la guerra en Europa al tiempo que se desata una epidemia de fiebre amarilla a bordo. Braun logra escapar indemne, desembarca en San Francisco y decide atravesar los Estados Unidos hasta llegar a Nueva York, donde se encontrará con una antigua amante, Lotte Lewi, una seductora judía alemana que adora las piedras preciosas. Las noticias de la guerra vuelan y hordas de emigrantes alemanes tratan desesperados de encontrar un pasaje de vuelta a su país. Lotte, bohemia y patriota, convence a su amante para que se comprometa con la causa germana, y este, convertido en activista, recorre el país arengando a las masas. Pero Braun ha contraído una misteriosa enfermedad: sufre una constante fatiga y frecuentes lapsus mentales que le sumergen en profundos trances seguidos de amnesia.",https://ww3.lectulandia.co/book/vampiro-hanns-heinz-ewers/,Aventuras,2026-09-08T18:29:23
Historia de valientes,['Vardis Fisher'],"['Aventuras', 'Novela']",Frontera,"La expedición de Lewis y Clark por el río Missouri supuso para los Estados Unidos una gesta equiparable al primer viaje de Cristóbal Colón al continente americano. En enero de 1803 el presidente de los Estados Unidos, Thomas Jefferson, solicita al Congreso fondos para enviar una expedición que, partiendo de San Luis, remonte el río Missouri y atraviese el norte del continente americano hasta alcanzar las costas del Pacífico. No se tenía una idea exacta de cuántos kilómetros habría de recorrer la expedición, ya que tendría que cruzar territorios donde el hombre blanco apenas había pisado. Historia de valientes narra la azarosa expedición de Lewis y Clark, oficiales del ejército, que partió a la aventura en 1804 y acabaría completando un itinerario de casi trece mil kilómetros, persistiendo en su avance a través de todo tipo de penalidades e invirtiendo más de dos años en el accidentado y tortuoso recorrido, una gesta equiparable, desde el punto de vista de la historia estadounidense, al primer viaje de Cristóbal Colón al continente americano, y con el mismo propósito de conquista y reivindicación territorial. En primer lugar, se trataba de explorar una enorme región, La Luisiana, que los Estados Unidos acababa de adquirir a Francia, pero también incorporar territorios para que la nueva república se extendiera desde el Atlántico hasta el Pacífico. La novela sigue los minuciosos diarios de viaje del capitán Lewis y nos presenta personajes inolvidables como Sacajawea, una muchacha shoshone que, al igual que Pocahontas y Malinche, presta su ayuda y sirve de guía a los exploradores. Historia de valientes puede considerarse tanto un western como una novela histórica, un relato de aventuras e incluso una crónica de viajes.",https://ww3.lectulandia.co/book/historia-de-valientes/,Aventuras,2026-09-08T18:29:25
El busto con ojos de esmeralda,['Gustave le Rouge'],"['Aventuras', 'Fantástico', 'Intriga', 'Novela']",El misterioso doctor Cornelius,"Las aventuras del «misterioso doctor Cornelius» son sin duda una de las obras maestras de la novela negra popular de la Belle Époque. Le Rouge mezcla intriga y visión científica en un universo novelístico de gran originalidad. De Nueva York a Bretaña, del Gran Oeste americano a la Isla de los Ahorcados, la pluma de Le Rouge lleva al lector a lugares asombrosos, misteriosos y enigmáticos, donde chocan dos concepciones antagónicas del mundo: Una, encarnada por el científico francés Prosper Bondonnat, cuyas investigaciones se centran únicamente en añadir una piedra al «radiante edificio de la modernidad»; la otra, por el malvado doctor Cornelius Kramm, cirujano plástico estadounidense, «escultor de la carne humana» e inventor de la «carnoplastia», cuya obsesión es esencialmente el poder y el dinero.",https://ww3.lectulandia.co/book/el-busto-con-ojos-de-esmeralda/,Aventuras,2026-09-08T18:29:27
Benito Cereno y otros cuentos del mar,['Herman Melville'],"['Aventuras', 'Relato']",,"Como ocurre con demasiada frecuencia, el escritor norteamericano Herman Melville (1819-1891) no alcanzó la fama en vida: su novela más popular, Moby Dick , publicada cuando el escritor contaba poco más de treinta años, pasó casi inadvertida. La mayor parte de sus libros tiene el mar como escenario, pero el genio de Melville trasciende el simple relato marítimo, al utilizar el mundo del mar para ahondar en el enigma de la existencia; no obstante, la acción fluye ágil, el relato capta al lector con fuerza irresistible, la trama no pierde un ápice de realismo ni de credibilidad. Los relatos seleccionados ofrecen un amplio espectro de los temas que obsesionaron a Melville: Benito Cereno es una inmersión en la insondable esencia del Mal, y la escenificación del hundimiento de un mundo –la esclavitud– y el resurgimiento de otro nuevo. En Billy Budd gravita una atmósfera sombría, fruto del dominio del Mal que triunfa en la Tierra sobre la inocencia, y el relato adquiere un carácter trágico que le da casi el aura de un auto sacramental. Daniel Orme , John Marr y Los «’Gees» pertenecen a sus sketches marítimos, ejercicios de estilo donde se gestan los grandes temas de sus obras más ambiciosas.",https://ww3.lectulandia.co/book/benito-cereno-y-otros-cuentos-del-mar/,Aventuras,2026-09-08T18:29:30
El ultimátum de la Tierra,['Jorge Zaragoza Gómez'],"['Aventuras', 'Fantástico', 'Intriga', 'Juvenil', 'Novela']",,"Tras tantos años de abusos medioambientales llevados a cabo por la mano del hombre, el cambio climático ha alcanzado el punto de no retorno. Gaia, nuestra madre Tierra, debe tomar una drástica decisión. Juan, un joven adolescente cansado de peregrinar de ciudad en ciudad, acaba de instalarse en Alicante. Todavía no es consciente cómo el misterioso libro que le va regalar su abuela va a cambiar su vida por completo, convirtiéndose en pieza clave para la resolución de un misterio que amenaza a la humanidad. Conocerá a Yodan, una chica muy especial, y junto al poder del Dragón, se verá envuelto en una espiral de dificultades y peligrosas aventuras en las que coincidirá con un capitán del ejército español y una banda mafiosa ubicada en la Costa Blanca. Tres historias muy diferentes que se irán entremezclando hasta configurar un sorprendente desenlace .",https://ww3.lectulandia.co/book/el-ultimatum-de-la-tierra/,Aventuras,2026-09-08T18:29:32
A bordo del Taimyr,['Emilio Salgari'],"['Aventuras', 'Novela']",,"Relata la aventura que corren dos valientes cazadores de nutrias en las tierras que bañan las aguas árticas, cuando por, extraño azar se ven a bordo de un submarino, «El Taymir», dotado de todas las perfecciones y adelantos científicos. Huéspedes obligados de esta nave, los dos cazadores van de sorpresa en sorpresa al conocer los bajos fondos de aquellos mares en los que realizan la pesca del arenque, del naral, de la ballena, vueltos a la superficie luchan con las focas, los osos y otros animales que dan lugar a episodios de emocionante interés, aunque éste culmina al hallarse a enormes profundidades, con los restos de la expedición de Franklin que fue para Inglaterra una pérdida incalculable, dada la valía del genial hombre de ciencias. La novela no pierde interés en momento alguno. Esta es una de las obras que le han valido a Salgari un destacado éxito.",https://ww3.lectulandia.co/book/a-bordo-del-taimyr/,Aventuras,2026-09-08T18:29:34
La carrera del Té,['Víctor San Juan'],"['Aventuras', 'Novela']",Narrativa marítima,"En pleno apogeo de la Carrera del Té y las regatas transoceánicas de clíperes que iban a buscarlo al corazón de la China, el crucero de Su Majestad Cordelia recibe órdenes secretas para interceptar, y en su caso destruir, los veleros de la regata de ese año, pues se tiene la seguridad de que al menos uno de ellos transporta a la metrópoli mercancía envenenada, aunque no se sabe cual. Esta regata del Té, por tanto, será una regata diferente, con la muerte literalmente en los talones y a lo largo de ella, y de sus 15.000 millas de recorrido, los capitanes, oficiales, marineros y pasajeros de estos barcos increíbles tendrán que hacer lo imposible por escapar de un cruel destino.",https://ww3.lectulandia.co/book/la-carrera-del-te/,Aventuras,2026-09-08T18:29:36
De los Andes al cielo,['Coronel Ignotus'],"['Aventuras', 'Ciencia ficción', 'Novela']",,"En el amanecer del siglo XXII, la ciencia y la ambición humanas se enfrentan a su mayor desafío: conquistar el espacio. De los Andes al cielo inaugura la Biblioteca novelesco-científica y abre, al mismo tiempo, la trilogía visionaria concebida por el Coronel Ignotus. En sus páginas, la imaginación técnica y el espíritu de aventura se funden en un relato pionero de la ciencia ficción en lengua española, que invita al lector a acompañar a sus protagonistas en el sueño —y el vértigo— de abrir rutas hacia otros mundos.",https://ww3.lectulandia.co/book/de-los-andes-al-cielo/,Aventuras,2026-09-08T18:29:38
El Saracen,['Douglas Reeman'],"['Aventuras', 'Novela']",,"Malta 1941. Para la mayoría de la gente, el HMS Saracen es solo un barco feo y obsoleto con un pasado reciente igualmente desagradable: su ultimo comandante se enfrenta a un consejo de guerra tras bombardear las tropas a las que le habían enviado a proteger. Pero al capitán Richard Chesnaye le trae recuerdos, recuerdos de la Primera Guerra Mundial, cuando él y el viejo buque monitor hicieron la campaña de Gallipoli juntos. Al parecer, comandante y barco están ambos lejos de su mejor momento. Pero cuando la guerra entra en una nueva fase, Chesnaye presiente la posibilidad de un nuevo e importante papel para él y el Saracen.",https://ww3.lectulandia.co/book/el-saracen/,Aventuras,2026-09-08T18:29:39
El Resurreccionista,['Lucas Barrera'],"['Aventuras', 'Histórico', 'Intriga', 'Novela', 'Terror']",,"Hubo un tiempo en que una persona valía más muerta que viva. Londres, 1831. Cada noche, Vane Blackwood y sus compañeros salen en busca de cadáveres recientes que robar para vender a los anatomistas por cuantiosas sumas de dinero. Los llaman resurreccionistas, la mayor escoria de todo Londres, peores en reputación que un asesino. Llevan a cabo uno de los trabajos más infames y desagradables que se hayan ejercido jamás, uno que no permite escrúpulos y les hace ser temidos, pero, sobre todo, odiados. Es algo asumido, va en el sueldo, pero están a punto de descubrir que siempre hay alguien peor que tú. Veinte años antes, León Ravenscroft, hijo de un humilde estibador, entra en la Marina Real británica por pura casualidad. En ese momento, no tiene ni idea de que su vida dará un giro radical hacia una sucesión de eventos extraordinarios en los que una funesta oscuridad parece empeñada en acompañarle. En El Resurreccionista, los ladrones de tumbas no son más que la punta de lanza de un complejo mercado negro que empieza en lo más bajo de los muelles del Támesis, pasa por la adinerada burguesía y termina en las casas de los más distinguidos nobles. Supervivencia, aventura, venganza, amor, historia, leyendas... Todos estos ingredientes se dan cita en esta historia épica que va desde la Inglaterra previctoriana hasta el Nuevo Mundo y el África ignota, una epopeya que nos cuenta la historia real que dio lugar a la Ley de Anatomía de 1832 en el Reino Unido.",https://ww3.lectulandia.co/book/el-resurreccionista/,Aventuras,2026-09-08T18:29:42
Capitanes intrépidos (Ed. Clásicos a medida),['Rudyard Kipling'],"['Aventuras', 'Juvenil', 'Novela']",Clásicos a medida,"Harvey es un niño malcriado, impertinente y maleducado, hijo de un multimillonario. Un día, todo cambia cuando, durante un lujoso viaje en barco, cae al mar y es recogido por unos pescadores. Su nueva vida en un barco pesquero le obligará a aprender un oficio para poder comer, y le enseñará a convivir con otras gentes que le muestran valores que él nunca había apreciado.",https://ww3.lectulandia.co/book/capitanes-intrepidos-ed-clasicos-a-medida/,Aventuras,2026-09-08T18:29:44
Diario del enano,['Eduardo Liendo'],"['Aventuras', 'Fantástico', 'Novela', 'Otros']",,"Un hombre que es muchos hombres confluye desde diversos puntos del espacio y el tiempo en una figura poderosa: José Niebla, personaje que salta de un intemporal teatro ambulante a la realidad de un absolutismo cruel y total, cuya crónica será llevada por un enano. Diario del enano, última novela de Eduardo Liendo, registra un itinerario fantástico que se inicia en la carpa de un circo y que nos llevará a un burdel de Venecia visitado por Casanova, a la España de Goya, el París de los inicios del billar o a un fortín en La Guaira donde Miranda encarcelado espera su retorno a España y a la muerte. Liendo desarrolla la aventura de este ser fantástico y atroz a través de una prosa clara, no exenta de lirismo y humor.",https://ww3.lectulandia.co/book/diario-del-enano/,Aventuras,2026-09-08T18:29:46
"Damas y vaqueros, serie completa",['Verónica Mengual'],"['Aventuras', 'Histórico', 'Novela', 'Romántico']",Destino (V. Mengual),"Este libro contiene la serie completa de Destino (V. Mengual). Los tres libros son: — Un esposo inconveniente — Un amor inconveniente — Un matrimonio inconveniente. Sarah Lee Foster, es una muchacha que hereda el rancho Sarah Love en Texas, y lo administra con la ayuda de Travis Hutson y Jeremy Andrews, sus dos más grandes amigos. El primer libro es la historia de la propia Sarah. El segundo libro es la historia de su capataz, Travis Hutson, un mestizo cuyo nombre indio es Águila Negra. Y el tercer libro es la historia de Jeremy Andrews, el vaquero que todo se lo toma a broma.",https://ww3.lectulandia.co/book/damas-y-vaqueros-serie-completa/,Aventuras,2026-09-08T18:29:48
Los peces de la corona,['Juan Carlos Arbex'],"['Aventuras', 'Histórico', 'Intriga', 'Novela']",Narrativa marítima,"En la Europa de finales del siglo XVIII, la Ilustración y la revolución que se incuba en Francia están a punto de alumbrar una nueva forma de ver y gobernar el mundo. A caballo entre los reinados de Carlos III y de Carlos IV, las Españas asisten asombradas al huracán que sacude la Francia, mientras que el conde de Floridablanca continua guiando al reino e impulsando un nuevo modelo de política pesquera que aporte marinos experimentados a las cubiertas de los navíos de la Real Armada. Basada en los documentos conservados en el Archivo Histórico Nacional, la novela Los peces de la Corona nos adentra en los años que discurren entre 1787 y 1789. El alto funcionario Antonio Sáñez Reguart, el artista Miguel Crós y Ana María, junto al resto de los personajes que protagonizaron la novela El dibujante de peces , se verán envueltos en una nueva aventura que, en esta ocasión, les llevará al otro lado de la Mar Océano, hasta tierra de Indias.",https://ww3.lectulandia.co/book/los-peces-de-la-corona/,Aventuras,2026-09-08T18:29:50
Crímenes reales,['Samantha Kolesnik'],"['Aventuras', 'Fantástico', 'Novela']",,"Suzy ha vivido toda su infancia bajo la amenaza y la violencia de su madre. Tanto abuso ha dejado en ella una huella difícil de erradicar, y un día, cansada de la humillación y de someterse a los designios de los demás, actúa. A partir de este momento, Suzy y su hermano Lim se embarcan un frenesí violento y mortal que llevará a la joven en un viaje de autodescubrimiento de su más oscuro interior.",https://ww3.lectulandia.co/book/crimenes-reales/,Aventuras,2026-09-08T18:29:52
Alicia en el País de las Maravillas. Al otro lado del espejo,['Lewis Carroll'],"['Aventuras', 'Fantástico', 'Infantil', 'Juvenil', 'Novela']",,"Diálogos insólitos, situaciones extrañas y un aire de magia absolutamente real impregnan las aventuras de Alicia. Si Alicia en el País de las Maravillas nació por causalidad de los relatos fantásticos que Lewis Carroll improvisaba para tres niñas, Al otro lado del espejo narra el viaje a un país hecho a modo de tablero de ajedrez, al que llega Alicia después de cruzar el espejo. Para adaptar el mundo a la mente infantil de las tres hermanitas Liddell —Alicia, Lorina y Edith—, Carroll prescinde de prejuicios y utiliza un humor cruel y lleno de ingenio con el que burlarse de los convencionalismos y tradiciones de la sociedad inglesa, y a la postre de cualquier sociedad... Los elementos con que juega la narración no se apartan de lo que Alicia puede ver en su vida cotidiana o en sus libros, pero la imaginación eleva a emblema irracional la lógica, convirtiendo las aventuras de Alicia en uno de los primeros ejemplos de libertad absoluta de la mente, que encadena su lógica a partir de unos presupuestos que no la tienen. Así, mostrando el envés de los valores aceptados, Carroll se adentra por un territorio de sueños donde no hay más fantasmas que la verdad desnuda de sus apariencias y de sus mentiras.",https://ww3.lectulandia.co/book/alicia-en-el-pais-de-las-maravillas-al-otro-lado-del-espejo/,Aventuras,2026-09-08T18:29:55
Cuentos completos,['H. G. Wells'],"['Aventuras', 'Ciencia ficción', 'Fantástico', 'Relato']",,"Pionero de la moderna ciencia ficción, H. G. Wells (1866 – 1946), a diferencia de Verne y otros autores del género, no se entretiene en ofrecer al lector complejas descripciones científicas o técnicas, sino que se limita a plantearnos una situación imposible: una invasión alienígena, una fórmula para lograr la invisibilidad, o una máquina que nos permite viajar en el tiempo, pero la presenta en un contexto cotidiano; en el salón de casa, en un bar o en el parque del barrio. Una vez que el lector acepta lo imposible, Wells lo arrastra a las más increíbles aventuras con un lenguaje llano y directo, como si allí no estuviera pasando nada fuera de lo normal. A él se deben varias obras maestras que están en el origen del género de la ciencia ficción: La máquina del tiempo (1895), El hombre invisible (1897), La guerra de los mundos (1898) o Los primeros hombres en la luna (1901). Pero H. G. Wells estaba dotado también de un excepcional talento para la creación de historias cortas. Este volumen reúne los ochenta relatos que publicó, e incluye la novela corta La máquina del tiempo y el relato guionizado para el cine «El nuevo Fausto». El lector encontrará las historias agrupadas en sus colecciones originales, y una sección final con los relatos aparecidos en revistas y nunca incluidos por Wells en un libro.",https://ww3.lectulandia.co/book/cuentos-completos-h-g-wells/,Aventuras,2026-09-08T18:29:58
"Historia de Apolonio, rey de Tiro",['Anónimo'],"['Aventuras', 'Relato']",,"En la Historia de Apolonio rey de Tiro , un relato anónimo del siglo V o principios del siglo VI redactado en latín, se narran las separaciones, peripecias y sufrimientos que han de afrontar Apolonio y su familia hasta el reencuentro que finalmente los reúne. La historia, con una curiosa mezcla de elementos paganos y cristianos, a medio camino entre la novela y el cuento popular con un oscuro origen sobre el que siguen debatiendo los filólogos, gozó de una difusión y popularidad en la Edad Media y el Renacimiento que muy pocas obras latinas conocieron: la figura de su protagonista, Apolonio, interesó y atrajo al público europeo durante casi diez siglos y alimentó decenas de versiones que se hicieron del relato, tanto en latín como en numerosas lenguas vernáculas europeas.",https://ww3.lectulandia.co/book/historia-de-apolonio-rey-de-tiro/,Aventuras,2026-09-08T18:30:01
El dibujante de peces,['Juan Carlos Arbex'],"['Aventuras', 'Histórico', 'Intriga', 'Novela']",Narrativa marítima,"En los últimos años del reinado de Carlos III, un alto funcionario de la Renta de Correos es comisionado directamente por el Conde de Floridablanca para indagar, con la mayor discreción, sobre la decadencia de la pesca en España. Destinado en Santander, el Comisionado inicia sus investigaciones en 1780 y contrata a un acuarelista para dibujar la colección de animales marinos que viven en las aguas del Reino. Juntos, emprenderán un viaje de más de tres años de duración por las costas españolas, permanentemente acosados por agentes al servicio de intereses británicos y prusianos. La trama novelada de « El Dibujante de Peces » se basa en los hechos reales acaecidos entre 1783 y 1787, protagonizados por el Comisario Real de Marina Antonio Sáñez Reguart y el pintor Miguel Crós.",https://ww3.lectulandia.co/book/el-dibujante-de-peces/,Aventuras,2026-09-08T18:30:03
Una herencia salvaje,['Megan Maxwell'],"['Aventuras', 'Erótico', 'Novela', 'Romántico']",Las guerreras Maxwell,"Adéntrate en la décima entrega de «Las guerreras Maxwell» y descubrirás que el amor es capaz de desafiar el destino y unir dos corazones en un solo latido . Amanda McRae, la hija pequeña de Duncan y Megan, es una joven apasionada y de fuerte carácter, conocida por su franqueza y su amor por los niños. Desde siempre ha soñado con unos misteriosos ojos grises que cree que pertenecen al hombre de su vida, por lo que descarta a cualquier pretendiente que no posea esa mirada enigmática. Brodrick Fraser, conde de Aviemore, acaba de quedar viudo tras un matrimonio sin amor que terminó en tragedia y con dos pequeños a su cargo. El destino los reúne cuando Amanda y sus padres visitan el castillo del conde para presentarle sus condolencias. Durante su estancia, la conexión que sintieron meses atrás en el castillo de Eilean Donan resurge con una fuerza inesperada. Lo que comienza como una mera obligación se convertirá en una apasionada y emotiva historia de amor. Amanda y Brodrick descubrirán que, a veces, el amor surge de las situaciones más inesperadas y complicadas; que vale la pena luchar por lo que realmente importa, y que los sueños se cumplen no solo soñándolos, sino también trabajando por ellos.",https://ww3.lectulandia.co/book/una-herencia-salvaje/,Aventuras,2026-09-08T18:30:06
Moby-Dick,['Herman Melville'],"['Aventuras', 'Novela']",,"«Llamadme Ismael.» Muy pocos personajes literarios hay hoy tan conocidos como la ballena blanca, o Ismael o el capitán Ajab, y probablemente no haya un inicio de novela tan famoso como el de Moby-Dick . Concebida por Herman Melville como respuesta norteamericana a la gran literatura europea de finales del siglo XVIII y principios del XIX, Moby-Dick recoge la tradición romántica y gótica dando forma a un épico poema que ha llegado a ocupar en Estados Unidos el puesto de gran novela nacional y a ser considerada como la gran epopeya en prosa del mundo occidental contemporáneo.",https://ww3.lectulandia.co/book/moby-dick-herman-melville/,Aventuras,2026-09-08T18:30:08
Veinte mil leguas de viaje submarino,['Julio Verne'],"['Aventuras', 'Novela']",Viajes Extraordinarios,"Obra narrada en primera persona por el profesor francés Pierre Aronnax, notable biólogo que es hecho prisionero por el Capitán Nemo y es conducido por los océanos a bordo del submarino Nautilus , en compañía de su criado Conseil y el arponero canadiense Ned Land. La historia comienza con una expedición a bordo de un buque de la marina de guerra estadounidense que busca dar caza a un extraño cetáceo que había ocasionado la desaparición misteriosa de diversas embarcaciones. Durante la expedición, los protagonistas se ven lanzados por la borda del buque como resultado de una embestida del animal, son rescatados y logran llegar a nado a un lugar seguro. Una vez a salvo, descubren que no se encuentran realmente en una isla, sino sobre una estructura metálica: un submarino. En el interior del misterioso artefacto conocen al Capitán Nemo, personaje desgraciado y brillante, con un oscuro pasado y de grandes aptitudes científicas y artísticas. Éste les muestra toda la nave, el Nautilus , y les da notables explicaciones sobre su ingeniería. El capitán les informa de que, al haber conocido su existencia, no puede dejarlos volver a la superficie. A lo largo del viaje, les son revelados muchos secretos, y recorren diversos lugares, entre los que se menciona la mítica Atlántida, las islas de la Polinesia, el Mar Rojo, las costas del Lejano Oriente, el Mediterráneo, etc. A través de su personaje Aronnax, Jules Verne señala varios posibles inventos: escafandras autónomas de buceo, fusiles de balas eléctricas, máquinas para producir aire respirable, etc.",https://ww3.lectulandia.co/book/veinte-mil-leguas-de-viaje-submarino/,Aventuras,2026-09-08T18:30:10
El romántico,['William Boyd'],"['Aventuras', 'Novela']",,"Nacido en 1799, Cashel Greville Ross tiene la oportunidad de vivir muchas vidas. Son años alegres, pero devastadores, años de suerte y también de pérdidas inesperadas. Trasladándose del condado de Cork a Londres y de Waterloo a Zanzíbar, Cashel desafía el destino en todos los continentes, vivirá extravagantes aventuras en frenética búsqueda de su verdadero yo, se enfrentará a una terrible elección moral en un pueblo de Sri Lanka como parte del ejército de las Indias Orientales, viajará a Pisa, donde entrará en el mundo de los poetas románticos y en Rávena, la ciudad de Romeo y Julieta, conocerá al amor de su vida. Soldado, amante, padre, amigo de célebres poetas como el propio Lord Byron, criminal, agricultor, explorador y escritor metódico, Cashel siempre se encontrará en el lugar y en el momento en que el siglo acelera inevitablemente su curso sin dejar nunca de interrogarse sobre el sentido de su errancia. De la pluma de uno de los escritores británicos más queridos de nuestros tiempos, una novela centelleante sobre las extraordinarias aventuras de un hombre corriente y, al mismo tiempo, el vívido retrato de una época convulsa y fascinante.",https://ww3.lectulandia.co/book/el-romantico/,Aventuras,2026-09-08T18:30:13
La hermandad de la buena suerte,['Fernando Savater'],"['Aventuras', 'Novela']",,"Un caballo invencible que ya ha sido vencido, un jockey que desaparece misteriosamente cuando busca el secreto de la buena suerte, dos magnates sin escrúpulos que pretenden zanjar sus rivalidades en la pista del hipódromo… Ya se acerca la fecha de la Gran Copa, la carrera internacional que desata pasiones. Cuatro aventureros deben encontrar al desaparecido a tiempo para que pueda montar en la prueba crucial: mientras, cada uno de ellos lucha contra los fantasmas de su pasado. Su búsqueda los hará enfrentarse con enigmas y peligros, hasta el desenlace en una isla del Mediterráneo donde se encontrarán con la traición... y con el acecho de los leones. Una novela de aventuras, aliñada con gotas de metafísica y ambientada en el fascinante mundo de las carreras de caballos.",https://ww3.lectulandia.co/book/la-hermandad-de-la-buena-suerte/,Aventuras,2026-09-08T18:30:14
En la oscuridad de la noche,['Alissa Brontë'],"['Aventuras', 'Novela', 'Romántico']",Bandoleros,"Una historia que te arrastrará entre suaves acordes de guitarra al mundo de los bandoleros, donde la lealtad es necesaria para permanecer a salvo y las grandes historias de amor suceden en la oscuridad de la noche. El valor y la lealtad se mezclan con el amor, que llega en la oscuridad de la noche. Alejandro, cansado de ver como su capitán en la Guardia Civil abusa de su posición, se une a la banda del famoso bandolero conocido como el «Caballero» con la esperanza de desenmascarar a su superior. El asentamiento de los temibles forajidos será también el destino de Carmen, quien, ocultando su verdadera identidad, se topa con ellos en su huida del matrimonio de conveniencia que le han preparado sus padres. Allí encuentra la libertad que tanto ansía y coincide con Lola, una joven marcada que ha escapado de su destino y cuyo corazón busca la paz. Tres historias de valentía y lealtad que confluyen en el campamento de los bandoleros que tienen en jaque a todas las fuerzas del orden de la comarca.",https://ww3.lectulandia.co/book/en-la-oscuridad-de-la-noche/,Aventuras,2026-09-08T18:30:17
Los vagabundos de las profundidades,['Guillermo Rancés'],"['Aventuras', 'Intriga', 'Novela']",Narrativa marítima,"En esta entretenida novela, el autor nos muestra como la libertad solamente está en el pensamiento. Lo que aquí se relata, tiene mucho que ver con ella pero en divertidas fantasías, verdades e imaginaciones. Con esta obra, pretende abrir «puertas de escape» a nuestra monótona realidad diaria, para eso cree conveniente el matizar un poco: Lo que se relata en esta historia es imaginado… pero no del todo. Lo que sucede a lo largo de ella es fantasía… pero hasta cierto punto. Los personajes son ficticios… salvo los que son reales. Como los lugares, que también son reales… menos los que no lo son. Lo que cree verdaderamente importante es que, lo que cuenta sea divertido y creíble, capaz de hacer vivir al lector una aventura enraizada en verdades históricas o… literarias y que haya en ella aventura, mitos, creencias ancestrales, barcos legendarios, hechos científicamente correctos y todo para llegar hasta un fabuloso escenario: las misteriosas Profundidades Oceánicas en donde nuestros protagonistas van a encontrar la libertad que anhelaban sus corazones.",https://ww3.lectulandia.co/book/los-vagabundos-de-las-profundidades/,Aventuras,2026-09-08T18:30:18
Regreso a Del,['Emily Rodda'],"['Aventuras', 'Fantástico', 'Juvenil', 'Novela']",Deltora,"¿Quién es el heredero de Deltora? Después de haber pasado mil aventuras y de haberse enfrentado a los siete monstruos más temidos del reino, Lief, Barda y Jasmine han recuperado las siete gemas del Cinturón, pero no tienen ninguna pista de dónde puede encontrarse el heredero. Según las indicaciones del padre de Lief, se escondía en Tora; sin embargo, como sus habitantes se negaron a ayudarlo, ahora no saben dónde está. A Lief, Barda y Jasmine les queda superar una última prueba: la que les enfrentará al Señor de la Sombra; solo así descubrirán quién es el legítimo rey y la paz volverá al reino de Deltora.",https://ww3.lectulandia.co/book/regreso-a-del/,Aventuras,2026-09-08T18:30:20
El libro de las tierras vírgenes (Ilustrado),['Rudyard Kipling'],"['Aventuras', 'Novela']",Club Joven,"Al leer esta fabulosa recreación del universo humano en el espejo del mundo animal, advertimos que sus personajes tienen en realidad vida propia y mucha autonomía respecto de las sociedades que conocemos. El habitante de la selva humanizado por Kipling encuentra en estos relatos un lenguaje particularmente poético, lleno del extraño encanto que sólo la sensibilidad de este gran escritor inglés sabe otorgarle. Una acertada combinación de sencillez y exotismo, de hechos en apariencia triviales mezclados con maravillosas aventuras, unida a un estilo dotado de esa perspectiva cercana a la del niño, son las principales claves de esta impetuosa creación.",https://ww3.lectulandia.co/book/el-libro-de-las-tierras-virgenes-ilustrado/,Aventuras,2026-09-08T18:30:23
Atolón,['Carlos Thomas'],"['Aventuras', 'Histórico', 'Novela']",Narrativa marítima,"En esta obra se entrecruzan dos historias de marinos españoles, que en épocas distintas visitan un minúsculo atolón de las islas Kiribati, lugar que fue escenario de sangrientos combates durante la Segunda Guerra Mundial. Una de ellas es la del capitán Uribe, único superviviente de un barco mercante español hundido por un submarino japonés. Tendrá que subsistir como un náufrago hasta que por azar se verá inmerso en la vorágine bélica de la contienda, viéndose obligado a luchar tanto para defender su propia vida como para vengar la muerte de sus compañeros. La segunda historia es la de un joven capitán español, que se decide a disfrutar de unas cortas vacaciones. La casualidad le llevará al mismo atolón al que llegó, años atrás el capitán Uribe. El azar le vinculará con los descendientes del capitán y despertará en él, el interés en conocer todos los detalles de su vida, y las razones por las que los habitantes de Kiribati erigieron un mausoleo en su honor, en el que reposan sus restos, siendo aún muy venerados por la actual población.",https://ww3.lectulandia.co/book/atolon/,Aventuras,2026-09-08T18:30:26
La travesía,['Maja Lunde'],"['Aventuras', 'Drama', 'Juvenil', 'Novela']",,"Noruega, otoño de 1942. Cuatro niños se dirigen a Suecia. Para dos de ellos, cruzar la frontera es una cuestión de vida o muerte: Sarah y Daniel son judíos y pronto los deportarán. Durante mucho tiempo, han logrado huir de los nazis escondiéndose en un sótano. Sin embargo, cuando arrestan a sus salvadores, no les queda otra que marcharse. Entre ellos y la libertad se extienden kilómetros de bosques nevados e innumerables peligros. Por suerte, de camino se encontrarán a algunas personas dispuestas a ayudarlos… Aunque ¿en quién pueden confiar realmente?",https://ww3.lectulandia.co/book/la-travesia-maja-lunde/,Aventuras,2026-09-08T18:30:28
La heredera vikinga,['Joan Clark'],"['Aventuras', 'Histórico', 'Novela']",,"Una heroína de leyenda en los confines del mundo . Año 1015. Dos barcos vikingos salen en búsqueda de la mítica Vinlandia, en la tierra que años después será conocida como Norteamérica. Al mando de la expedición está una enigmática y temeraria mujer: Freydis, la hija ilegítima del legendario Erik, el Rojo .",https://ww3.lectulandia.co/book/la-heredera-vikinga/,Aventuras,2026-09-08T18:30:31
Las pioneras,['Larry McMurtry'],"['Aventuras', 'Novela']",,"Con un estilo brillante y un profundo conocimiento de la historia del Oeste americano, del que ya ha dado cumplida muestra en numerosas obras, Larry McMurtry hace desfilar por escenarios míticos como Little Bighorn, Colinas Negras, Dodge City o Río Grande a una galería de personajes de los que ya teníamos noticia por las crónicas, pero cuyo aspecto humano solo se nos desvela ahora, con la lectura de Las pioneras . A través de las entrañables discusiones de los montañeses Jim Ragg y Bartle Bone sabremos que en las inhóspitas cumbres de Montana apenas quedan ya castores que cazar. Los pensamientos de Desorejado, uno de los últimos supervivientes de su tribu, nos ayudan a reflexionar sobre el papel que desempeñaron gentes como los generales Custer o Sheridan. Las cartas que escribe Calamity Jane a su hija en la soledad de las montañas están llenas de recuerdos con los que podemos recorrer la vida de aquella mujer pionera en una tierra que fue cambiando paulatinamente. El hilarante episodio de la aventura europea que emprende Buffalo Bill, ya convertido en titiritero, reúne, primero en un barco ante el que surge una ballena y después en una actuación ante la reina de Inglaterra, a los dos montañeses, a Desorejado, a un Toro Sentado completamente alcoholizado, a Calamity Jane, al propio Bill Cody y a otros inolvidables personajes. De alguna manera ese viaje y la forma que McMurtry tiene de plasmarlo, simboliza el fin de un sueño: el sueño del Salvaje Oeste.",https://ww3.lectulandia.co/book/las-pioneras/,Aventuras,2026-09-08T18:30:33
Sherlock Holmes anotado III,['Arthur Conan Doyle'],"['Aventuras', 'Intriga', 'Policíaco', 'Relato']",Sherlock Holmes anotado,"El lector tiene en sus manos el punto culminante de la publicación sobre Sherlock Holmes más importante de las últimas cuatro décadas, editada por una de las máximas autoridades sherlockianas del mundo, Leslie S. Klinger; una obra que atraerá a todos los lectores y aficionados a los grandes libros. Sus páginas contienen los cuatro «relatos largos» de Sherlock Holmes publicados entre 1887 y 1915, «Estudio en escarlata», «El signo de los cuatro», «El sabueso de los Baskerville» y «El valle del miedo». Quienes no conozcan al famoso detective apreciarán la clara presentación que hace Klinger de cada una de las novelas en el orden original en que fueron publicadas, mientras que los sherlockianos experimentados quedarán cautivados por las casi 1.000 notas cuidadosamente investigadas que ofrecen amplia y precisa información histórica sobre la Inglaterra victoriana y eduardiana, además de detalladas explicaciones sobre las teorías sherlockianas más importantes. Además, Klinger ha recopilado alrededor de 400 ilustraciones contemporáneas y fotografías de época que incluyen el trabajo de los primeros ilustradores norteamericanos, el del inmerecidamente olvidado artista alemán Richard Gutschmidt y todos los legendarios dibujos de Sidney Paget para «Strand Magazine». Este volumen final de Sherlock Holmes anotado incluye una extensa bibliografía y una tabla cronológica que presenta sencillas referencias a las fechas más destacadas de las vidas de Holmes, Watson y Conan Doyle.",https://ww3.lectulandia.co/book/sherlock-holmes-anotado-iii/,Aventuras,2026-09-08T18:30:36
El valle de los perdidos,['Emily Rodda'],"['Aventuras', 'Fantástico', 'Juvenil', 'Novela']",Deltora,"El tiempo se agota: Lief, Barda y Jasmine deben recuperar las siete gemas del Cinturón de Deltora para dar fin a la tiranía del malvado Señor de la Sombra. Solo les queda el diamante, símbolo de pureza y fortaleza, el más grande y poderoso de cuantos se hayan visto jamás. Saben que se encuentra en el Valle de los Perdidos, un lugar envuelto en niebla y custodiado por el temible Guardián. Nada ni nadie ha salido vivo de allí…",https://ww3.lectulandia.co/book/el-valle-de-los-perdidos/,Aventuras,2026-09-08T18:30:37
Cuentos populares ingleses,['Flora Annie Steel'],"['Aventuras', 'Fantástico', 'Infantil', 'Juvenil', 'Relato']",,"El presente volumen reúne cuarenta cuentos fantásticos pertenecientes al acervo popular, entre los que encontramos desde relatos tradicionales que dieron lugar a mitos universales como Caperucita Roja, los tres cerditos, Pulgarcito o Cenicienta, cuya versión inglesa sorprenderá al lector hispanohablante por su espíritu y forma diferentes, hasta cuentos más británicos como «San Jorge de la feliz Inglaterra» o «Jack y la mata de alubias», e incluye una auténtica colección de historias de gigantes, tan divertida como inquietante. Flora Annie Steel introduce pequeños detalles de su cosecha para dar color a los cuentos, pero siempre respetando la trama y conclusiones originales. Sin hacer concesiones a la sensiblería habitual de los cuentos infantiles, Steel narra, a veces con cierta crudeza, historias de traiciones, venganzas y monstruos que hunden sus raíces, según los folcloristas, en los miedos y el inconsciente colectivo y se subliman gracias a la siempre rica imaginación popular. La edición se enriquece con las inolvidables ilustraciones a color y en negro de Arthur Rackham, un clásico de la literatura infantil y juvenil.",https://ww3.lectulandia.co/book/cuentos-populares-ingleses/,Aventuras,2026-09-08T18:30:40
Memorias de Cienfuegos,['Alberto Vázquez-Figueroa'],"['Aventuras', 'Histórico', 'Novela']",Cienfuegos,"El extraordinario pelirrojo que con mil peripecias recorriera el Nuevo Mundo desde que cruzara el «Océano Tenebroso» embarcado en una de las naves de Cristóbal Colón se ha convertido en el personaje del Viejo Continente que más conocimiento acumula sobre derroteros y sobre un nuevo continente aún desconocido pero del que ya sabe que juega un papel crucial para el futuro de las naciones que se lo disputan. El «Tratado de Tordesillas», firmado en 1494 entre los Reyes Católicos y Juan II de Portugal, y que pasará a la posteridad como uno de los más sensatos de la Historia, fijó las reglas de juego entre españoles y portugueses para el reparto de las rutas y derroteros de navegación del nuevo continente, la información más deseada y secreta de la época, con consecuencias inimaginables y definitivas para el curso de los acontecimientos posteriores y de la Historia. Interrogado por el marqués de Peñagrande, enviado especial de Carlos V, el universal gomero nos transportará con sus memorias a los hitos imprescindibles del descubrimiento de América, su cultura, gente, alimentación, prodigios y peligros en un viaje sin igual y que sin duda representa la obra cumbre de la brillante carrera literaria de Alberto Vázquez-Figueroa.",https://ww3.lectulandia.co/book/memorias-de-cienfuegos/,Aventuras,2026-09-08T18:30:42
El viajero bajo el resplandor de la luna,['Antal Szerb'],"['Aventuras', 'Novela']",,"Mihály, vástago inadaptado de una familia burguesa de Budapest, a sus treinta y seis años llega a Italia en su luna de miel. Casi sin querer, abandona a su flamante esposa en una estación de ferrocarril y comienza un itinerario tan disparatado como onírico. Una novela de aventuras, de pasión y de viajes por la Europa de entreguerras. Un clásico de la literatura húngara.",https://ww3.lectulandia.co/book/el-viajero-bajo-el-resplandor-de-la-luna/,Aventuras,2026-09-08T18:30:44
Carthago Nova,['Claudio Rossi'],"['Aventuras', 'Histórico', 'Novela']",Quintilio: vida entre República e Imperio,"La batalla de Filipos y la derrota de Bruto y Casio no han sido suficientes para restaurar la paz en Roma. Los oficiales del bando perdedor se trasladan a sus nuevos destinos y en la Urbe las proscripciones siembran la muerte entre los patricios que habían apoyado el sueño republicano de los cesaricidas. Mientras se desarrollan los juegos de poder de los triunviros, Quintilio, un agrimensor civil que sirve en el Cuerpo de Ingenieros del ejército junto a su secretario griego Hicesio, es enviado a Hispania, a la guarnición de Carthago Nova, de cuyas ricas minas viene la plata con la que la ceca romana acuña las monedas para pagar a las legiones. Carthago Nova es una ciudad tranquila, pero el trabajo en las minas no está exento de riesgos: la vetas, explotadas desde hace siglos, encierran trampas mortales, e incluso entregar a Roma los lingotes obtenidos del mineral de plata resulta cualquier cosa menos sencillo.",https://ww3.lectulandia.co/book/carthago-nova/,Aventuras,2026-09-08T18:30:47
Sherlock Holmes anotado II,['Arthur Conan Doyle'],"['Aventuras', 'Intriga', 'Policíaco', 'Relato']",Sherlock Holmes anotado,"El lector tiene en sus manos el punto culminante de la publicación sobre Sherlock Holmes más importante de las últimas cuatro décadas, editada por una de las máximas autoridades sherlockianas del mundo, Leslie S. Klinger; una obra que atraerá a todos los lectores y aficionados a los grandes libros. Sus páginas contienen los cuatro «relatos largos» de Sherlock Holmes publicados entre 1887 y 1915, «Estudio en escarlata», «El signo de los cuatro», «El sabueso de los Baskerville» y «El valle del miedo». Quienes no conozcan al famoso detective apreciarán la clara presentación que hace Klinger de cada una de las novelas en el orden original en que fueron publicadas, mientras que los sherlockianos experimentados quedarán cautivados por las casi 1.000 notas cuidadosamente investigadas que ofrecen amplia y precisa información histórica sobre la Inglaterra victoriana y eduardiana, además de detalladas explicaciones sobre las teorías sherlockianas más importantes. Además, Klinger ha recopilado alrededor de 400 ilustraciones contemporáneas y fotografías de época que incluyen el trabajo de los primeros ilustradores norteamericanos, el del inmerecidamente olvidado artista alemán Richard Gutschmidt y todos los legendarios dibujos de Sidney Paget para «Strand Magazine». Este volumen final de Sherlock Holmes anotado incluye una extensa bibliografía y una tabla cronológica que presenta sencillas referencias a las fechas más destacadas de las vidas de Holmes, Watson y Conan Doyle.",https://ww3.lectulandia.co/book/sherlock-holmes-anotado-ii/,Aventuras,2026-09-08T18:30:50
Misión en la II Guerra Mundial,"['Marc Kornblatt', 'Susan Nanus']","['Aventuras', 'Interactivo', 'Juvenil', 'Novela']",La máquina del tiempo,AÑO 1940 Has viajado a Europa retrocediendo en el tiempo hasta la II Guerra Mundial . Te ocultas de los soldados alemanes en el desván de una casa de Varsovia. Un chico judío del movimiento de resistencia te ofrece ayuda para huir. Tienes que actuar deprisa. ¿Arriesgas la vida en las calles del ghetto de Varsovia con tu amigo o emprendes camino por tu cuenta? ¡Tu decisión puede llevarte a la seguridad o dejarte perdido en el tiempo! ¿Estás dispuesto a plantar cara al peligro?,https://ww3.lectulandia.co/book/mision-en-la-ii-guerra-mundial/,Aventuras,2026-09-08T18:30:51
Después del fin,['Leigh Brackett'],"['Aventuras', 'Ciencia ficción', 'Novela']",,"El presente volumen incluye dos obras de Leigh Brackett que versan sobre cómo será el mundo después de la Destrucción final. La primera, “El largo mañana”, es una novela larga con un enfoque bastante atípico e intimista con respecto al resto de la producción de esta autora. Han pasado 80 años tras la guerra final, y los supervivientes han regresado al campo, donde viven en unas condiciones similares a la Era Preindustrial. La tecnología está prohibida, así como las poblaciones de gran extensión. Las aldeas dispersas son presa de un oscuro fanatismo religioso. En este marco, dos jóvenes que ansían algo más se embarcarán en la búsqueda de un lugar mítico, donde se cree que pervive el conocimiento antiguo y la clave para el futuro de la humanidad. La segunda pieza es la novelita “La ciudadela de las Edades Perdidas”, que se desarrolla más de mil años después del gran cataclismo. Se trata de una historia mucho más pulp, más propia de Brackett, y que serviría de inspiración tanto al comic “Kamandi” como a la primera versión cinematográfica de “El planeta de los Simios”. Se trata, en suma, de dos piezas singulares en la producción de Leigh Brackett, apartadas de su cronología general, que vuelven a estar tristemente de actualidad en estos tiempos.",https://ww3.lectulandia.co/book/despues-del-fin/,Aventuras,2026-09-08T18:30:54
La montaña de oro,['Karl May'],"['Aventuras', 'Histórico', 'Novela']",,"Un joven alemán marcha a vivir aventuras al Salvaje Oeste a finales del siglo XIX. Allí conocerá al veterano westman Sam Hawkins, quién le tomará bajo su tutela y con quién emprenderá su primera aventura partiendo como topógrafo en una expedición hacía territorio indio. Allí no tardará en labrarse un nombre, Old Shatterhand, y conocerá al noble Winnetou y a sus enemigos, tanto blancos como rojos, con quienes lidiará en sus viajes.",https://ww3.lectulandia.co/book/la-montana-de-oro-karl-may/,Aventuras,2026-09-08T18:30:56
Las aventuras completas de Charlie y Willy Wonka (Ilus. por Joseph Schindelman),['Roald Dahl'],"['Aventuras', 'Fantástico', 'Infantil', 'Novela']",,"Las aventuras completas de Charlie y Willy Wonka es un libro que recopila las dos famosas novelas de Roald Dahl: Charlie y la fábrica de chocolate y Charlie y el gran ascensor de cristal. Esta edición está ilustrada por Joseph Schindelman, cuyo estilo en blanco y negro aporta un toque clásico y mágico a la historia.",https://ww3.lectulandia.co/book/las-aventuras-completas-de-charlie-y-willy-wonka-ilus-por-joseph-schindelman/,Aventuras,2026-09-08T18:30:58
Los lobos de invierno,['Dan Jones'],"['Aventuras', 'Bélico', 'Histórico', 'Novela']",Los perros de Essex,"1347. Para la banda de hermanos que forman los Perros, la guerra de los Cien Años no ha hecho más que empezar. Mientras asedian Calais, la guerra se ceba en los hombres con toda su brutalidad. Por si fuera poco, los poderosos parecen querer que esta guerra sea muy larga… Arrojados al torbellino de la batalla, los Perros tienen muchas preguntas. ¿Por qué luchan realmente? ¿Y por qué le importa tanto al rey esta pequeña ciudad?",https://ww3.lectulandia.co/book/los-lobos-de-invierno/,Aventuras,2026-09-08T18:31:00
La caída del dragón,['Juan Miguel Zunzunegui'],"['Aventuras', 'Histórico', 'Novela']",Trilogía de la Independencia,"El imperio español se desmorona tras las guerras napoleónicas, el desertor realista Miguel de Montellano se ve inmerso en una serie de intrigas que lo llevan de la cárcel de San Juan de Ulúa, en Veracruz, hasta Sevilla, La Habana y Nueva Orleáns, envuelto en medio de conspiraciones contra el naciente imperio mexicano, al tiempo que trata de luchar contra un destino vaticinado por un santero cubano y una gitana española. Logias masónicas, espías norteamericanos, agentes de Simón Bolívar y hasta el fantasma de Guadalupe Victoria se ven involucrados en las conjuras contra la vida del libertador de México, mientras Sofía Guillén trata de sobrevivir a un nuevo encuentro con Alejandra de la Gándara, con la ayuda de una misteriosa extraña que se hace llamar Leonor de Moctezuma y Cortés. Distanciados por los años, y con miles de kilómetros de por medio, Sofía y Miguel intentarán terminar de embonar las piezas de un misterio que abarca a los linajes de Cortés y Moctezuma, una herencia histórica y un secreto oculto entre los restos mortales del conquistador. La caída del dragón es el inmejorable final de una vertiginosa trilogía histórica donde se cuenta la historia de la Conquista y la Independencia de México.",https://ww3.lectulandia.co/book/la-caida-del-dragon-juan-miguel-zunzunegui/,Aventuras,2026-09-08T18:31:02
Ejecución,['Sven Hassel'],"['Aventuras', 'Bélico', 'Novela']",Biblioteca Sven Hassel,"El Legionario gira el cañón de la metralleta. Las pistas de humo devoran las barrigas de los oficiales. Se tumban bruscamente en la nieve, que se tiñe de púrpura. Desde el bosque se escucha gritos bestiales al avanzar una ola de soldados vestidos con pieles. Se encuentran en el frente ruso-finlandes. Las metralletas regañan hasta vaciarse los cargadores. El pelotón del Viejo, con el gigante Hermanito y Porta en los papeles principales, lucha salvajemente detrás de la lineas rusas. Sven Hassel fue mandado a un batallón de castigo como soldado raso en el ejercito alemán. Con un realismo cercano y brutal narra las atrocidades de la guerra, los crímenes de los nazis y el humor cínico y tosco de los soldados. Con unas ventas superiores a los 50 millones de ejemplares son los libros de guerra más vendidos en el mundo.",https://ww3.lectulandia.co/book/ejecucion/,Aventuras,2026-09-08T18:31:04
Fiesta,['Ernest Hemingway'],"['Aventuras', 'Drama', 'Novela']",,"Escrita en 1926, Fiesta está considerada la primera obra de importancia de Hemingway. En ella describe la historia de una serie de personajes pertenecientes a la llamada «generación perdida» del período de entreguerras, de viaje por Francia y España. Tras la Primera Guerra Mundial Jake Barnes —un periodista norteamericano incapacitado sexualmente por una herida de guerra— y Brett Ashley —enfermera en la contienda, durante la que ambos mantuvieron una relación—, se reencuentran en el París del período de entreguerras donde se relacionarán con la comunidad norteamericana. Gran parte de la ambientación de la parte inicial de la novela girará en torno a este colectivo y a los lugares que frecuenta.Desde allí Jake, Brett y sus compañeros Cohn, Bill y Mike se dirigen a España para pescar y para asistir a los Sanfermines, en Pamplona. Durante las fiestas, descritas al detalle, se sucederán una serie de problemas amorosos protagonizados por Brett, en los que intervienen Michael, su prometido, Cohn, con el que ha mantenido un romance semanas antes y Pedro Romero, una torero prometedor y en los que se remarcará la posición de Barnes como simple espectador. Tras acabar las fiestas el grupo se disolverá, terminando la historia en Madrid. Fiesta fue la obra que lanzó a Ernest Hemingway como uno de los principales escritores de su tiempo. El éxito de la novela hizo que en 1957 fuese llevada al cine por Henry King.",https://ww3.lectulandia.co/book/fiesta/,Aventuras,2026-09-08T18:31:06
Misión en Attica,['Claudio Rossi'],"['Aventuras', 'Histórico', 'Novela']",Quintilio: vida entre República e Imperio,"En el año 47 a.C., mientras la República de Roma trata de salir de la guerra civil entre César y Pompeyo, el joven agrimensor Quintilio está enfrascado con una unidad de ingenieros del ejército en la reordenación de terrenos agrícolas al sur de Eporedia. Por fortuna para él, unos oficiales de alto rango de la facción de César le libran de su aburrimiento y le involucran en una insólita investigación que pretende esclarecer el repentino y sospechoso enriquecimiento, y de origen desconocido, por parte de algunos generales destinados en la provincia de Macedonia. La investigación se centra en unas antiguas minas, abandonadas desde hace siglos en Attica, y se rumorea, incluso, la existencia de un tesoro que habría sido abandonado por Filipo II, el padre de Alejandro Magno. En el viaje también le acompaña el liberto Hicesio, un literato experto en cálculos matemáticos. El viaje a la provincia de Macedonia llevará a Quintilio a acalorados encuentros, pero son tiempos difíciles: guerra civil y traiciones, una corrupción desenfrenada, oficiales sedientos de dinero y de gloria, y un sinfín de intrigas políticas, complican la vida del agrimensor, que tendrá que encontrar una solución a su intrincada investigación.",https://ww3.lectulandia.co/book/mision-en-attica/,Aventuras,2026-09-08T18:31:09
El laberinto de la bestia,['Emily Rodda'],"['Aventuras', 'Fantástico', 'Juvenil', 'Novela']",Deltora,"Lief, Barda y Jasmine siguen buscando las siete piedras del cinturón de Deltora para poder alejar del reino al temible Señor de la Sombra. Ya han encontrado cinco, pero para ello han tenido que adentrarse en los lugares más inhóspitos del reino y luchar contra los más odiados enemigos. Sin apenas fuerzas y con el Señor de la Sombra persiguiéndolos, deben proseguir su misión. Según las indicaciones del padre de Lief, la sexta piedra, la amatista —símbolo de la verdad—, se esconde en algún lugar del Laberinto de la Bestia. Allí viven los temibles ols, criaturas al servicio del Señor de la Sombra, capaces de adoptar cualquier forma humana, y el vigilante de la piedra, Glus, una descomunal bestia, horriblemente pálida, parecida a una oruga.",https://ww3.lectulandia.co/book/el-laberinto-de-la-bestia/,Aventuras,2026-09-08T18:31:11
Iader,['Claudio Rossi'],"['Aventuras', 'Histórico', 'Novela']",Quintilio: vida entre República e Imperio,"Durante la Guerra Civil entre César y Pompeyo, en el año 49 a.C., Quintilio, un joven y principiante agrimensor civil, está adscrito a una unidad del cuerpo de Ingenieros militares que trabaja en la centuriación de las tierras baldías de los alrededores de Mantua, en la llanura del Po. Recientemente se ha librado de una injusta acusación de homicidio, pero para ello tuvo que colaborar con algunos oficiales de la facción de César, y ahora se está preparando una venganza contra él por parte de sus adversarios. A Quintilio no le queda otra solución que huir, intentando dejar atrás o eliminar a los sicarios que le pisan los talones. Le acompaña en la huida el liberto Hicesio, un erudito secretario de origen griego, ya de cierta edad, sobre el que pende una sentencia de muerte por los mismos motivos. La insólita pareja de fugitivos se ve obligada a realizar malabarismos moviéndose clandestinamente por las vías consulares de la Galia Cisalpina. En un intento por salvar sus vidas, los dos acaban en las inexploradas paludes del río Padusa, cerca del delta del Po, y prosiguiendo con su huida, encuentran protección en un destacamento del Cuerpo de Ingenieros que está trazando una centuriación de tierras incultas en Iader, Dalmacia. Pero las cuentas pendientes no pueden saldarse simplemente recurriendo a los tribunales, por lo que ambos tendrán que inventar una novedosa solución.",https://ww3.lectulandia.co/book/iader/,Aventuras,2026-09-08T18:31:14
"Las aventuras de Arsène Lupin, ladrón y caballero",['Maurice Leblanc'],"['Aventuras', 'Juvenil', 'Novela']",Clásicos a medida,"Adaptación de las peripecias de Arsène Lupin, el ladrón más elegante de todos los tiempos. El más peligroso ladrón de toda Francia ha sido atrapado por la policía, pero estar entre rejas no es un impedimento para que el caballero ladrón siga con sus aventuras. Encandilar a ricas herederas, asaltar un castillo inexpugnable, vengar una infamia del pasado, o enfrentarse al mismísimo Sherlock Holmes serán solo algunas de las peripecias en las que se verá envuelto el celebre Arsène Lupin. En este tomo están recogidas nueve de sus primeras narraciones, que ayudarán a conocer al personaje que creó Maurice Leblanc y que tanta fama le proporcionó.",https://ww3.lectulandia.co/book/las-aventuras-de-arsene-lupin-ladron-y-caballero/,Aventuras,2026-09-08T18:31:16
Sherlock Holmes anotado I,"['Arthur Conan Doyle', 'Leslie S. Klinger']","['Aventuras', 'Intriga', 'Policíaco', 'Relato']",Sherlock Holmes anotado,"El lector tiene en sus manos el punto culminante de la publicación sobre Sherlock Holmes más importante de las últimas cuatro décadas, editada por una de las máximas autoridades sherlockianas del mundo, Leslie S. Klinger; una obra que atraerá a todos los lectores y aficionados a los grandes libros. Sus páginas contienen los cuatro «relatos largos» de Sherlock Holmes publicados entre 1887 y 1915, «Estudio en escarlata», «El signo de los cuatro», «El sabueso de los Baskerville» y «El valle del miedo». Quienes no conozcan al famoso detective apreciarán la clara presentación que hace Klinger de cada una de las novelas en el orden original en que fueron publicadas, mientras que los sherlockianos experimentados quedarán cautivados por las casi 1000 notas cuidadosamente investigadas que ofrecen amplia y precisa información histórica sobre la Inglaterra victoriana y eduardiana, además de detalladas explicaciones sobre las teorías sherlockianas más importantes. Además, Klinger ha recopilado alrededor de 400 ilustraciones contemporáneas y fotografías de época que incluyen el trabajo de los primeros ilustradores norteamericanos, el del inmerecidamente olvidado artista alemán Richard Gutschmidt y todos los legendarios dibujos de Sidney Paget para «Strand Magazine». Este volumen final de Sherlock Holmes anotado incluye una extensa bibliografía y una tabla cronológica que presenta sencillas referencias a las fechas más destacadas de las vidas de Holmes, Watson y Conan Doyle.",https://ww3.lectulandia.co/book/sherlock-holmes-anotado-i/,Aventuras,2026-09-08T18:31:18
Los venenos de Tebas,['Claudio Rossi'],"['Aventuras', 'Histórico', 'Novela']","Suetonio, un médico en el Egipto romano","Aulo Suetonio es un entregado médico que en el año 106 d.C. sirve en la XXII Legión, acuartelada en Alejandría. Debido a desavenencias irreconciliables con los oficiales de la corte del Prefecto, se ve obligado a aceptar un traslado a la guarnición de Tebas, en el lejano Alto Egipto. Le acompaña su ayudante Honoracio, un joven egipcio en perpetua búsqueda de una ocupación acorde con su difícil carácter. La somnolienta ciudad de Tebas parece alejada de las guerras que asolan el imperio y de las conspiraciones palaciegas de la corte alejandrina: para el médico, podría ser el lugar adecuado para crearse una nueva vida. En la ciudad, además del polvo que trae el viento del desierto, aún flota el espíritu de los antiguos faraones de Egipto, y corren rumores de tesoros legendarios que sólo pueden conquistarse con astucia y audacia. Son tesoros que nadie ha visto jamás, precisamente por eso parecen más reales y al alcance de la mano. Suetonio anhela la serenidad de una vida tranquila, pero incluso en el polvoriento y enrarecido calor de Tebas se tejen perversas y ambiguas intrigas de las que será difícil escapar.",https://ww3.lectulandia.co/book/los-venenos-de-tebas/,Aventuras,2026-09-08T18:31:20
Tres estaciones en el Nilo,['Claudio Rossi'],"['Aventuras', 'Histórico', 'Novela']","Suetonio, un médico en el Egipto romano","Estamos en el año 105 d. C., Trajano es el emperador de la provincia Imperial de Egipto. El médico Suetonio sirve en la XXII legión asentada en Nicópolis, en las afueras de Alexandria. Aunque es hábil en su trabajo, por naturaleza tiende a simplificar las cosas y si la ocasión se presenta, no duda en utilizar cualquier triquiñuela para conseguir lo que quiere. En verdad, él no es el único que quiere medrar rápidamente: en Alexandria todos los oficiales intentan mejorar como sea su situación, ya que en esta ciudad la posición que se ocupa tiene mucho más valor que en ninguna otra parte del Imperio. No en vano Egipto es la rica Provincia que permite al Emperador mantener su poder y abastece a Roma con su trigo. Sin embargo, en el Egipto de oportunistas y traidores es muy posible —también para los oficiales o los médicos— llegar a arriesgar la vida durante la búsqueda de oportunidades que resultan engañosas. Suetonio es brillante y capaz de encontrar soluciones para todos los sucesos inesperados que se interponen en su camino pero, a veces, sus soluciones abren la puerta a nuevos y mayores problemas…",https://ww3.lectulandia.co/book/tres-estaciones-en-el-nilo/,Aventuras,2026-09-08T18:31:22
"Cefalox, el cibercalamar",['Adam Blade'],"['Aventuras', 'Ciencia ficción', 'Infantil', 'Novela']",Aqua fieras,"Cuando su padre es secuestrado por Céfalox, el cibercalamar, Max los sigue. ¿Es Max lo suficientemente valiente y listo como para sobrevivir? ¿Y descubrira quién controla a las aquafieras?",https://ww3.lectulandia.co/book/cefalox-el-cibercalamar/,Aventuras,2026-09-08T18:31:25
Charlie y el gran ascensor de cristal (Ilus. por Quentin Blake),['Roald Dahl'],"['Aventuras', 'Fantástico', 'Infantil', 'Relato']",,"El señor Wonka, dueño de la magnífica fábrica de chocolate, ha escondido cinco billetes de oro en sus chocolatinas. Quienes los encuentren serán los elegidos para visitar la fábrica. Charlie tiene la fortuna de encontrar uno de esos billetes y, a partir de ese momento, su vida cambiará para siempre.",https://ww3.lectulandia.co/book/charlie-y-el-gran-ascensor-de-cristal-ilus-por-quentin-blake/,Aventuras,2026-09-08T18:31:26
El hombre que trasladaba las ciudades,['Carlos Droguett'],"['Aventuras', 'Novela']",,"Esta es una historia loca porque la España del siglo XVI también era un ser loco, desmesurado, profundamente práctico, soñador, vagabundo, extraordinariamente lírico, llena de tipos trashumantes como el lazarillo de Tormes y Francisco Pizarro, el cuidador de puercos. La conquista de América pertenece también, en cierto modo, a la novela picaresca, es tragicómica como ella, es, por lo menos, tan fantástica y real como el Quijote. Cervantes escribió El hospital de los podridos. Ese hospital es también España; cuando comienza la conquista, ella envía a sus podridos a convalecer a América; algunos sanan; otros se pudren más.",https://ww3.lectulandia.co/book/el-hombre-que-trasladaba-las-ciudades/,Aventuras,2026-09-08T18:31:28
Horizontes perdidos (Ilustrado),['James Hilton'],"['Aventuras', 'Novela']",Biblioteca Oro Azul,"No hay en la Tierra ningún otro valle como el de Shangri-La. Situado en las recónditas montañas de Blue Moon, es un lugar mágico, en el que nadie envejece, en el que nadie piensa en la muerte. En «HORIZONTES PERDIDOS» —⁠que marca un capítulo aparte en la obra del autor, no sólo por su tema, sino por las implicaciones filosóficas que trascienden la idea de la novela⁠—, Hilton nos cuenta la aventura de unos seres empujados hacia Shangri-La contra su voluntad, entre los que destaca Hugh Conway, sugestionado por la fascinación de la vida eterna. Novela de concepción extremadamente original, «HORIZONTES PERDIDOS» alterna situaciones de fuerte tensión dramática con otras de sosegada belleza o de delicado humorismo. Esta obra dio lugar, en su día, a un inolvidable filme del mismo título, dirigido por Frank Capra e interpretado por Ronald Colman.",https://ww3.lectulandia.co/book/horizontes-perdidos-ilustrado/,Aventuras,2026-09-08T18:31:31
"El paso de los reyes, parte I",['Pedro J. Alcántara'],"['Aventuras', 'Fantástico', 'Novela']",Erol,"Erol, movido por su incansable curiosidad y el deseo de asegurar una paz duradera entre los rinhenduris y las velkra, se adentra en la Espina con la esperanza de hallar en el proceso una explicación a su vuelta a la vida tras la incursión de los shámaros en Kálahar. Una vez en la cordillera, rodeado por los míticos lagartos gigantes de los rinhenduris, guerreros de habilidades sobrehumanas y profecías propias de sueños febriles, comprenderá que el mundo le reserva un destino de proporciones tan poderosas que podría tumbar los cimientos de cuanto conoce. Lo único que se interpone entre él y ese destino es el Pálido: un enemigo más antiguo que los imperios de los hombres, la ciudad de las velkra o las ambiciones de los reyes. Junto a Zúral, buscará la manera de alcanzar sus objetivos mientras descubre una parte de su pasado que amenaza con cambiar para siempre su forma de entender el futuro.",https://ww3.lectulandia.co/book/el-paso-de-los-reyes-parte-i/,Aventuras,2026-09-08T18:31:33
El motín del Caine,['Herman Wouk'],"['Aventuras', 'Bélico', 'Histórico', 'Novela', 'Psicológico']",,"Novela escrita por Herman Wouk y publicada en 1951. La novela ganó el premio Pulitzer en el año 1952. «El motín del Caine» se basó en la experiencia del autor a bordo de un barco de guerra en el Pacífico durante la Segunda Guerra Mundial. La novela se centra en Willie Keith, un neoyorquino adinerado asignado al barco llamado «Caine». Este joven va madurando gradualmente a lo largo del libro. Pero esta obra, es mayormente conocida por el retrato que hace del neurótico Capitán Queeg, quien se vuelve obsesionado con infracciones y situaciones mínimas, descuidando el verdadero bienestar y seguridad de su tripulación. El intelectual, y a veces cínico teniente, Tom Keefer convence al leal teniente Steve Maryk de la necesidad de sacar a Queeg de su puesto para poder preservar la supervivencia en el barco.",https://ww3.lectulandia.co/book/el-motin-del-caine/,Aventuras,2026-09-08T18:31:34
El mundo perdido (trad. Amando Lázaro Ros),['Arthur Conan Doyle'],"['Aventuras', 'Ciencia ficción', 'Novela']",,"Además del imperecedero Sherlock Holmes, el primer detective consuItor del mundo, debemos a Conan Doyle la creación de otro gran personaje, el pintoresco profesor Challenger, «una mente privilegiada encerrada en un cuerpo de Pitecántropo», cuyas opiniones científicas desatan las polémicas más encarnizadas. El mundo perdido puede considerarse la novela fundacional del género de dinosaurios, tan popular hoy en día gracias a Michael Crichton y Hollywood. La novela narra la expedición de dos científicos, un periodista y un aventurero, a la inquietante Tierra de Maple White, para demostrar a los incrédulos compañeros de ciencia del profesor Challenger la pervivencia de especies prehistóricas en nuestros días.",https://ww3.lectulandia.co/book/el-mundo-perdido-trad-amando-lazaro-ros/,Aventuras,2026-09-08T18:31:36
Tarzán de los monos (trad. Enrique Maldonado Roldán),['Edgar Rice Burroughs'],"['Aventuras', 'Novela']",Tarzán,"Tarzán de los monos es la primera de una serie de novelas escritas por Edgar Rice Burroughs acerca del personaje ficticio Tarzán. Esta historia fue publicada por primera vez en la revista pulp All Story Magazine en octubre de 1912 y editada como libro por primera vez en 1914. La historia se inicia en 1888, con la misión que la Corona británica le encomienda a John Clayton, lord Greystoke: visitar la aldea africana de Freetown en Sierra Leona y resolver los problemas con los habitantes nativos. Clayton decide viajar con su esposa embarazada, Alice Rutherford, para que así pueda ver el nacimiento de su hijo. De allí, embarcan en el Fuwalda para completar el viaje.",https://ww3.lectulandia.co/book/tarzan-de-los-monos-trad-enrique-maldonado-roldan/,Aventuras,2026-09-08T18:31:38
Ultramarina,['Malcolm Lowry'],"['Aventuras', 'Novela']",,"Ultramarina narra las peripecias de Dana Hilliot, un joven burgués de dieciocho años que, en su intento por escapar de su entorno acomodado y opresor, se enlista como ayudante en el Oedipus Tyrannus, un buque con destino a Bombay y Singapur. Publicada en 1933, Ultramarina marcó el debut literario de Malcolm Lowry, mejor conocido por Bajo el volcán . Una obra joven en la que se vislumbran con fuerza y genialidad las obsesiones y temas que abordará el autor a lo largo de toda su obra literaria. « Ultramarina es una novela de emociones, aventuras y amores borrascosos, fresca y a la vez experimentada.» —Rodrigo Fresán",https://ww3.lectulandia.co/book/ultramarina/,Aventuras,2026-09-08T18:31:40
La última ola,['Edgardo Mackay'],"['Aventuras', 'Histórico', 'Novela']",Narrativa marítima,"Novela histórica cuyo protagonista principal es un buque, un cañonero de la marina estadounidense, y su joven oficial de navegación, el teniente William C. Buchanan. Narra sus aventuras y desventuras en las costas del Océano Pacífico sudamericano, entre el término de la Guerra de Secesión y mediados del año 1868. Es así como a bordo del USS Wateree participamos del bombardeo de Valparaíso, del combate del Callao del 2 de mayo, y de las vicisitudes del primer submarino chileno, culminando con el cataclismo que asoló a la entonces peruana ciudad de Arica en agosto de 1868. Todo ello enmarcado en la magnética atracción de un mágico Valparaíso, inspirador del maduro y tierno romance del melancólico teniente Buchanan con una hermosa viuda inglesa, madre de un oficial de la Armada de Chile. La última ola describe un período histórico que involucró a tres países —Perú, Chile y España—, y del que poco sabe el público español e hispanoamericano de nuestros días. Ello constituye por sí solo un atractivo más a un interesante relato de una época ya perdida en la memoria.",https://ww3.lectulandia.co/book/la-ultima-ola/,Aventuras,2026-09-08T18:31:42
Los mercenarios de los diamantes,['John Carter'],"['Aventuras', 'Intriga', 'Novela']",,"He aquí la historia de una fabulosa operación, protagonizada por un grupo de exmercenarios, cuyo objetivo es el robo en una mina de diamantes situada en el sudeste africano. El botín puede resultar inmenso, pero entraña enormes riesgos. Frente a este maquiavélico plan se pone en marcha la acción defensiva del Sindicato Internacional del Diamante . En 1976 fue llevada al cine con el mismo título por el director Val Guest y protagonizada por: Telly Savalas, Peter Fonda, Hugh O´Brian, O.J. Simpson y Maud Adams, entre otros.",https://ww3.lectulandia.co/book/los-mercenarios-de-los-diamantes/,Aventuras,2026-09-08T18:31:44
El desafío,['Jesús Berrocal-Rangel'],"['Aventuras', 'Novela']",Narrativa marítima,"«Ahora que solo quedo yo como inútil vestigio de la última época en la que un hombre podía sentirse libre, de aquellos tiempos en que orgullosos clíperes surcaban el Caribe y el Pacífico, cuando miles de islas eran aún terra incognita y las potencias europeas colonizaban medio mundo, siento la necesidad de contar parte de mi vida» . Así comienzan las memorias de Martín Zúñiga, capitán del clíper El Desafío , quien zarpa de La Habana en 1888 para realizar un viaje que esconde un oscuro negocio. Los acontecimientos llevarán al capitán a bregar con los ciclones del Caribe, atravesar las selvas de Belice y luchar por su vida en compañía de peligrosos aventureros.",https://ww3.lectulandia.co/book/el-desafio-jesus-berrocal-rangel/,Aventuras,2026-09-08T18:31:46
El gran libro del rey Arturo y los caballeros de la mesa redonda,['John Matthews'],"['Aventuras', 'Novela']",,"Edición coleccionista de una de las leyendas más influyentes. La primera autoridad del mundo en materia artúrica reimagina la historia del rey Arturo y sus caballeros, una de las leyendas más queridas e influyentes, para un nuevo siglo en esta bella edición para coleccionistas, acompañada de magníficas ilustraciones a todo color y dibujos de la mano de John Howe, el mundialmente aclamado artista de Tolkien. Las historias del rey Arturo y Merlín, Lancelot y Ginebra, Galahad, Gawain, Tristán y el resto de los caballeros de la Mesa Redonda, así como de la búsqueda del Santo Grial, no han dejado de apreciarse a lo largo de los siglos y son la inspiración de muchas novelas de fantasía modernas, películas y series. Estas leyendas comenzaron cuando un misterioso héroe celta llamado Arturo entró en el escenario de la historia en algún momento del siglo VI, lo que generó una gran cantidad de relatos orales que unos 900 años más tarde Thomas Malory recogería en su obra clásica Le Morte d'Arthur (La muerte de Arturo). El gran libro del rey Arturo nos trae esas leyendas a la época moderna, recurriendo por primera vez a una prosa accesible para lectores contemporáneos. Además de las historias incluidas en La muerte de Arturo, John Matthews incluye numerosos relatos de Arturo y sus caballeros que o bien Malory desconocía o bien estaban escritos en otros idiomas, como la historia de Avenable, la muchacha que se hizo pasar por hombre y se convirtió en un caballero famoso; Morien, cuyas aventuras son tan fantásticas y emocionantes como cualquiera de las que encontramos en la obra de Malory; y una versión de la vida de Gawain, el caballero favorito de la Mesa Redonda, desde su extraño nacimiento e infancia en la pobreza hasta su ascensión al cargo más importante de todos: emperador de Roma. Además, aquí encontramos también algunos de los relatos más tempranos sobre Arturo, derivados de la tradición céltica. El héroe épico aparece representado en historias tan poderosas como «Las aventuras del Niño Águila» y «La llegada de Merlín», basada en el texto medieval temprano La vida de Merlín, en la que se nos cuenta una versión totalmente nueva de la historia del gran hechicero.",https://ww3.lectulandia.co/book/el-gran-libro-del-rey-arturo-y-los-caballeros-de-la-mesa-redonda/,Aventuras,2026-09-08T18:31:49
La espada de Atila,['Michael Curtis Ford'],"['Aventuras', 'Novela']",,"Los hunos y los romanos eran aliados. Para sellar ese pacto, el rey de los bárbaros envió al joven Atila a Roma, y los romanos pusieron como garante a Aetius Flavius, hijo de un general, que crecería entre los guerreros nómadas del norte. El destino quiso que entre Atila y Flavius naciera una gran amistad, y que años más tarde se enfrentaran a muerte en una batalla que habría de decidir la suerte del maltrecho Imperio romano y pondría el mundo en manos de Atila, rey de los hunos.",https://ww3.lectulandia.co/book/la-espada-de-atila-michael-curtis-ford/,Aventuras,2026-09-08T18:31:51
La sinfonía de los monstruos,['Marc Levy'],"['Aventuras', 'Drama', 'Intriga', 'Novela']",,"«Veronika es de esas mujeres que no se rinden ni en los peores momentos. Una no elige ser enfermera si acepta la derrota… Ha domesticado su soledad. Pero domar el miedo es otra cosa». Una noche, al volver a casa, Veronika descubre que su hijo de nueve años ha desaparecido. Desamparadas, ella y su hija adolescente Lilya tratan de entender dónde se han llevado a Valentyn. Moverán cielo y tierra hasta dar con el paradero del niño, la una animada por su temeridad adolescente y la otra por su determinación de madre. Pero el enemigo acecha, y Lilya y Veronika no podrán fiarse de nadie… o casi. Juntas tratarán de desbaratar «La Sinfonía de los Monstruos», un proyecto mucho más terrorífico que la ficción. A lo largo de una aventura poblada de personajes inolvidables, una madre y una hija aprenderán de nuevo a conocerse y a quererse. A través de un poderoso estilo literario, Marc Levy nos ofrece una novela magistral: una gran aventura humana en pleno corazón de la tumultuosa historia que se está narrando hoy día ante nuestros ojos. Esta novela está inspirada en hechos reales. La estimación conservadora del número de niños ucranianos secuestrados desde la invasión a gran escala de Ucrania es actualmente de 20 000. --------------------------- Reseñas: «Simplemente mágico». New York Post «Una aventura llena de suspense alrededor del mundo… Apasionante». La Stampa «Las novelas de Levy son cautivadoras. El lector queda completamente prendado». Bild am Sonntag «Las novelas de Marc Levy son entretenidas y magníficas». La Vanguardia «Los grandes escritores logran crear excelentes historias a partir de la vida cotidiana, de experiencias y sentimientos del día a día que resultan tan difíciles de explicar. Marc Levy es realmente un gran escritor». Beijing Youth Daily",https://ww3.lectulandia.co/book/la-sinfonia-de-los-monstruos/,Aventuras,2026-09-08T18:31:53
El búfalo blanco,['Richard Sale'],"['Aventuras', 'Novela']",,"El centro del relato lo ocupan dos héroes muy distintos: el nervioso, elegante y mortífero maestro del gatillo que ha llegado al territorio de Wyoming siguiendo al general Custer, «Wild» (Salvaje) Bill Hickok batidor, pistolero y leyenda viviente- en busca de su última aventura, y un indio, «Gusano», «Nadonaissioux mieyebo», que muy pronto sería conocido como Caballo Loco y más tarde lucharía en Little Big Horn. Ambos hombres comparten el mismo sueño: matar (o ser muertos) por el último de los grandes búfalos blancos cuya mística presencia les obsesiona. La búsqueda de esta criatura fabulosa (y muy real, por cierto) les conduce a las solitarias tierras altas del Oeste en su postrera época selvática; a pequeñas localidades llenas de buscadores de oro arruinados, prostitutas y asesinos; a campamentos del ejército; a las elevadas montañas, los llanos cubiertos de hierba y los poblados indios, hasta que finalmente las figuras más legendarias del Oeste -Hickok y Caballo Loco- se encuentran en un aterrador y asombroso clímax ante el enfurecido ataque del mismísimo búfalo blanco. Lleno de fascinantes personajes, figuras históricas y escenas dramáticas, con toda la leyenda y los hechos verídicos del Oeste en los agonizantes días de su salvaje gloria.",https://ww3.lectulandia.co/book/el-bufalo-blanco/,Aventuras,2026-09-08T18:31:55
James,['Percival Everett'],"['Aventuras', 'Humor', 'Novela', 'Sátira']",,"James es un libro fascinante. Una reescritura de Las aventuras de Huckleberry Finn de Mark Twain desde el punto de vista de Jim, el esclavo.Con el humor típico de Percival Everett y una inteligencia sobrecogedora, el lector vive una gran aventura, la de la libertad. James es el nombre de la dignidad. El esclavo ha visitado de forma clandestina la biblioteca de su amo y ha aprendido a leer y escribir. Cuando se entera de que lo han vendido y lo van a separar de su mujer y su hija decide escaparse. En esa aventura trepidante lo acompaña Huck. Los dos se convierten en una pareja de personajes que se necesitan mutuamente no sólo para sobrevivir, también para conocerse y saber cuál es su verdadera conexión. El lenguaje es fundamental en este libro de lectura trepidante construido casi enteramente en diálogos inteligentes. Las críticas han sido excepcionales en todos los grandes medios de comunicación de Estados Unidos y Reino Unido. Considerada de forma generalizada como una obra de arte ha encumbrado a Percival Everett en la cima de los autores literarios contemporáneos de su país. Una fascinante y conmovedora lectura para todas las edades.",https://ww3.lectulandia.co/book/james/,Aventuras,2026-09-08T18:31:58
La guarida del diablo,"['Douglas Preston', 'Lincoln Child']","['Aventuras', 'Intriga', 'Novela']",Nora Kelly,"Tras su fulminante despido del Instituto Arqueológico de Santa Fe, Nora Kelly acepta hacerse cargo de un proyecto financiado por un filántropo millonario: investigar el famoso incidente Roswell, donde en los años cuarenta hubo un teórico contacto alienígena posteriormente encubierto por el gobierno de los Estados Unidos. Un examen pormenorizado de las imágenes realizadas con un radar de penetración terrestre revela el escenario de un crimen cerca del lugar: dos cadáveres sometidos a la acción de algún tipo de ácido para dificultar su identificación y con un orificio de bala en sus cráneos, junto con un extraño artefacto de metal plateado. El hallazgo, en terreno federal, supone la entrada en escena del FBI y la llegada de la agente especial Corrie Swanson, que no tardará en descubrir que las víctimas eran dos agentes de la antigua Unión Soviética que operaban en territorio americano. A medida que Nora y Corrie profundizan en la investigación, surgen más preguntas que respuestas, y una conspiración muy poderosa parece dispuesta a todo para proteger la verdad.",https://ww3.lectulandia.co/book/la-guarida-del-diablo-lincoln-child/,Aventuras,2026-09-08T18:32:00
Las aventuras completas de Charlie y Willy Wonka,['Roald Dahl'],"['Aventuras', 'Fantástico', 'Infantil', 'Novela']",,"Las aventuras completas de Charlie y Willy Wonka reúne Charlie y la fábrica de chocolate y Charlie y el gran ascensor de cristal . En la primera historia, Charlie Bucket gana un billete dorado para visitar la mágica fábrica de Willy Wonka, donde demuestra ser el heredero ideal. En la segunda, viaja al espacio con su familia y Wonka en un ascensor mágico, enfrentando peligros y viviendo nuevas aventuras.",https://ww3.lectulandia.co/book/las-aventuras-completas-de-charlie-y-willy-wonka/,Aventuras,2026-09-08T18:32:03
Una paz cruel,['Theodor Kallifatides'],"['Aventuras', 'Histórico', 'Novela', 'Otros']",,"En Una paz cruel , la guerra civil ha terminado. Los partisanos han sido aniquilados y ha llegado el momento de reeducar a los griegos en las viejas tradiciones, como fieles cristianos y verdaderos patriotas. La familia de Minos se ha mudado a Atenas. El padre no puede ejercer como maestro por su pasado socialista y la familia vive en la penuria, castigada también por los hermanos que participaron en la lucha antifascista. Pero la vida sigue y Minos despertará a la adolescencia. Mientras el recuerdo de Rebeca todavía permanece vivo, poco a poco nuevas experiencias amorosas se apoderan de él. La Atenas de la postguerra es el telón de fondo donde escenas crueles y tiernas, burlescas y conmovedoras se alternan para ofrecernos un fresco de una vivacidad cautivadora. Así se cierra la trilogía que, en palabras del propio Kallifatides, «es lo que siempre quise decir sobre Grecia, los griegos, mi pueblo y su gente».",https://ww3.lectulandia.co/book/una-paz-cruel/,Aventuras,2026-09-08T18:32:06
Líneas rojas,['Fernando Rueda'],"['Aventuras', 'Novela', 'Policíaco']",,"El relato de cómo el agente Mikel Lejarza, El Lobo, se infiltró en una banda mafiosa y acabó con la búsqueda de más de 2000 millones de euros que iban a ser sacados de España. Una historia de espías escalofriante inspirada en un hecho real ocurrido en 2002: el tráfico de divisas de miles de millones de pesetas a un banco de Israel que posteriormente regresaban convertidas en euros para beneficiar… ¿a quién? Un true crime coral que recupera la figura —matizada— de prestigiosos infiltrados e infiltradas españoles: la historia de una conspiración mundial organizada por gobiernos poderosos y ejecutada por sus servicios de inteligencia, en la que aparecen un grupo de los mejores agentes infiltrados, unos rebeldes inadaptados bajo el influjo del trastorno de estrés postraumático.",https://ww3.lectulandia.co/book/lineas-rojas/,Aventuras,2026-09-08T18:32:08
La diosa y la serpiente,['Juan Miguel Zunzunegui'],"['Aventuras', 'Histórico', 'Novela']",Trilogía de la Independencia,"La muerte de Matamoros, Galeana y Morelos deja a la insurgencia destruida y a los antiguos aliados luchando entre sí, mientras se unen a la guerra de independencia de la Nueva España un fraile desterrado, un guerrillero español y un corsario estadounidense. Los complejos del pasado y las traiciones amenazan con destruir la libertad, así como el amor de Sofía Guillén y Miguel de Montellano. Conflictos ancestrales entre jesuitas y franciscanos, secretos de divinidades prehispánicas, conspiraciones masónicas y una antigua pugna entre la Iglesia y la Corona española por el dominio de América, todo esto en medio de la guerra y de una red de mentiras y emboscadas que Miguel y Sofía deben desenredar. Los acontecimientos de varias potencias europeas se vuelven fundamentales en el conflicto, dentro de una historia que abarca más de 300 años de mitos, conspiraciones y estrategias, que la persona menos pensada logra resolver y dar la única luz de esperanza...",https://ww3.lectulandia.co/book/la-diosa-y-la-serpiente/,Aventuras,2026-09-08T18:32:11
El monte terrible,['Emily Rodda'],"['Aventuras', 'Fantástico', 'Juvenil', 'Novela']",Deltora,"Lief, Barda y Jasmine deben seguir con su misión: recuperar las siete gemas del cinturón de Deltora, única forma de poder garantizar la paz en el reino. Ya han recuperado el rubí, el topacio dorado, el ópalo y el lapislázuli. La quinta piedra es la esmeralda, símbolo del honor, y se encuentra en el Monte Terrible, un lugar antes apacible pero ahora habitado por las temibles serpientes vraals, los odiados gnomos y el no menos malvado Gellick, un sapo inmundo al que nadie ha podido vencer jamás.",https://ww3.lectulandia.co/book/el-monte-terrible/,Aventuras,2026-09-08T18:32:14
El arado y la espada,['Theodor Kallifatides'],"['Aventuras', 'Histórico', 'Novela']",,"En El arado y la espada , los habitantes de Yalós parecen poder respirar tranquilos, tras la llegada del ejército británico y el fin de la Segunda Guerra Mundial. Pero pronto resuena de nuevo el estruendo de las armas. En el vacío de la postguerra, los fascistas toman el poder y grupos de partisanos resistentes, que ya combatieron contra los nazis, se enfrentan a ellos. La familia de Minos, el niño protagonista de la trilogía, emerge en primer plano: el tío Stelios, contador de historias y anécdotas sin fin, el maestro liberado de las cárceles nazis que por fin puede reunirse con su familia, Minos y su primer amor por una niña judía, Rebeca, los hermanos mayores, que huyen a las montañas para unirse a la resistencia contra el fascismo, y la madre, cuyo valor y fortaleza es el soporte de todos ellos.",https://ww3.lectulandia.co/book/el-arado-y-la-espada/,Aventuras,2026-09-08T18:32:16
Aurora espléndida,['Jack London'],"['Aventuras', 'Novela']",,"«Aurora Espléndida» de Jack London cuenta la historia de un grupo de mineros en Alaska durante la fiebre del oro del Klondike. La novela explora temas como la ambición, la supervivencia y la naturaleza humana en un entorno hostil. La historia sigue a personajes como el protagonista, un hombre que busca fortuna, y su relación con otros aventureros, incluyendo a una mujer que también busca su propio camino. La novela está ambientada en el norte de Alaska, un lugar inhóspito donde la vida es dura y la competencia es brutal. «Aurora Espléndida» es una novela que ofrece una visión realista y a menudo cruda de la vida en la fiebre del oro, con personajes complejos y una trama llena de acción y drama.",https://ww3.lectulandia.co/book/aurora-esplendida/,Aventuras,2026-09-08T18:32:18
La isla de la mujer dormida,['Arturo Pérez-Reverte'],"['Aventuras', 'Bélico', 'Histórico', 'Novela']",,"Una novela de mar, amor y aventuras en el Egeo durante los años de la Guerra Civil española. Abril de 1937 . Mientras en España transcurre la guerra civil, el marino mercante Miguel Jordán Kyriazis es enviado por el bando sublevado para atacar de modo clandestino el tráfico naval que desde la Unión Soviética transporta ayuda militar para la República. En la base de operaciones, una pequeña isla del mar Egeo, la vida del corsario español se cruzará en turbio triángulo con la de los propietarios, el barón Katelios y su esposa: una seductora mujer madura que busca, con fría desesperación, el modo de escapar a su destino. ---------------------------- La crítica ha dicho: «Me gusta Pérez-Reverte, me recuerda a Dumas y Salgari». Umberto Eco «El novelista más perfecto de la literatura española de nuestro tiempo». El País «Pérez-Reverte sabe cómo retener al lector a cada vuelta de página». The New York Times Book Review «Arturo Pérez-Reverte elabora sus novelas como un viejo barman español refinado y elegante que se emborrachase de vez en cuando con Corto Maltés». Minute «Pérez-Reverte ha inventado novelas y géneros que no existían en España». Alexis Grohmann «La etapa creativa que está atravesando Arturo Pérez-Reverte resulta asombrosa». Sergio Vila-Sanjuán, La Vanguardia",https://ww3.lectulandia.co/book/la-isla-de-la-mujer-dormida/,Aventuras,2026-09-08T18:32:19
Orígenes,['Alfonso Zamora Llorente'],"['Aventuras', 'Fantástico', 'Novela', 'Terror']",De Madrid al Zielo,"El teniente Iker Salvatierra es uno de los oficiales más respetados de la BRIPAC. Tras servir en Afganistán, Líbano y Mali, por fin vive tranquilo en su destacamento de Madrid. Hasta que el apocalipsis se desata en todo el planeta. Con la ayuda de su equipo de confianza, tratará de sobrevivir a los muertos y a la traición. Tras acumular más de 100.000 lectores en varios países, Alfonso Zamora Llorente pone punto y ¿final? a la saga zombi más vendida en España. ¿Te unes al equipo del teniente Salvatierra?",https://ww3.lectulandia.co/book/origenes-alfonso-zamora-llorente/,Aventuras,2026-09-08T18:32:22
Don Quijote de la Mancha (Ilust. José Luis Zazo),['Miguel de Cervantes'],"['Aventuras', 'Drama', 'Juvenil', 'Novela']",Clásicos a medida,"¿Es una locura dejarse llevar por el sentimiento? Esto es lo que hizo don Quijote: guiado por el amor, se puso el disfraz de salvador de los débiles y, armado con su lanza y sus ideales, entró en batalla contra el mal. Si esto es estar loco, que se llene el mundo de Quijotes. La presente adaptación del Quijote, dirigida al público infantil, recoge los episodios más representativos de la obra, que han sido reescritos de una forma clara y sencilla, pero respetando en todo momento el estilo del texto universal de Cervantes.",https://ww3.lectulandia.co/book/don-quijote-de-la-mancha-ilust-jose-luis-zazo/,Aventuras,2026-09-08T18:32:24
El misterio del águila,['Juan Miguel Zunzunegui'],"['Aventuras', 'Histórico', 'Novela']",Trilogía de la Independencia,"UNA NOVELA DE AVENTURAS Y AMOR, ARREBATADORA, TIERNA, ÉPICA... El misterio del águila narra una apasionada historia de amor, la de Sofía y Miguel, en plena guerra de independencia. Rivales en sus idealismos y en sus orígenes, viven separados por la contienda, pero la develación de una antigua conspiración jesuita cambia todo: sus enigmáticos linajes, los de Moctezuma y Hernán Cortés, quedan al descubierto. Y ello los unirá... El capitán realista Miguel de Montellano y la hermosa mestiza Sofía Guillén, infiltrada en las tropas insurgentes, deberán superar los obstáculos que los separan; no sólo la confrontación, sino el rencor histórico y social, además de un pasado oculto por el que los jefes del ejército realista están dispuestos a matar. Desde el siglo XVII y hasta la guerra de Independencia, una historia de aventuras, misterio, amor, lucha, ideales, conspiración y traiciones nos devela un secreto relacionado con el origen de México que los protagonistas deberán descubrir para lograr unirse, y tal vez poner fin al conflicto…",https://ww3.lectulandia.co/book/el-misterio-del-aguila/,Aventuras,2026-09-08T18:32:26
Charlie y la fábrica de chocolate (Ilus. por Quentin Blake),['Roald Dahl'],"['Aventuras', 'Fantástico', 'Infantil', 'Relato']",,"El señor Wonka, dueño de la magnífica fábrica de chocolate, ha escondido cinco billetes de oro en sus chocolatinas. Quienes los encuentren serán los elegidos para visitar la fábrica. Charlie tiene la fortuna de encontrar uno de esos billetes y, a partir de ese momento, su vida cambiará para siempre.",https://ww3.lectulandia.co/book/charlie-y-la-fabrica-de-chocolate-ilus-por-quentin-blake/,Aventuras,2026-09-08T18:32:28
Historias del ring,['Arthur Conan Doyle'],"['Aventuras', 'Relato']",,"Dentro de la extensa obra de Arthur Conan Doyle donde brillan con luz propia Sherlock Holmes y el doctor Watson, el profesor Challenger, Sir Nigel, y tantos otros, no conviene olvidar su producción de cuentos, que abarca temas tan diversos como el terror, el misterio, la aventura, los tiempos antiguos, los piratas, etc. Con su habitual maestría y su versatilidad para acertar en todos los géneros, sir Arthur recrea en los cuentos que integran el presente volumen los tiempos heroicos del boxeo y el turbio mundo de hampones y vividores que giraba a su alrededor. Se trata, pues, de una colección de relatos insólita y sorprendente, cuya lectura deparará al lector un sabio combinado de misterio y aventura humana.",https://ww3.lectulandia.co/book/historias-del-ring/,Aventuras,2026-09-08T18:32:30
Marino de España,['Alfonso Romero'],"['Aventuras', 'Histórico', 'Novela']",Narrativa marítima,"España, siglo XVI. Es tiempo de conflictos europeos, de arriesgadas aventuras coloniales, de inacabable guerra contra el Turco. Frentes y más frentes que los súbditos de su Majestad Católica deslumbrados por el fulgor de la gloria, no vacilan en cubrir a cambio de una mísera paga y la esperanza de un buen nombramiento. Acudiendo solícito a la llamada de las armas encontramos a José de Talavera, el mejor capitán de mar del rey de España, un héroe para muchos, que no solo posee las virtudes de la España de la época, sino también esos defectos llamados a atraer sobre ella las sombrías nubes de la decadencia. Su espíritu de marino, valiente y leal como pocos, es a la vez en exceso apasionado hasta el punto de embarcarle en una última lucha, más cruenta y difícil de ganar que ninguna otra al ser él mismo, su propio corazón, el enemigo a batir.",https://ww3.lectulandia.co/book/marino-de-espana/,Aventuras,2026-09-08T18:32:32
Tres corazones,['Jack London'],"['Aventuras', 'Novela']",,"Joven descendiente del pirata Henry Morgan, que le dejó una rica herencia, quiere encontrar el tesoro de su antepasado. En el camino, se encuentra con su primo lejano, también Henry Morgan. Juntos, encontrarán peligrosas aventuras, tierras desconocidas y amor.",https://ww3.lectulandia.co/book/tres-corazones/,Aventuras,2026-09-08T18:32:35
El asesino de Sharpe,['Bernard Cornwell'],"['Aventuras', 'Bélico', 'Histórico', 'Novela']",Richard Sharpe,"Si hay un hombre que puede hacer lo imposible, ése es Richard Sharpe... El teniente coronel Sharpe es un hombre con reputación. Nacido en una alcantarilla, criado en un hospicio, se unió muy joven al ejército, y ése ha sido su hogar desde entonces. Es sólo un hombre, casi una bala perdida, pero sus tan poco convencionales métodos lo convierten en una pieza muy valiosa. Aún se está asentando el polvo causado durante la batalla de Waterloo, pero el duque de Wellington, plenamente consciente de que el fin de una guerra es sólo el comienzo de otra, se prepara ya para una nueva amenaza. Puede que el ejército de Napoleón haya sido derrotado, pero un nuevo enemigo ya los acecha entre las sombras: un grupo secreto de fanáticos revolucionarios empeñados en vengar a su emperador. Y a Wellington sólo se le ocurre recurrir a Sharpe… En esta ocasión, el campo de batalla será completamente diferente: el laberinto de calles que componen la ciudad de París, donde las líneas entre amigos y enemigos se difuminan con facilidad. En esa encrucijada, y en su búsqueda del espía del que depende todo, Sharpe tendrá que derrotar a un asesino letal decidido a matar a su objetivo o morir en el intento...",https://ww3.lectulandia.co/book/el-asesino-de-sharpe/,Aventuras,2026-09-08T18:32:36
El abominable hombre de las nieves,['R. A. Montgomery'],"['Aventuras', 'Fantástico', 'Interactivo', 'Novela']",Elige tu propia aventura,"El abominable Hombre de las Nieves, ¿es real, o sólo una leyenda? Tú y tu amigo Carlos estáis dispuestos a arriesgar vuestras vidas para encontrarle. Escalaréis las más altas montañas para conseguir las primeras fotografías de ese peludo y misterioso animal. La búsqueda podría llevarte al resplandeciente paraíso de Shangri-La o a perecer enterrado bajo toneladas de nieve. Lo que te ocurra allí arriba, en el Himalaya, depende de los que tú elijas. ¡Y lo mejor es que puedes leer y releer la historia tantas veces como quieras y vivir no una, sino muchas arriesgadas aventuras!",https://ww3.lectulandia.co/book/el-abominable-hombre-de-las-nieves-2/,Aventuras,2026-09-08T18:32:38
Resistencia,['Alfonso Zamora Llorente'],"['Aventuras', 'Fantástico', 'Novela', 'Terror']",De Madrid al Zielo,"Cuando todo comenzó apenas había información. La ciudad respiraba un aire de tranquilidad, solo rota por las dudosas noticias que llegaban desde Alemania. Nadie reparó en ellas. Una apacible tarde de compras en el centro comercial La Gavia, en el barrio madrileño de Vallecas, se convertirá en la peor de las pesadillas, donde una vez más, el ser humano demostrará hasta dónde puede llegar para sobrevivir. Tres grupos diferentes. Tres formas de actuar. Un solo destino.",https://ww3.lectulandia.co/book/resistencia-alfonso-zamora-llorente/,Aventuras,2026-09-08T18:32:41
Última batalla,['Alfonso Zamora Llorente'],"['Aventuras', 'Fantástico', 'Novela', 'Terror']",De Madrid al Zielo,"Tras una precipitada huida de la capital, Alfonso y sus compañeros llegan a la ciudad de Alicante para establecerse con los supervivientes que viven en el castillo de Santa Bárbara. Una vez allí, pronto comprobarán que la convivencia con el nuevo grupo no será nada fácil. Sitiados por los infectados que abarrotan la costa, y por la tiranía del líder de la fortaleza, Ruano, acabarán partiendo a la pequeña isla de Tabarca, donde se entablará una batalla que lo cambiará todo para siempre.",https://ww3.lectulandia.co/book/ultima-batalla/,Aventuras,2026-09-08T18:32:42
Arenas movedizas,['Emily Rodda'],"['Aventuras', 'Fantástico', 'Juvenil', 'Novela']",Deltora,"Lief ha visto gracias al poder del ópalo que la cuarta piedra se encuentra en las Arenas Movedizas, un lugar inhóspito de dunas rojizas y nubes amarillas. Por el camino pasarán por una ciudad, Rithmere, donde la población parece estar muy feliz y excitada. Y no es para menos porque está a punto de celebrarse el acontecimiento más esperado por todos: los Juegos, cuyo premio para el gran campeón son mil monedas de oro. Lief, Barda y Jasmine pronto descubrirán que no es oro todo lo que reluce…",https://ww3.lectulandia.co/book/arenas-movedizas-emily-rodda/,Aventuras,2026-09-08T18:32:45
Una hija de las nieves,['Jack London'],"['Aventuras', 'Novela']",,"Entre las rocas y las nieves eternas de Alaska surge una nación nueva, al ritmo del incesante martilleo de los buscadores de oro que acuden allí a decenas de millares, atraídos por la quimera del precioso metal. Una ley férrea, la ley de la Gran Ruta, que no está escrita en ningún código, otorga a los fuertes la vida y el triunfo, y castiga a los débiles con la muerte. Las figuras de Frona y Jacob Welse, magnates de ese inmenso emporio, y las de Vance Corliss, Del Bishop y otros aventureros, parecen destacarse del relato como estatuas talladas en granito.",https://ww3.lectulandia.co/book/una-hija-de-las-nieves/,Aventuras,2026-09-08T18:32:47
Trono destrozado,['Victoria Aveyard'],"['Aventuras', 'Fantástico', 'Relato']",La Reina Roja,"UN REY SIN CORONA busca el sentido de un mundo turbado por la guerra. UNA PRINCESA PLATEADA confía su vida a un capitán Rojo en el caos de una tierra desconocida. DOS HERMANOS ENEMIGOS se encuentran por última vez. UNA MONARCA RENUNCIA a su reino para perseguir el amor. Y UNA HEROÍNA cuya chispa inició una revolución, descubre dónde descansar en paz. Adéntrate en el oscuro y peligroso mundo de Norta y los reinos contiguos con este volumen imprescindible, que incluye tres cuentos inéditos, así como numerosos mapas, árboles genealógicos, epílogos y mucho más. Esta colección magistral ofrece una mirada completamente nueva a los queridos personajes de la icónica serie La reina Roja, donde el poder es un juego peligroso y la única certeza es la traición.",https://ww3.lectulandia.co/book/trono-destrozado/,Aventuras,2026-09-08T18:32:49
Tormenta de guerra,['Victoria Aveyard'],"['Aventuras', 'Fantástico', 'Novela']",La Reina Roja,"Mare Barrow aprendió que toda victoria tiene un precio cuando fue traicionada por Cal. Ahora, decidida a proteger su corazón y a asegurar la libertad de los Rojos y los nueva-sangre como ella, Mare resuelve derrocar el reino de Norta de una vez por todas… comenzando con su nuevo monarca, el rey Maven. Pero ninguna corona se conquista sola y antes de que los Rojos se levanten, Mare debe unirse al muchacho que le rompió el corazón para poder vencer al joven que casi acaba con ella. La guerra está a punto de estallar, y aquello por lo que Mare ha dado su vida se encuentra en juego. ¿Será suficiente lograr la victoria para destronar a los reinos Plateados o se acallará a la Niña Relámpago para siempre?",https://ww3.lectulandia.co/book/tormenta-de-guerra/,Aventuras,2026-09-08T18:32:50
Matamonstruos,['Jon Bilbao'],"['Aventuras', 'Novela', 'Otros']",John Dunbar “Basilisco”,"La culminación de una de las sagas wéstern más celebradas de los últimos años. La novela definitiva de uno de los escritores clave del actual panorama narrativo español. John Dunbar, conocido como «el Basilisco», quiere dar la espalda a su pasado de brutalidad y errancia y vivir por fin en paz junto a su familia. Se asienta con Lucrecia y su hija, Felicidad, en el inhóspito Valle de las Rocas, en pleno territorio navajo. Sin embargo, hasta allí le perseguirán los enemigos más aterradores que haya conocido nunca, unos enemigos que no parecen proceder de su mismo mundo. Por su parte, Jon, el escritor creador de las aventuras del Basilisco, regresa a su pueblo natal. Pretende rehabilitar la vieja casa familiar e instalarse en ella. Mientras, en el lejano oeste, Dunbar acoge al hijo de un antiguo enemigo y duda del amor de Lucrecia, dificultades para las que su experiencia como pistolero no le ha preparado, Jon se topa con una rival que estuvo a punto de arruinarle la vida y que parece dispuesta a intentarlo de nuevo. Así, las vidas del personaje y su autor se aproximan hasta casi confundirse. Matamonstruos concluye la exitosa saga iniciada en Basilisco y continuada en Araña , y retoma personajes de sus libros anteriores, como la nouvelle Los extraños , en un cierre épico, redondo, en un magistral juego de espejos entre la realidad y la ficción.",https://ww3.lectulandia.co/book/matamonstruos/,Aventuras,2026-09-08T18:32:52
El poema de Gilgamesh (Trad. Rafael Jiménez Zamudio),['Anónimo'],"['Aventuras', 'Otros', 'Poesía']",,"Comparado con otros poemas épicos de la antigüedad, podemos ver cómo frente a la Eneida o los poemas homéricos en el poema de Gilgamesh no existen guerras ni enfrentamientos entre héroes ni entre pueblos, sino sólo enfrentamientos individuales entre hombres y monstruos, o una lucha apasionante contra la inexorabilidad de la muerte. Se muestra en él el alma desnuda del hombre, con sus alegrías y sus tristezas, sus desvelos y sus fracasos, sus ansias y sus penurias. En él asistimos a la oposición del hombre mortal frente al dios inmortal. En definitiva, no estamos ante un obra épica nacional, sino ante un poema que desafía las barreras del tiempo, fijando exclusivamente su atención en el ser humano. IMPORTANTE: Recomendamos descargar los libros de poesía en formato EPUB dado que en PDF pueden tener problemas de visualización.",https://ww3.lectulandia.co/book/el-poema-de-gilgamesh-trad-rafael-jimenez-zamudio/,Aventuras,2026-09-08T18:32:54
Aventuras del capitán Hatteras,['Julio Verne'],"['Aventuras', 'Novela']",Viajes Extraordinarios,"Segunda novela de los Viajes extraordinarios y primera obra maestra de Julio Verne, las Aventuras del capitán Hatteras es la crónica del descubrimiento del Polo Norte y uno de los más paradigmáticos ejemplos del concepto que de la literatura de aventuras tuvo su autor. En esta novela Verne da vida a dos de sus más grandes criaturas, el capitán Hatteras, desde luego, pero también uno de sus compañeros, el entrañable doctor Clawbonny. Hatteras, es el primero en esa sucesión de hombres que se bastan a sí mismos y a su voluntad. Inasequible al desaliento, animado por un único norte en su vida, Verne se complace en presentarlo bajo rasgos físicos incluso sobrehumanos: el único expedicionario al que el frío no parece afectar, cuyo organismo parece animado por un fuego interno exclusivo de él. Clawbonny, por otra parte, supone una de las creaciones humanas más inolvidables del universo verniano. Si Hatteras es el fulminante que anima a cuantos participan en su aventura, el sabio doctor es el necesario aglutinante, aquél en quien confluyen todas las voluntades gracias a su irrenunciable capacidad para la concordia. Esta novela es la historia de una obsesión, la obsesión por el Polo Norte y ¿acaso las obsesiones pueden concluir de modo absolutamente feliz?",https://ww3.lectulandia.co/book/aventuras-del-capitan-hatteras/,Aventuras,2026-09-08T18:32:55
El vuelo de la libélula,['Gabriela Exilart'],"['Aventuras', 'Histórico', 'Novela']",,"Un secreto familiar llevará a Clara al fin del mundo, donde cree que se halla el principio de su historia. Una madre que vive en otro plano, una caja que guarda un secreto y un nombre impulsan a Clara a buscar su pasado. El buque Monte Cervantes la lleva al fin del mundo para hallar a un anarquista preso por sus ideales en el penal de Ushuaia. Un naufragio, un crimen y el encuentro con un hombre de ascendencia yagan la pondrán a prueba. Nada será fácil, la señalarán con el dedo, la acusarán de delitos, sufrirá humillaciones y tendrá que demostrar su inocencia. Y allí, en esa geografía hermosa y gélida, Clara descubrirá su origen y quizás también el amor. El vuelo de la libélula es una poderosa novela histórica y romántica, con fascinantes toques de realismo mágico, que narra la fortaleza de una mujer durante el hundimiento del crucero Monte Cervantes en las aguas heladas del canal Beagle.",https://ww3.lectulandia.co/book/el-vuelo-de-la-libelula-gabriela-exilart/,Aventuras,2026-09-08T18:32:58
El viaje de san Brandán,['Benedeit'],"['Aventuras', 'Fantástico', 'Otros', 'Relato']",,"El texto de la presente edición, primera versión al castellano, fue escrito por un poeta de la corte anglonormanda de Enrique I Beauclerc, hijo de Guillermo el Conquistador, hacia 1106, y refleja ya una sociedad refinada, cuya expresión literaria culminaría medio siglo más tarde con las novelas de tipo cortés. En el repertorio de los juglares figuraba el «Viaje de San Brandan» en compañía de las aventuras de MERLÍN, TRISTÁN y el rey ARTURO. Con aquellos relatos fue cantado, recitado y leído por toda Europa durante la Edad Media. En España alcanzó tal popularidad esta leyenda del santo irlandés descubridor de paraísos, que hasta el siglo XVIII no dudaron los cartógrafos en dibujar en sus mapas a la afortunada isla de San Borondón, como octava parte del archipiélago canario. Pintoresco avatar de la leyenda brandaniana, que a partir del siglo XIX y hasta nuestros días caería también en los despropósitos nacionalistas de eruditos celtistas, que convirtieron a Brandan en descubridor de la América precolombina, junto con Eirik el Rojo. Resulta muy claro, sin embargo, que este texto del siglo XII no es diario de a bordo o libro de navegación, sino peregrinaje iniciático, aventura circular y cíclica de siete años en busca de un paraíso, añorado y finalmente hallado. El infierno constituye el más largo episodio. Relata con detalladas descripciones los suplicios y tormentos padecidos por Judas, que, como en el caso de las escenas infernales del teatro medieval, despertarían el máximo interés en el público, sin impedir el placer del «horresco referens». En contraposición a las tinieblas infernales, está el mundo de la luz: el eterno sol de las islas visitadas, el destellante tesoro de la abadía de Albea, el grial de oro que se lleva el abad como prenda, después de penetrar con monjes y con barco en una columna de cristal por debajo del mar, las piedras preciosas que entrega el doncel a Brandán al final de su paseo por el Jardín de las Delicias . Como en todos los textos, el único mundo recorrido es el de la literatura, y el «Viaje de San Brandán» engarza en una red contextual, desde la nave de Eneas, la edad de oro ovidiana, trasplantada al jardín edénico, hasta la tradición de los cuentos árabes y el purgatorio de Dante; por tanto, de obligada lectura para quien quiera conocer las claves de nuestra herencia cultural.",https://ww3.lectulandia.co/book/el-viaje-de-san-brandan/,Aventuras,2026-09-08T18:33:00
El hijo del virrey,['Pedro Zarraluki'],"['Aventuras', 'Juvenil', 'Novela']",,"Una novela de aventuras que recuerda las emocionantes historias de Twain, Salgari o Stevenson y que combina humor y acción en un inolvidable alegato contra la guerra. Antón y Darío, dos jóvenes de 15 años, viven inmersos en la actividad comercial del puerto de Cartagena de Indias, uno de los más importantes de la época colonial. Antón es hijo del virrey y un muchacho reflexivo, pacífico, tímido y temeroso de su distante padre; y su amigo Darío, un joven mestizo cartagenero, inquieto, ávido de aventuras y que cree poseer poderes adivinatorios. Juntos se pierden por la ciudad en interminables correrías, cabalgan a través de la selva, van de pesca, observan a las chicas, y se preguntan qué tendrán que hacer para besar a una de ellas. Pero su despreocupada rutina cambiará cuando, en la primavera de 1741, comience el asedio británico que desembocará en la sangrienta batalla de Cartagena de Indias.",https://ww3.lectulandia.co/book/el-hijo-del-virrey/,Aventuras,2026-09-08T18:33:02
Los Mimpins (Ilustrado por Patrick Benson),['Roald Dahl'],"['Aventuras', 'Fantástico', 'Infantil', 'Relato']",,"El pequeño Billy no cree las historias de su madre sobre todos los monstruos que viven en el bosque, pero pronto descubre que Gaznatehediondo-abrasotrañas-zampavivientes, una criatura que escupe humo ardiente, es muy real, al igual que los diminutos Mimpins, cuyo mundo en miniatura está en peligro. Un relato de aventuras con elementos mágicos sobre el trasfondo de una cuestión básica: la lucha entre el bien y el mal.",https://ww3.lectulandia.co/book/los-mimpins-ilustrado-por-patrick-benson/,Aventuras,2026-09-08T18:33:04
James y el melocotón gigante (Ilustrado por Nancy Burkert),['Roald Dahl'],"['Aventuras', 'Infantil', 'Relato']",,"James es un niño huérfano que vive con sus dos horribles tías en una casa destartalada… Pero una misteriosa poción va a cambiar su vida por completo. Montado en un melocotón gigante, James inicia un fantástico viaje por el mundo entero…",https://ww3.lectulandia.co/book/james-y-el-melocoton-gigante-ilustrado-por-nancy-burkert/,Aventuras,2026-09-08T18:33:06
El sueño de la espada,['Manuel Sánchez G.'],"['Aventuras', 'Histórico', 'Novela']",,"Alonso de Yáñez es el tipo de soldado que todos quieren ser. Tras luchar en los Tercios de Flandes, se ha ganado la reputación de ser el mejor espadachín de Toledo. Un capricho del destino le otorga la ocasión de proteger a un consejero de la corte. A pesar de algún malentendido, sus andanzas y buenas maneras llaman la atención del valido del rey Felipe IV, el conde-duque de Olivares, y pronto éste le encomendará dos misiones muy delicadas.... Ya dentro del ambiente cortesano, en un mundo de apariencias donde las intenciones reales suelen estar ocultas y los peligros acechan sin cesar, Alonso se verá abocado a sucesivas aventuras, en las que no faltarán acusaciones de traición, misiones secretas, peligros varios... y el amor. Novela de aventura de corte clásico, con intrigas palaciegas, lances amorosos y disputas apasionadas, El sueño de la espada nos presenta un siglo XVII que creemos conocer, pero todavía hoy nos sorprende. Gracias a una prosa templada pero que emana frescura y agilidad, Manuel Sánchez G. nos adentra, desde el punto de vista del protagonista, que escribe sus andanzas, en una corte donde nada es lo que parece y en unos lugares, Toledo, Madrid y Barcelona, y unos tiempos que todos hubiéramos querido conocer.",https://ww3.lectulandia.co/book/el-sueno-de-la-espada/,Aventuras,2026-09-08T18:33:09
La gran sequía,['Alberto Vázquez-Figueroa'],"['Aventuras', 'Novela']",,"«El espacio que ocupa una mujer en el corazón de su esposo, es el mismo que ocupa en su cama». Tal es la tradición en los aislados campamentos seminómadas de lo más profundo del desierto mauritano. Cuanto más pese y más gorda esté la mujer, más beneficio significará para la familia, por mejor dote la podrán casar. El leblouh , llaman a tal práctica ancestral de siglos que aún hoy sigue… Y, por eso, más y más las ceban con pienso de ganado… Por eso, cuando Laila cumple quince años, y tras descubrir que existen otros mundos y otras mujeres más delgadas y con mejor vida, decide escapar. Inicia entonces un viaje inaudito para una joven de su pueblo y, gracias a la ayuda de Menelik, comienza una lucha por sus sueños y su libertad. La suya y la de las mujeres como ella. Y en esa fascinante huida hacia adelante descubrirá paisajes fascinantes, personajes increíbles y el mayor problema al que se ha enfrentado, se enfrenta y se seguirá enfrentando la humanidad: la falta de agua. Alberto Vázquez Figueroa es uno de los autores más vendidos del siglo XX en lengua española, reconocido por crítica y lectores por sus grandes novelas de aventuras. Esta vez nos trae una historia que aúna dos grandes temas de máxima actualidad: la sequía y el feminismo. Leblouh : tradición de algunos pueblos de África de engordar a las mujeres hasta reventar para así ganar más dinero con ellas. Se sigue haciendo hoy en día… en contra de cualquier derecho humano.",https://ww3.lectulandia.co/book/la-gran-sequia/,Aventuras,2026-09-08T18:33:12
Assassin’s Creed: Odyssey,['Gordon Doherty'],"['Aventuras', 'Histórico', 'Novela']",Assassin's Creed,"Grecia, siglo V a.C. Kassandra es una mercenaria de sangre espartana, condenada a muerte por su familia, al exilio. Ahora se embarcará en un viaje épico para convertirse en una heroína legendaria y descubrir la verdad sobre su misterioso linaje. Embárcate en una aventura en la Grecia clásica y descubre los secretos de los Assassins.",https://ww3.lectulandia.co/book/assassins-creed-odyssey/,Aventuras,2026-09-08T18:33:14
Momo (ed. original),['Michael Ende'],"['Aventuras', 'Fantástico', 'Juvenil', 'Novela']",,"Momo es una niña muy especial, posee la maravillosa cualidad de hacer sentir bien a todo aquel que la escucha. Pero la llegada de los hombres grises, que pretenden apoderarse del tiempo de las personas, va a cambiar su vida. Será la única en no dejarse engañar y con la ayuda de la tortuga Casiopea y del Maestro Hora, emprenderá una aventura fantástica contra los ladrones de tiempo.",https://ww3.lectulandia.co/book/momo-ed-original/,Aventuras,2026-09-08T18:33:17
Pentamerón,['Giambattista Basile'],"['Aventuras', 'Fantástico', 'Juvenil', 'Relato', 'Sátira']",,"Pocos lectores saben que algunas de las más hermosas fábulas del mundo, desde Cenicienta hasta El gato con botas , antes de acabar en las páginas de Perrault y los hermanos Grimm, donde todos las descubrimos de niños, fueron recogidas de las tradiciones orales por el napolitano Giambattista Basile, quien las publicó a comienzos del siglo XVII en el dialecto barroco napolitano. El Pentamerón fue definida por Benedetto Croce como «el más antiguo, el más rico y el más artístico de todos los libros de fábulas populares» y por Italo Calvino como «el sueño de un Shakespeare napolitano». Aún hoy, cuando la mayor parte de sus páginas se han integrado en nuestra mitología íntima, este libro amable y brutal, tierno y plebeyo, sabio y popular, sigue siendo una obra maestra casi desconocida.",https://ww3.lectulandia.co/book/pentameron/,Aventuras,2026-09-08T18:33:19
Allan en Egipto o El antiguo Allan,['H. Rider Haggard'],"['Aventuras', 'Ciencia ficción', 'Novela', 'Otros']",Allan Quatermain,"Con la proverbial maestría que todos reconocen en H. Rider Haggard, autor de obras tan famosas como «Ella» y «Ayesha», desarrolla el fecundo escritor las maravillosas aventuras de Allan Quatermain en Egipto. Este personaje, espíritu aventurero de múltiples facetas, creación de Rider Haggard, presenta en este episodio de su vida un nuevo aspecto de su personalidad. Toda la deslumbrante pompa del legendario y sugestivo Oriente, sus luchas, sus ambiciones y sus ritos misteriosos, llenos de poesía, están tratados en esta novela con la estupenda habilidad de este mago de la pluma. Desde las primeras páginas el relato se apodera del lector a través de las vicisitudes de Amada, la sacerdotisa de Isis, del cazador Shabaka (Quatermain) y de Bes, el rey enano, sin que el interés decaiga por un momento. Toda la emoción del suspenso ofrece al lector la actuación de sus personajes encarando la enconada lucha con hombres y bestias por la conquista del amor, uniéndose lo maravilloso y lo fantástico con pasiones de real emoción humana, probando la facundia del autor, que confirma con esta novela su indiscutible dominio en este género literario.",https://ww3.lectulandia.co/book/allan-en-egipto-o-el-antiguo-allan/,Aventuras,2026-09-08T18:33:21
La historia de Gillion de Trazegnies,['Anónimo'],"['Aventuras', 'Relato']",,"Gillion no puede tener hijos de Marie, su esposa. Para rogar a Dios que le conceda finalmente descendencia, Gillion parte hacia Jerusalén donde es hecho prisionero, pero es salvado de la muerte por Graciana, la hija del sultán de El Cairo, que se enamora de él. En Hainaut, Marie tiene gemelos, Jean y Gérard, y pasan catorce años; Gillion no regresa y, creyéndose viudo, se casa con Graciana, la hija del sultán, mientras los gemelos van a buscarle al Oriente. Finalmente lo encuentran y le dicen que su madre todavía está viva. Regresa al país, con sus hijos y Graciana convertidos al cristianismo. Las dos mujeres entraron en el convento y permanecieron allí hasta sus últimos días mientras Gillion, llamado por el sultán, regresaba a Oriente y moría en una batalla. Su corazón está enterrado en Hainaut, cerca de sus dos esposas. La «Historia de Gillion de Trazegnies y de Dama Marie, su mujer» es una obra anónima de la literatura belga que se conoce bajo la forma de novela desde el s. XV. Fue escrita en la corte de Borgoña en honor a una gran familia de Hainaut, los Trazegnies. Está dedicado a Felipe el Bueno. Su origen parece haber estado en una pieza para ser narrada teatralmente de la cual las primeras noticias que se tienen son del s. XIV. El personaje central de la novela, Gillion de Trazegnies, no ha existido nunca: es un personaje de ficción. La novela no es una biografía ni una alabanza a una persona histórica sino una obra de creación literaria en el más pleno sentido del término. Es así como constituye un hito en la evolución de la literatura francesa. La figura central puede haber sido inspirada de alguna manera en Gilles de Trazegnies, que estuvo en el Medio Oriente y tuvo dos esposas. Sin embargo, si se lee el texto de la novela se advertirá que las diferencias novelescas son notables. El verdadero Gilles de Trazegnies acompañó al Rey San Luis de Francia a las Cruzadas y fue nombrado por este como Condestable de Francia en Tierra Santa, cargo que ocupó hasta el final de su vida. Por otra parte, no tuvo dos mujeres simultáneas sino que enviudó y se volvió a casar, por lo que lo enterraron entre sus dos esposas. Ninguna de ellas fue egipcia.",https://ww3.lectulandia.co/book/la-historia-de-gillion-de-trazegnies/,Aventuras,2026-09-08T18:33:23
Hijos de las sombras,['Fernando Gamboa González'],"['Aventuras', 'Novela']",Capitán Riley,"Hijos de las sombras transcurre inmediatamente después de los hechos narrados en la novela Tinieblas . Sin embargo, aunque es recomendable, puedes disfrutar perfectamente de esta novela corta sin haber leído las precedentes, ya que esta nueva aventura es totalmente independiente de las anteriores. Espero que la disfrutes Fernando Gamboa . Julio, 1943. Arlington, Virginia. Alguien llama con urgencia a la puerta del capitán Alex Riley en plena madrugada. Adormilado, se levanta de la cama y baja las escaleras para ver de quién se trata y, al abrir, se encuentra con tres hombres uniformados que le ordenan que los acompañen. A Riley no le queda otro remedio que obedecer, sin sospechar, ni remotamente, que a partir de ese momento se verá arrastrado a la aventura más oscura y perturbadora de su vida. Hace ya unos meses que regresó de su misión en el corazón de África, y, apenas recuperado de sus heridas, la Oficina de Inteligencia Naval vuelve a encargarle otro trabajo, uno en apariencia mucho más sencillo. Lo que aún no sabe es que esta vez deberá enfrentarse al peor enemigo imaginable. Un enemigo ancestral que solo en ocasiones se revela entre las sombras para mostrarnos quiénes somos en realidad. Un enemigo que habita en el lado más oscuro de nuestros corazones y que, cuando aparece, nos lleva a dudar de nuestra propia humanidad. En esta nueva misión nada resultará ser lo que parece, y una operación de espionaje militar pasará a convertirse rápidamente en una espantosa pesadilla de la que ninguno podrá escapar. En esta ocasión, Alex Riley tendrá que sumergirse en lo más profundo de las tinieblas, y déjame advertirte que, si te unes a él en esta nueva aventura… quizás ya no puedas regresar.",https://ww3.lectulandia.co/book/hijos-de-las-sombras/,Aventuras,2026-09-08T18:33:25
